{"Test set CV accuracies": [0.6616915422885572, 0.6169154228855721, 0.6517412935323383, 0.6417910447761194, 0.6766169154228856], "Average test set accuracy": 0.6497512437810945, "Average test set F1": 0.672682163083479, "Best Model Params": {"C": 0.01, "penalty": null}, "_timestamp": 1708375996.4137821, "_runtime": 18.216472148895264, "_step": 1, "roc_table": {"_type": "table-file", "sha256": "80f5c2653bc8f10a82a580a4f83c6978e147838e344387b7e551f5e4de880732", "size": 15941, "artifact_path": "wandb-client-artifact://kre5wjgbkmiyfulk7kwdxeqjer2h242wdp46637myz9a1fd642zzoh98r2su97av8rsth5j72u3u3vkgyznpjyat4e3hpcivx4ch0qvr6wenuqung0p5ca3r8v0n2d2w:latest/roc_table.table.json", "_latest_artifact_path": "wandb-client-artifact://kre5wjgbkmiyfulk7kwdxeqjer2h242wdp46637myz9a1fd642zzoh98r2su97av8rsth5j72u3u3vkgyznpjyat4e3hpcivx4ch0qvr6wenuqung0p5ca3r8v0n2d2w:latest/roc_table.table.json", "path": "media/table/roc_table_1_80f5c2653bc8f10a82a5.table.json", "ncols": 3, "nrows": 847}, "_wandb": {"runtime": 17}}