{"Best Model Params": {"bootstrap": true, "max_depth": 80, "max_features": 4, "min_samples_leaf": 5, "min_samples_split": 4, "n_estimators": 100}, "roc_table": {"_type": "table-file", "sha256": "6d95557e83e764a8acaead2bbbe3ee1ca1eef15ad8e96beea2e5e341f042d254", "size": 4633, "artifact_path": "wandb-client-artifact://h0ztd3czitkzbw6d0anptawwqxhymikm6ngi01u6leuykiyyudcs38eyvhmo1m2k5ht8vz853dxlg2zwp7a0vlpw1cdj0viclhirbx67ijwujlvfark67m89jexul7ck:latest/roc_table.table.json", "_latest_artifact_path": "wandb-client-artifact://h0ztd3czitkzbw6d0anptawwqxhymikm6ngi01u6leuykiyyudcs38eyvhmo1m2k5ht8vz853dxlg2zwp7a0vlpw1cdj0viclhirbx67ijwujlvfark67m89jexul7ck:latest/roc_table.table.json", "path": "media/table/roc_table_0_6d95557e83e764a8acae.table.json", "ncols": 3, "nrows": 225}, "_timestamp": 1713387898.731345, "_runtime": 551.0016720294952, "_step": 1, "CV accuracies": [0.6498054474708171, 0.6303501945525292, 0.6070038910505836, 0.6303501945525292, 0.640625], "Average CV accuracy": 0.6316269455252919, "Average CV F1": 0.06642453213881785, "Test set F1": 0.02197802197802198, "Test set accuracy": 0.6260504201680672, "_wandb": {"runtime": 550}}