{"CV accuracies": [0.7807486631016043, 0.7914438502673797, 0.7967914438502673, 0.7967914438502673, 0.7700534759358288], "Average CV accuracy": 0.7871657754010696, "Average CV F1": 0.8496106240689842, "Test set F1": 0.8263888888888888, "Best Model Params": {"C": 1.0, "penalty": "l2"}, "_timestamp": 1709839466.562057, "_runtime": 16.805743932724, "_step": 1, "roc_table": {"_type": "table-file", "sha256": "959f4bf3cffceb7c291358914e8534747dede0f459554c11c2bdeedd88755012", "size": 4867, "artifact_path": "wandb-client-artifact://77wajlc7u3s822vv3293sm5orqsiuinrlthl0r7caiyfty2vsnfs5xuqqk1zdkwlmyimldgo4n1dsxmyta8vavpzxg9cstjjtbeeldt5qz8jfy7seatf0rbwu97m12qp:latest/roc_table.table.json", "_latest_artifact_path": "wandb-client-artifact://77wajlc7u3s822vv3293sm5orqsiuinrlthl0r7caiyfty2vsnfs5xuqqk1zdkwlmyimldgo4n1dsxmyta8vavpzxg9cstjjtbeeldt5qz8jfy7seatf0rbwu97m12qp:latest/roc_table.table.json", "path": "media/table/roc_table_1_959f4bf3cffceb7c2913.table.json", "ncols": 3, "nrows": 257}, "_wandb": {"runtime": 15}}