{"Test set CV accuracies": [0.8545454545454545, 0.7090909090909091, 0.6545454545454545, 0.7777777777777778, 0.7592592592592593], "Average test set accuracy": 0.751043771043771, "Average test set F1": 0.7725269197656164, "Best Model Params": {"C": 0.01, "penalty": null}, "_timestamp": 1708600075.4396968, "_runtime": 22.898905754089355, "_step": 1, "roc_table": {"_type": "table-file", "sha256": "c466ca51509d29b5f5be4709c42519ae97b51bddd7fb83a08fbc7bc68fe14769", "size": 3293, "artifact_path": "wandb-client-artifact://sc6obvsonvctszrhosg386jf46pl9xhpqv7mppqyzdws3ht3rwdkckhu6mr8nav551k04tga916vop8gy81gbcv273ws1gl61kfjfiodi3sww40s9bxu1d08f2yjugo0:latest/roc_table.table.json", "_latest_artifact_path": "wandb-client-artifact://sc6obvsonvctszrhosg386jf46pl9xhpqv7mppqyzdws3ht3rwdkckhu6mr8nav551k04tga916vop8gy81gbcv273ws1gl61kfjfiodi3sww40s9bxu1d08f2yjugo0:latest/roc_table.table.json", "path": "media/table/roc_table_1_c466ca51509d29b5f5be.table.json", "ncols": 3, "nrows": 157}, "_wandb": {"runtime": 22}}