{"Test set CV accuracies": [0.7818181818181819, 0.6545454545454545, 0.6545454545454545, 0.6111111111111112, 0.6296296296296297], "Average test set accuracy": 0.6663299663299663, "Average test set F1": 0.7262928375971854, "Best Model Params": {"bootstrap": true, "max_depth": 80, "max_features": 4, "min_samples_leaf": 3, "min_samples_split": 4, "n_estimators": 200}, "_timestamp": 1708292236.328439, "_runtime": 281.09235095977783, "_step": 1, "roc_table": {"_type": "table-file", "sha256": "682ee54a4f1f0bfad80192926bfb043d061ed5c3963526423f898adb3eacc045", "size": 4209, "artifact_path": "wandb-client-artifact://796vfvyek6iznuopqks0y5cqjgiyzgrfnlttk5qa6pj19s5bhuxkwea1flx40o0dbvcyvrojymwk86d4yud1ebuterc60voykz5eix1hblys0ufw243ii1vnvj0wpxm1:latest/roc_table.table.json", "_latest_artifact_path": "wandb-client-artifact://796vfvyek6iznuopqks0y5cqjgiyzgrfnlttk5qa6pj19s5bhuxkwea1flx40o0dbvcyvrojymwk86d4yud1ebuterc60voykz5eix1hblys0ufw243ii1vnvj0wpxm1:latest/roc_table.table.json", "path": "media/table/roc_table_1_682ee54a4f1f0bfad801.table.json", "ncols": 3, "nrows": 201}, "_wandb": {"runtime": 280}}