{"roc_table": {"_type": "table-file", "sha256": "e0e5c10eccc9059c48062cb1b4bcba39ec5b0c3c9936bd28f462abfd0989bc29", "size": 4842, "artifact_path": "wandb-client-artifact://pnqnzbmngoc27kmhvm6noc8az0a2crwy667r3kqygv4om6lcnk7cdy160b09jzmt5iwaya0aef5d88u1jt2w07cix7or5gspgj1yr79695mxew5bso7hx38gt6j4w564:latest/roc_table.table.json", "_latest_artifact_path": "wandb-client-artifact://pnqnzbmngoc27kmhvm6noc8az0a2crwy667r3kqygv4om6lcnk7cdy160b09jzmt5iwaya0aef5d88u1jt2w07cix7or5gspgj1yr79695mxew5bso7hx38gt6j4w564:latest/roc_table.table.json", "path": "media/table/roc_table_0_e0e5c10eccc9059c4806.table.json", "ncols": 3, "nrows": 232}, "_timestamp": 1710151747.142159, "_runtime": 12.154228925704956, "_step": 1, "CV accuracies": [0.6299212598425197, 0.6692913385826772, 0.7165354330708661, 0.6771653543307087, 0.7063492063492064], "Average CV accuracy": 0.6798525184351957, "Average CV F1": 0.7141149684389354, "Test set F1": 0.7109634551495017, "Test set accuracy": 0.6813186813186813, "_wandb": {"runtime": 11}}