{"Test set CV accuracies": [0.5, 0.5544554455445545, 0.5373134328358209, 0.5323383084577115, 0.5572139303482587], "Average test set accuracy": 0.5362642234372691, "Average test set F1": 0.5934850339465869, "_timestamp": 1708638058.4374511, "_runtime": 48.45404124259949, "_step": 1, "roc_table": {"_type": "table-file", "sha256": "3ccdba1fdc8fcd037e7a8fd699208f93d9e5466bd4c57297b40feb057a9191e1", "size": 18317, "artifact_path": "wandb-client-artifact://qrlglwvfn88yz4jc3fdmsk73dzy511g57exulg19jt55ihseiebzft5pelxk0nhhppigp1tium1xj66xs3h3wx4mp13ek3xsgj1khz04ag3xhxrqojr8txwm2g27vpqf:latest/roc_table.table.json", "_latest_artifact_path": "wandb-client-artifact://qrlglwvfn88yz4jc3fdmsk73dzy511g57exulg19jt55ihseiebzft5pelxk0nhhppigp1tium1xj66xs3h3wx4mp13ek3xsgj1khz04ag3xhxrqojr8txwm2g27vpqf:latest/roc_table.table.json", "path": "media/table/roc_table_1_3ccdba1fdc8fcd037e7a.table.json", "ncols": 3, "nrows": 973}, "_wandb": {"runtime": 47}}