{"roc_table": {"_type": "table-file", "sha256": "7ef73796d1c028ff9e1eeed9dde5c6343e03eacb2f36ff8cd5c6c0712f4a814e", "size": 5711, "artifact_path": "wandb-client-artifact://ou0hgk9koi19jmf7lsv7t4a431s1bhtacba4tosv9l7tqewf3h5ym7ttg023lgux0r4f4w4u3imwxyz6357roarq6lelmz9w3vmzc4mztiit2jj68xnr8gco9lb9onu7:latest/roc_table.table.json", "_latest_artifact_path": "wandb-client-artifact://ou0hgk9koi19jmf7lsv7t4a431s1bhtacba4tosv9l7tqewf3h5ym7ttg023lgux0r4f4w4u3imwxyz6357roarq6lelmz9w3vmzc4mztiit2jj68xnr8gco9lb9onu7:latest/roc_table.table.json", "path": "media/table/roc_table_0_7ef73796d1c028ff9e1e.table.json", "ncols": 3, "nrows": 305}, "_timestamp": 1714464012.583227, "_runtime": 17.971274852752686, "_step": 1, "CV accuracies": [0.7292993630573248, 0.7929936305732485, 0.7452229299363057, 0.7707006369426752, 0.7539936102236422], "Average CV accuracy": 0.7584420341466392, "Average CV F1": 0.5314103925343807, "Test set F1": 0.6299212598425197, "Test set accuracy": 0.789865871833085, "_wandb": {"runtime": 17}}