{"Test set CV accuracies": [0.7037037037037037, 0.75, 0.6625, 0.7625, 0.7625], "Average test set accuracy": 0.7282407407407409, "Average test set F1": 0.8167714608479667, "Best Model Params": {"bootstrap": true, "max_depth": 80, "max_features": 2, "min_samples_leaf": 3, "min_samples_split": 4, "n_estimators": 200}, "_timestamp": 1708379726.752191, "_runtime": 287.286758184433, "_step": 1, "roc_table": {"_type": "table-file", "sha256": "a9272373460aca1d038a22eb28778299ab0d0a7845b9d1157b335dd7d97a3b09", "size": 4770, "artifact_path": "wandb-client-artifact://4mf6vb373csgwontcm9gkv1m2800hd1ge6rvtg1cck8htf7ud9yiaratwga2hljlq1jla68l4jx90pwknlblphvxfdul94d81wsab7f2dn9bnl9oka54qh18zzzhk0vs:latest/roc_table.table.json", "_latest_artifact_path": "wandb-client-artifact://4mf6vb373csgwontcm9gkv1m2800hd1ge6rvtg1cck8htf7ud9yiaratwga2hljlq1jla68l4jx90pwknlblphvxfdul94d81wsab7f2dn9bnl9oka54qh18zzzhk0vs:latest/roc_table.table.json", "path": "media/table/roc_table_1_a9272373460aca1d038a.table.json", "ncols": 3, "nrows": 252}, "_wandb": {"runtime": 286}}