{"roc_table": {"_type": "table-file", "sha256": "412d3697d2e4337dbcf420af1944c89702efe984136e6ad783a9a82ac791d6ec", "size": 3171, "artifact_path": "wandb-client-artifact://ckhsyv0oau4ckrdqy8mz7m136kh7otw1rgp808ov45o9biy4b1jwx3vcgqjgwqgo2rndyjyisjgk2qbhdq04gtrp1i7ytvyyaczii5cqlfx0nw5n298q9ho3n7jdrdz2:latest/roc_table.table.json", "_latest_artifact_path": "wandb-client-artifact://ckhsyv0oau4ckrdqy8mz7m136kh7otw1rgp808ov45o9biy4b1jwx3vcgqjgwqgo2rndyjyisjgk2qbhdq04gtrp1i7ytvyyaczii5cqlfx0nw5n298q9ho3n7jdrdz2:latest/roc_table.table.json", "path": "media/table/roc_table_0_412d3697d2e4337dbcf4.table.json", "ncols": 3, "nrows": 151}, "_timestamp": 1710151159.410092, "_runtime": 11.865743160247803, "_step": 1, "CV accuracies": [0.7480314960629921, 0.8188976377952756, 0.7874015748031497, 0.8503937007874016, 0.8095238095238095], "Average CV accuracy": 0.8028496437945256, "Average CV F1": 0.7834161286792864, "Test set F1": 0.8185053380782918, "Test set accuracy": 0.8131868131868132, "_wandb": {"runtime": 10}}