{"Test set CV accuracies": [0.5272727272727272, 0.45454545454545453, 0.5818181818181818, 0.5370370370370371, 0.42592592592592593], "Average test set accuracy": 0.5053198653198654, "Average test set F1": 0.535280886096305, "_timestamp": 1708637934.3955379, "_runtime": 22.81403684616089, "_step": 1, "roc_table": {"_type": "table-file", "sha256": "6afcb89c8a52c6223dc6b6df2407be583e04f8408a8eb31f2ac1d3cb275b4e91", "size": 5143, "artifact_path": "wandb-client-artifact://0dy9lvg35ainkgjgpvcyp5o91aepku7hpsxio7ulo6lduoea60bsk3dfm0wq50cs5s3zcvk633vnyoiwl16jsfoedxeug326u6f7ty3rnglcoicl7cp5jf1yaeklo37u:latest/roc_table.table.json", "_latest_artifact_path": "wandb-client-artifact://0dy9lvg35ainkgjgpvcyp5o91aepku7hpsxio7ulo6lduoea60bsk3dfm0wq50cs5s3zcvk633vnyoiwl16jsfoedxeug326u6f7ty3rnglcoicl7cp5jf1yaeklo37u:latest/roc_table.table.json", "path": "media/table/roc_table_1_6afcb89c8a52c6223dc6.table.json", "ncols": 3, "nrows": 273}, "_wandb": {"runtime": 21}}