{"Test set CV accuracies": [0.6534653465346535, 0.6039603960396039, 0.6318407960199005, 0.6169154228855721, 0.6467661691542289], "Average test set accuracy": 0.6305896261267917, "Average test set F1": 0.6962456977225764, "_timestamp": 1706625646.3629508, "_runtime": 532.7438259124756, "_step": 1, "roc_table": {"_type": "table-file", "sha256": "1770068f444ebf04ddea40f887f45cfbf046bec284e6f01e81411e37a1e343fc", "size": 17162, "artifact_path": "wandb-client-artifact://hp9jsvkb4m827s6vpqwjbvv0sdvwl3kuzbyfce1h7uqxio7fdi3thyq5imc8xccri8470gy9g6hngqjef1eh1jb8hmlreat0dnpf739b0gpw7qn8y5v3fm6g5q8slypm:latest/roc_table.table.json", "_latest_artifact_path": "wandb-client-artifact://hp9jsvkb4m827s6vpqwjbvv0sdvwl3kuzbyfce1h7uqxio7fdi3thyq5imc8xccri8470gy9g6hngqjef1eh1jb8hmlreat0dnpf739b0gpw7qn8y5v3fm6g5q8slypm:latest/roc_table.table.json", "path": "media/table/roc_table_1_1770068f444ebf04ddea.table.json", "ncols": 3, "nrows": 912}, "_wandb": {"runtime": 532}}