{"Test set CV accuracies": [0.6386138613861386, 0.5643564356435643, 0.6218905472636815, 0.5771144278606966, 0.6417910447761194], "Average test set accuracy": 0.60875326338604, "Average test set F1": 0.6638864933463047, "Best Model Params": {"criterion": "friedman_mse", "learning_rate": 0.1, "loss": "log_loss", "max_features": null, "min_samples_leaf": 1, "min_samples_split": 4, "n_estimators": 200}, "_timestamp": 1706630727.3599858, "_runtime": 1782.9450278282166, "_step": 1, "roc_table": {"_type": "table-file", "sha256": "feb6a619f58d72048dc6b1d4e44933cc4213f362e5a9d031d49dcec186bc40f8", "size": 18224, "artifact_path": "wandb-client-artifact://0lv5vn3rkn57su6fln8xhmo0iji1vt34snwvtk1tk3cbykpccvr9lutvr2gvjge5wh1p2ilth6gawkdcwqz4fygck46alml7t46hge2siq6vh7oqj5s1mczwz9219h71:latest/roc_table.table.json", "_latest_artifact_path": "wandb-client-artifact://0lv5vn3rkn57su6fln8xhmo0iji1vt34snwvtk1tk3cbykpccvr9lutvr2gvjge5wh1p2ilth6gawkdcwqz4fygck46alml7t46hge2siq6vh7oqj5s1mczwz9219h71:latest/roc_table.table.json", "path": "media/table/roc_table_1_feb6a619f58d72048dc6.table.json", "ncols": 3, "nrows": 970}, "_wandb": {"runtime": 1782}}