{"Best Model Params": {"criterion": "friedman_mse", "learning_rate": 0.05, "loss": "exponential", "max_features": "sqrt", "min_samples_leaf": 1, "min_samples_split": 4, "n_estimators": 100}, "roc_table": {"_type": "table-file", "sha256": "de8ed6434ce97255d445b00b5502778aa0c840d48cb9ba746de0ee4c3dce1603", "size": 4087, "artifact_path": "wandb-client-artifact://0dkpmulzglv7d6nxkki80z28civqmbfxyl00qxias01cyyht3151hx372vm1e1fq9b9nitsb5zw2idb6qwm55lpsgocambs0dpiqo1cwbdtcxpj5geqad0z0vk0ksix1:latest/roc_table.table.json", "_latest_artifact_path": "wandb-client-artifact://0dkpmulzglv7d6nxkki80z28civqmbfxyl00qxias01cyyht3151hx372vm1e1fq9b9nitsb5zw2idb6qwm55lpsgocambs0dpiqo1cwbdtcxpj5geqad0z0vk0ksix1:latest/roc_table.table.json", "path": "media/table/roc_table_0_de8ed6434ce97255d445.table.json", "ncols": 3, "nrows": 217}, "_timestamp": 1717717387.5918038, "_runtime": 1529.7796897888184, "_step": 1, "CV accuracies": [0.6929637526652452, 0.6993603411513859, 0.7100213219616205, 0.6950959488272921, 0.6908315565031983], "Average CV accuracy": 0.6976545842217484, "Average CV F1": 0.31578492684003984, "Test set F1": 0.3206106870229008, "Test set accuracy": 0.6563706563706564, "_wandb": {"runtime": 1529}}