{"roc_table": {"_type": "table-file", "sha256": "9cbccf6cc406aa2d11ab8c064fa095580a1b34eaae7cf2df265872534bbd968b", "size": 15010, "artifact_path": "wandb-client-artifact://a8olk3e7amqq032se93h79i8im7utsey6m1zbrj2io1w0h5ditfy273qxtstinu327wkbzn8o6gr71jt65nv4ldpuomsybf1qt842c04g0betpty08s3cyzpywzsjo99:latest/roc_table.table.json", "_latest_artifact_path": "wandb-client-artifact://a8olk3e7amqq032se93h79i8im7utsey6m1zbrj2io1w0h5ditfy273qxtstinu327wkbzn8o6gr71jt65nv4ldpuomsybf1qt842c04g0betpty08s3cyzpywzsjo99:latest/roc_table.table.json", "path": "media/table/roc_table_0_9cbccf6cc406aa2d11ab.table.json", "ncols": 3, "nrows": 800}, "_timestamp": 1710152029.9490528, "_runtime": 11.765498876571655, "_step": 1, "CV accuracies": [0.6893617021276596, 0.6829787234042554, 0.6978723404255319, 0.7191489361702128, 0.6780383795309168], "Average CV accuracy": 0.6934800163317153, "Average CV F1": 0.7309798656241698, "Test set F1": 0.7227891156462585, "Test set accuracy": 0.6756218905472637, "_wandb": {"runtime": 10}}