{"Test set CV accuracies": [0.43636363636363634, 0.5454545454545454, 0.5454545454545454, 0.42592592592592593, 0.46296296296296297], "Average test set accuracy": 0.4832323232323231, "Average test set F1": 0.48458344967694167, "_timestamp": 1708674384.0184839, "_runtime": 16.49274492263794, "_step": 1, "roc_table": {"_type": "table-file", "sha256": "3cd4a9b530ee347cf5ab9c0dbd11f3246e2f717852ceac18323b13cc9f1e350e", "size": 5247, "artifact_path": "wandb-client-artifact://zqoan08tfzzj7r62mo093zueuznti2k9xgvn2l5sw7kxezmbs4c38mtelkmpup6yvvrwir6kkyl5hrsu7gcem0ymj6kanl76p4iu2ivwmcb0lytgwyc1bmdg2ff9xrs3:latest/roc_table.table.json", "_latest_artifact_path": "wandb-client-artifact://zqoan08tfzzj7r62mo093zueuznti2k9xgvn2l5sw7kxezmbs4c38mtelkmpup6yvvrwir6kkyl5hrsu7gcem0ymj6kanl76p4iu2ivwmcb0lytgwyc1bmdg2ff9xrs3:latest/roc_table.table.json", "path": "media/table/roc_table_1_3cd4a9b530ee347cf5ab.table.json", "ncols": 3, "nrows": 277}, "_wandb": {"runtime": 15}}