{"Test set CV accuracies": [0.5636363636363636, 0.6909090909090909, 0.5272727272727272, 0.6851851851851852, 0.5925925925925926], "Average test set accuracy": 0.6119191919191919, "Average test set F1": 0.71116115951559, "Best Model Params": {"bootstrap": true, "max_depth": 80, "max_features": 4, "min_samples_leaf": 5, "min_samples_split": 4, "n_estimators": 500}, "_timestamp": 1708081919.484473, "_runtime": 305.1446530818939, "_step": 1, "roc_table": {"_type": "table-file", "sha256": "befd2c3fce4872bfbae2129b525a0031a293a2aa98dd6a5da97cd5c65db09808", "size": 5202, "artifact_path": "wandb-client-artifact://1txhihxwtswtonto7dikezmffeo1vd49grpteawaemspms6efdy0ncxe6hxiptf0q719qh01gktqu4pm9aou1dyfg2ibr45z3fw4sde28mi0mx9n2j1n682ptykef01b:latest/roc_table.table.json", "_latest_artifact_path": "wandb-client-artifact://1txhihxwtswtonto7dikezmffeo1vd49grpteawaemspms6efdy0ncxe6hxiptf0q719qh01gktqu4pm9aou1dyfg2ibr45z3fw4sde28mi0mx9n2j1n682ptykef01b:latest/roc_table.table.json", "path": "media/table/roc_table_1_befd2c3fce4872bfbae2.table.json", "ncols": 3, "nrows": 248}, "_wandb": {"runtime": 303}}