{"Test set CV accuracies": [0.5495049504950495, 0.6237623762376238, 0.6169154228855721, 0.6069651741293532, 0.582089552238806], "Average test set accuracy": 0.595847495197281, "Average test set F1": 0.6659479900142198, "_timestamp": 1708679390.157182, "_runtime": 164.680517911911, "_step": 1, "roc_table": {"_type": "table-file", "sha256": "38e1f147cde622e564e94c7899e476a73d6f48442c323fcfbc96d80814e6c2bd", "size": 17210, "artifact_path": "wandb-client-artifact://p92lft30sc12qdhm6t61jvbwq5bjbttwwt9kp2vhv5bitfviiba0r67jt75opleaod0vccuoz49mjfvq580wgmngwvpdf9bq8rjroi14awmqevy65s3gcoyaqki2stn9:latest/roc_table.table.json", "_latest_artifact_path": "wandb-client-artifact://p92lft30sc12qdhm6t61jvbwq5bjbttwwt9kp2vhv5bitfviiba0r67jt75opleaod0vccuoz49mjfvq580wgmngwvpdf9bq8rjroi14awmqevy65s3gcoyaqki2stn9:latest/roc_table.table.json", "path": "media/table/roc_table_1_38e1f147cde622e564e9.table.json", "ncols": 3, "nrows": 916}, "_wandb": {"runtime": 163}}