{"roc_table": {"_type": "table-file", "sha256": "721e70dc74e4f691e2a66794ebdd4462b7264728f73e071af6a3e543887c553b", "size": 5574, "artifact_path": "wandb-client-artifact://q9uu5uftri0mpkc3xrtv77rrywuwak5i5re7rsmv7mv0lb9lhkqvnhu3x27epx03uj01iqjhei5hwditwutl7rcmsdfo5ke5hbe9xiizlc0n0fkmlea7ia8f49t6w7vi:latest/roc_table.table.json", "_latest_artifact_path": "wandb-client-artifact://q9uu5uftri0mpkc3xrtv77rrywuwak5i5re7rsmv7mv0lb9lhkqvnhu3x27epx03uj01iqjhei5hwditwutl7rcmsdfo5ke5hbe9xiizlc0n0fkmlea7ia8f49t6w7vi:latest/roc_table.table.json", "path": "media/table/roc_table_0_721e70dc74e4f691e2a6.table.json", "ncols": 3, "nrows": 312}, "_timestamp": 1714049974.207469, "_runtime": 15.713715076446533, "_step": 1, "CV accuracies": [0.9145299145299145, 0.9342857142857143, 0.9428571428571428, 0.9342857142857143, 0.9371428571428572], "Average CV accuracy": 0.9326202686202686, "Average CV F1": 0.8981668007255147, "Test set F1": 0.893970893970894, "Test set accuracy": 0.9316353887399463, "_wandb": {"runtime": 15}}