{"Test set CV accuracies": [0.6039603960396039, 0.6336633663366337, 0.6318407960199005, 0.6616915422885572, 0.6766169154228856], "Average test set accuracy": 0.6415546032215163, "Average test set F1": 0.6830974965750771, "_timestamp": 1708606549.05784, "_runtime": 50.22079420089722, "_step": 1, "roc_table": {"_type": "table-file", "sha256": "2c8b36624a4e8455cafbfc15b035b837c5250705cbc565ce4c67a414527a66ee", "size": 17728, "artifact_path": "wandb-client-artifact://lp7u6sqqfq02k3qltnilis1o6fne9f91e7hu58k7hvwrklc558lc0t6n7d0tzu7o2rsxyxh7cgqcz91blywfxv8rjhznfdhv9qrchzlfthn1ezzyjdpk8qxxcqkk68nk:latest/roc_table.table.json", "_latest_artifact_path": "wandb-client-artifact://lp7u6sqqfq02k3qltnilis1o6fne9f91e7hu58k7hvwrklc558lc0t6n7d0tzu7o2rsxyxh7cgqcz91blywfxv8rjhznfdhv9qrchzlfthn1ezzyjdpk8qxxcqkk68nk:latest/roc_table.table.json", "path": "media/table/roc_table_1_2c8b36624a4e8455cafb.table.json", "ncols": 3, "nrows": 944}, "_wandb": {"runtime": 49}}