{"Test set CV accuracies": [0.6138613861386139, 0.6534653465346535, 0.6666666666666666, 0.7014925373134329, 0.6666666666666666], "Average test set accuracy": 0.6604305206640066, "Average test set F1": 0.6994129858637573, "Best Model Params": {"bootstrap": true, "max_depth": 80, "max_features": 2, "min_samples_leaf": 5, "min_samples_split": 4, "n_estimators": 500}, "_timestamp": 1708273383.929993, "_runtime": 597.9667789936066, "_step": 1, "roc_table": {"_type": "table-file", "sha256": "5314b7c91818586b7bfa4ee71319821ffef826cabcece96e38b475c6a924689e", "size": 17896, "artifact_path": "wandb-client-artifact://qju53cltgyr0325mogveb85ejn0uw1f8yge5x0c7tbervjwnjwdhhosfx7xtdui3w3x1e9x2wqiya7l9tnhqe3k0ps4rn3xgbjzfsolw1hov8scmoxc2lhwyau0gbsm2:latest/roc_table.table.json", "_latest_artifact_path": "wandb-client-artifact://qju53cltgyr0325mogveb85ejn0uw1f8yge5x0c7tbervjwnjwdhhosfx7xtdui3w3x1e9x2wqiya7l9tnhqe3k0ps4rn3xgbjzfsolw1hov8scmoxc2lhwyau0gbsm2:latest/roc_table.table.json", "path": "media/table/roc_table_1_5314b7c91818586b7bfa.table.json", "ncols": 3, "nrows": 950}, "_wandb": {"runtime": 597}}