{"CV accuracies": [0.5748031496062992, 0.6535433070866141, 0.49606299212598426, 0.6299212598425197, 0.5714285714285714], "Average CV accuracy": 0.5851518560179978, "Average CV F1": 0.5877508995765977, "Test set F1": 0.6780821917808219, "Test set accuracy": 0.6556776556776557, "_timestamp": 1709892262.338965, "_runtime": 416.0873260498047, "_step": 1, "roc_table": {"_type": "table-file", "sha256": "853f6a8e64c7d1a8f58891a1f2f22c0c31b9ff4712fd4fb946deee740dfb1dfc", "size": 5136, "artifact_path": "wandb-client-artifact://mdga5g7zxaieetujywznen9wcnzzf0mh0dbe82fmg51p13jsqk1iy5r3hmc1pyv4ctlcpue0jp37pjrzewvntkz0vtuoolqu7efwm1fnjjjdmq8krg11s40epc7cvuj5:latest/roc_table.table.json", "_latest_artifact_path": "wandb-client-artifact://mdga5g7zxaieetujywznen9wcnzzf0mh0dbe82fmg51p13jsqk1iy5r3hmc1pyv4ctlcpue0jp37pjrzewvntkz0vtuoolqu7efwm1fnjjjdmq8krg11s40epc7cvuj5:latest/roc_table.table.json", "path": "media/table/roc_table_1_853f6a8e64c7d1a8f588.table.json", "ncols": 3, "nrows": 246}, "_wandb": {"runtime": 416}}