{"roc_table": {"_type": "table-file", "sha256": "f07b7c1c964b7bc7fce0be727a07e3e95189f7df37fbd1ada66041de5f6db2c1", "size": 4770, "artifact_path": "wandb-client-artifact://vdqv60oz99e4ofzm2nzvrs0sxm20k11ku4pyj8te3nxih8truzy0yhdsbd7lhn3o7vhjq9ku0y7uun7pxrhvccvcplb08bijptvphouy5r8tjrgaokuzwnu7qppog3jz:latest/roc_table.table.json", "_latest_artifact_path": "wandb-client-artifact://vdqv60oz99e4ofzm2nzvrs0sxm20k11ku4pyj8te3nxih8truzy0yhdsbd7lhn3o7vhjq9ku0y7uun7pxrhvccvcplb08bijptvphouy5r8tjrgaokuzwnu7qppog3jz:latest/roc_table.table.json", "path": "media/table/roc_table_0_f07b7c1c964b7bc7fce0.table.json", "ncols": 3, "nrows": 252}, "_timestamp": 1714050035.13884, "_runtime": 23.350005865097046, "_step": 1, "CV accuracies": [0.9116809116809117, 0.8742857142857143, 0.8685714285714285, 0.8857142857142857, 0.8714285714285714], "Average CV accuracy": 0.8823361823361824, "Average CV F1": 0.8211998837314616, "Test set F1": 0.8162393162393162, "Test set accuracy": 0.8847184986595175, "_wandb": {"runtime": 22}}