{"Test set CV accuracies": [0.4727272727272727, 0.5636363636363636, 0.5636363636363636, 0.42592592592592593, 0.4444444444444444], "Average test set accuracy": 0.49407407407407417, "Average test set F1": 0.5367334360554701, "Best Model Params": {"bootstrap": true, "max_depth": 80, "max_features": 4, "min_samples_leaf": 5, "min_samples_split": 4, "n_estimators": 300}, "_timestamp": 1708471257.542191, "_runtime": 370.48004698753357, "_step": 1, "roc_table": {"_type": "table-file", "sha256": "6389e38702056f5f69519fc54aca6f4e6245d05468d2ed7ac66be3403583479f", "size": 4940, "artifact_path": "wandb-client-artifact://p4inri0arfkgosarr5zf30kwry4vea0i7z0xgevqfofli9rz7bv8mapy68psustaqg36r19x5hqft23vpz3k823gztfna47p3xn4bd0mlw4g1eau1fc4koo45x92tqoe:latest/roc_table.table.json", "_latest_artifact_path": "wandb-client-artifact://p4inri0arfkgosarr5zf30kwry4vea0i7z0xgevqfofli9rz7bv8mapy68psustaqg36r19x5hqft23vpz3k823gztfna47p3xn4bd0mlw4g1eau1fc4koo45x92tqoe:latest/roc_table.table.json", "path": "media/table/roc_table_1_6389e38702056f5f6951.table.json", "ncols": 3, "nrows": 236}, "_wandb": {"runtime": 369}}