{"Test set CV accuracies": [0.5841584158415841, 0.5495049504950495, 0.5472636815920398, 0.6218905472636815, 0.527363184079602], "Average test set accuracy": 0.5660361558543914, "Average test set F1": 0.5985720692165788, "_timestamp": 1708604085.827179, "_runtime": 13.538780927658081, "_step": 1, "roc_table": {"_type": "table-file", "sha256": "6153bcd69fd647e37d8cd394d7105ee98380564cef3483bbe5b5d20abc3d5c8a", "size": 17467, "artifact_path": "wandb-client-artifact://rh2bv01grtmybhpnbz6yaeylaxcemguc3u0llcglkw3ibuxti13f4bsdk9psatvmu5dg1vulmsbuf7kwj4b5pak6rpw6ks2mau82cdkozoa4kdwsvxljwcxbqanlkdd2:latest/roc_table.table.json", "_latest_artifact_path": "wandb-client-artifact://rh2bv01grtmybhpnbz6yaeylaxcemguc3u0llcglkw3ibuxti13f4bsdk9psatvmu5dg1vulmsbuf7kwj4b5pak6rpw6ks2mau82cdkozoa4kdwsvxljwcxbqanlkdd2:latest/roc_table.table.json", "path": "media/table/roc_table_1_6153bcd69fd647e37d8c.table.json", "ncols": 3, "nrows": 929}, "_wandb": {"runtime": 12}}