{"roc_table": {"_type": "table-file", "sha256": "92606192b40c788eb479fa354f5f91aec982088ea540644e8a8d700cb0c75296", "size": 795, "artifact_path": "wandb-client-artifact://n0ah31xj3gfzqpctypjxkt1q7rxx4i6acfd4b8yhw7zeyypp33nwkbdrkppk2lkiq9wj340bx890ymnvwwmsfswf4cz1fhfkhu67oxkwr8cywciigi5cupm6dgrz7r4m:latest/roc_table.table.json", "_latest_artifact_path": "wandb-client-artifact://n0ah31xj3gfzqpctypjxkt1q7rxx4i6acfd4b8yhw7zeyypp33nwkbdrkppk2lkiq9wj340bx890ymnvwwmsfswf4cz1fhfkhu67oxkwr8cywciigi5cupm6dgrz7r4m:latest/roc_table.table.json", "path": "media/table/roc_table_0_92606192b40c788eb479.table.json", "ncols": 3, "nrows": 41}, "_timestamp": 1717739191.917218, "_runtime": 22.9288969039917, "_step": 1, "CV accuracies": [0.7133757961783439, 0.6730769230769231, 0.6858974358974359, 0.6794871794871795, 0.6794871794871795], "Average CV accuracy": 0.6862649028254125, "Average CV F1": 0.25760840359683174, "Test set F1": 0.27027027027027023, "Test set accuracy": 0.6447368421052632, "_wandb": {"runtime": 22}}