{"roc_table": {"_type": "table-file", "sha256": "c10c45143c1232736070b13c60a1cd68887c0bf7f2819e32a18ce828c2329fb6", "size": 4817, "artifact_path": "wandb-client-artifact://wzrllcwz27o1omtyx2b4i0dph1pb0enceetf3e0osa3djszne5y3h6qfcccngj7za6hizgcx8b7xponlabwf97yid5trlsjtb9dk1ma6wqhwo2bfgjj2pknr6g9grsfh:latest/roc_table.table.json", "_latest_artifact_path": "wandb-client-artifact://wzrllcwz27o1omtyx2b4i0dph1pb0enceetf3e0osa3djszne5y3h6qfcccngj7za6hizgcx8b7xponlabwf97yid5trlsjtb9dk1ma6wqhwo2bfgjj2pknr6g9grsfh:latest/roc_table.table.json", "path": "media/table/roc_table_0_c10c45143c1232736070.table.json", "ncols": 3, "nrows": 255}, "_timestamp": 1717146075.859537, "_runtime": 67.65491199493408, "_step": 1, "CV accuracies": [0.6247334754797441, 0.6140724946695096, 0.6460554371002132, 0.6076759061833689, 0.6609808102345416], "Average CV accuracy": 0.6307036247334754, "Average CV F1": 0.39757081883782996, "Test set F1": 0.4406779661016949, "Test set accuracy": 0.6177606177606177, "_wandb": {"runtime": 66}}