{"Test set CV accuracies": [0.5272727272727272, 0.5454545454545454, 0.43636363636363634, 0.5185185185185185, 0.6666666666666666], "Average test set accuracy": 0.5388552188552188, "Average test set F1": 0.5462965646363421, "_timestamp": 1708674353.294795, "_runtime": 18.644094944000244, "_step": 1, "roc_table": {"_type": "table-file", "sha256": "2abd2fd1e0d5c7d869b55351bddc0b94bce6f2aedb75aae4a65ead8c2fbe98a4", "size": 5130, "artifact_path": "wandb-client-artifact://bgex41ev07sqy5qen3xnnqt2l8e0zmft2t94lkr0kvyr99l88llce4n177egz596rcj4blpodweaklac2qubfild6de4ivsyf0sul7vabfic4ywvuafryrkde314fs99:latest/roc_table.table.json", "_latest_artifact_path": "wandb-client-artifact://bgex41ev07sqy5qen3xnnqt2l8e0zmft2t94lkr0kvyr99l88llce4n177egz596rcj4blpodweaklac2qubfild6de4ivsyf0sul7vabfic4ywvuafryrkde314fs99:latest/roc_table.table.json", "path": "media/table/roc_table_1_2abd2fd1e0d5c7d869b5.table.json", "ncols": 3, "nrows": 272}, "_wandb": {"runtime": 17}}