{"Test set CV accuracies": [0.6, 0.509090909090909, 0.5636363636363636, 0.5185185185185185, 0.5740740740740741], "Average test set accuracy": 0.553063973063973, "Average test set F1": 0.633238861485382, "Best Model Params": {"bootstrap": true, "max_depth": 80, "max_features": 2, "min_samples_leaf": 3, "min_samples_split": 8, "n_estimators": 100}, "_timestamp": 1708465062.050473, "_runtime": 399.0743420124054, "_step": 1, "roc_table": {"_type": "table-file", "sha256": "61f771e4d6512ddd2ce2aaec8b764e138215ae549ee8e6c552544e3efca667fa", "size": 5171, "artifact_path": "wandb-client-artifact://m8q4ano1x4uji71oyznagva6pzcw89nmgsi8i5vjvwyxw89y98r6f9dmaqxivupnr09ind68kg2ugperzw3xuf98iru1zqmd7zm4gj29lwi0ikesm6pxk01s0vleyawj:latest/roc_table.table.json", "_latest_artifact_path": "wandb-client-artifact://m8q4ano1x4uji71oyznagva6pzcw89nmgsi8i5vjvwyxw89y98r6f9dmaqxivupnr09ind68kg2ugperzw3xuf98iru1zqmd7zm4gj29lwi0ikesm6pxk01s0vleyawj:latest/roc_table.table.json", "path": "media/table/roc_table_1_61f771e4d6512ddd2ce2.table.json", "ncols": 3, "nrows": 247}, "_wandb": {"runtime": 398}}