{"Test set CV accuracies": [0.5454545454545454, 0.5818181818181818, 0.5454545454545454, 0.5370370370370371, 0.5185185185185185], "Average test set accuracy": 0.5456565656565656, "Average test set F1": 0.676346285574875, "Best Model Params": {"bootstrap": true, "max_depth": 80, "max_features": 2, "min_samples_leaf": 5, "min_samples_split": 4, "n_estimators": 500}, "_timestamp": 1708123619.655566, "_runtime": 389.63763093948364, "_step": 1, "roc_table": {"_type": "table-file", "sha256": "55b28ca7f3f55ed802b118b52fcfd5472401d1398761ee59d9b839d83b7976ba", "size": 5392, "artifact_path": "wandb-client-artifact://pzocjttbsc0m1vjuhy0adfnqnscmbespaejn9sqwdtri8tzojgo8bnbuhjtltknss5dusw7kifooeep0ce8f41tlcxbbrt8w19wzqjyqiyc3s3x32fn3e4pulctyxofc:latest/roc_table.table.json", "_latest_artifact_path": "wandb-client-artifact://pzocjttbsc0m1vjuhy0adfnqnscmbespaejn9sqwdtri8tzojgo8bnbuhjtltknss5dusw7kifooeep0ce8f41tlcxbbrt8w19wzqjyqiyc3s3x32fn3e4pulctyxofc:latest/roc_table.table.json", "path": "media/table/roc_table_1_55b28ca7f3f55ed802b1.table.json", "ncols": 3, "nrows": 258}, "_wandb": {"runtime": 388}}