{"Best Model Params": {"bootstrap": true, "max_depth": 80, "max_features": 4, "min_samples_leaf": 3, "min_samples_split": 4, "n_estimators": 100}, "accuracy": 0.6819787985865724, "f1": 0.44214876033057854, "recall": 0.36271186440677966, "precision": 0.5661375661375662, "fbeta": 0.5090390104662227, "roc_table": {"_type": "table-file", "sha256": "28fc11adc6ba32725a915da6a7670d61fd936d86a133df20eb680755af83609a", "size": 13067, "artifact_path": "wandb-client-artifact://i6f7ppddeliqlw0v7sjwidb7n86v3aa2x8m4xirlcv3hooda7plobbom8ikdguz3y0n25vnbbz0bph6wmbowkdgq4eiaw6yvgk13980d9clzui4u603bdxhb2rvcjpa3:latest/roc_table.table.json", "_latest_artifact_path": "wandb-client-artifact://i6f7ppddeliqlw0v7sjwidb7n86v3aa2x8m4xirlcv3hooda7plobbom8ikdguz3y0n25vnbbz0bph6wmbowkdgq4eiaw6yvgk13980d9clzui4u603bdxhb2rvcjpa3:latest/roc_table.table.json", "path": "media/table/roc_table_0_28fc11adc6ba32725a91.table.json", "ncols": 3, "nrows": 693}, "_timestamp": 1716913198.690633, "_runtime": 352.847617149353, "_step": 0, "_wandb": {"runtime": 352}}