{"Best Model Params": {"bootstrap": true, "max_depth": 80, "max_features": 4, "min_samples_leaf": 3, "min_samples_split": 4, "n_estimators": 300}, "accuracy": 0.6188811188811189, "f1": 0.23776223776223773, "recall": 0.14912280701754385, "precision": 0.5862068965517241, "fbeta": 0.3695652173913043, "roc_table": {"_type": "table-file", "sha256": "b67ad415785f951904535cbfa05e5d11c7e4850d7c3238da7660260c1c941b7f", "size": 5273, "artifact_path": "wandb-client-artifact://s73mtvmpe533gjl1qvncu3cxad7q70y6wytw5tcmfa1ncvsxhletld9nn7bn5841bisji66ky4ftvk15v0f9kp0xi4yxdk736sfmh94g6l1vjwzkh2vhn498mq6a6wwg:latest/roc_table.table.json", "_latest_artifact_path": "wandb-client-artifact://s73mtvmpe533gjl1qvncu3cxad7q70y6wytw5tcmfa1ncvsxhletld9nn7bn5841bisji66ky4ftvk15v0f9kp0xi4yxdk736sfmh94g6l1vjwzkh2vhn498mq6a6wwg:latest/roc_table.table.json", "path": "media/table/roc_table_0_b67ad415785f95190453.table.json", "ncols": 3, "nrows": 279}, "_timestamp": 1716939447.083107, "_runtime": 349.19242691993713, "_step": 0, "_wandb": {"runtime": 348}}