{"Test set CV accuracies": [0.509090909090909, 0.509090909090909, 0.6, 0.5555555555555556, 0.6111111111111112], "Average test set accuracy": 0.5569696969696969, "Average test set F1": 0.6149547892093733, "Best Model Params": {"bootstrap": true, "max_depth": 80, "max_features": 2, "min_samples_leaf": 5, "min_samples_split": 4, "n_estimators": 200}, "_timestamp": 1708465682.560807, "_runtime": 360.1027801036835, "_step": 1, "roc_table": {"_type": "table-file", "sha256": "9b1192904459c7536483b35f317bea58342d590869cd2e3406939f2e4c751ea5", "size": 5924, "artifact_path": "wandb-client-artifact://dy4alyowhwfy7p6b881ibqxxxp83lftmrtqaqffgvo0rtrxnk5coyj684hpcf9ulbm1ox8muif67cv92q2s77ahtljd5vc8ld74oi817n6vdb9395zadk8myqi2ywwpv:latest/roc_table.table.json", "_latest_artifact_path": "wandb-client-artifact://dy4alyowhwfy7p6b881ibqxxxp83lftmrtqaqffgvo0rtrxnk5coyj684hpcf9ulbm1ox8muif67cv92q2s77ahtljd5vc8ld74oi817n6vdb9395zadk8myqi2ywwpv:latest/roc_table.table.json", "path": "media/table/roc_table_1_9b1192904459c7536483.table.json", "ncols": 3, "nrows": 284}, "_wandb": {"runtime": 359}}