{"CV accuracies": [0.6299212598425197, 0.5748031496062992, 0.5669291338582677, 0.6377952755905512, 0.5952380952380952], "Average CV accuracy": 0.6009373828271467, "Average CV F1": 0.6101639394569979, "Test set F1": 0.6456140350877193, "Test set accuracy": 0.63003663003663, "_timestamp": 1709891066.818999, "_runtime": 435.11027693748474, "_step": 1, "roc_table": {"_type": "table-file", "sha256": "f16bdea3297d0468c5268f66e4bf532de07f2c8f42c61e3ca381bfdd5b7296b1", "size": 4827, "artifact_path": "wandb-client-artifact://3zehwa5l3e85s9aq11s11pj7kxtsw5zlq9fbyi8l21zp72dxe4w0gd28qqskspla73ojnqo0mef0iez5cwvad1ry0fng79e6x79pqv8vq3q1se7i8s3pk3m02hj2l03k:latest/roc_table.table.json", "_latest_artifact_path": "wandb-client-artifact://3zehwa5l3e85s9aq11s11pj7kxtsw5zlq9fbyi8l21zp72dxe4w0gd28qqskspla73ojnqo0mef0iez5cwvad1ry0fng79e6x79pqv8vq3q1se7i8s3pk3m02hj2l03k:latest/roc_table.table.json", "path": "media/table/roc_table_1_f16bdea3297d0468c526.table.json", "ncols": 3, "nrows": 231}, "_wandb": {"runtime": 434}}