{"Test set CV accuracies": [0.7894736842105263, 0.7894736842105263, 0.8947368421052632, 0.8421052631578947, 0.8947368421052632], "Average test set accuracy": 0.8421052631578947, "Average test set F1": 0.9082887700534759, "_timestamp": 1706267468.772314, "_runtime": 13.879006147384644, "_step": 1, "roc_table": {"_type": "table-file", "sha256": "fe663c01585d36af8832a14106b674f4f8b943360174b4954afee4ab668cafe9", "size": 1410, "artifact_path": "wandb-client-artifact://i9dh53fpzrupndqzknl5krs7splw239ka8ugbngrc0hnud86m62bsdx1ghwa4b7x52gl60krq9pbjxrrhc59yw0qedrb141wr4tedhw78v45pmk5ktgjil1h41ons95q:latest/roc_table.table.json", "_latest_artifact_path": "wandb-client-artifact://i9dh53fpzrupndqzknl5krs7splw239ka8ugbngrc0hnud86m62bsdx1ghwa4b7x52gl60krq9pbjxrrhc59yw0qedrb141wr4tedhw78v45pmk5ktgjil1h41ons95q:latest/roc_table.table.json", "path": "media/table/roc_table_1_fe663c01585d36af8832.table.json", "ncols": 3, "nrows": 66}, "_wandb": {"runtime": 13}}