{"CV accuracies": [0.8863636363636364, 0.8409090909090909, 0.8409090909090909, 0.7954545454545454, 0.8636363636363636], "Average CV accuracy": 0.8454545454545455, "Average CV F1": 0.9012113581218439, "Test set F1": 0.9032258064516129, "Best Model Params": {"criterion": "friedman_mse", "learning_rate": 0.1, "loss": "exponential", "max_features": null, "min_samples_leaf": 5, "min_samples_split": 2, "n_estimators": 100}, "_timestamp": 1709843310.043759, "_runtime": 497.0622282028198, "_step": 1, "roc_table": {"_type": "table-file", "sha256": "99412233f8addaa5cb813b39360a87d81b2fd6d4a6ce8c79c0b6336d3e74f5a7", "size": 1095, "artifact_path": "wandb-client-artifact://79k4jtzwt3pjxfoxue61mjypwmnwxw3w91x7wdjmn1wecwg8r5xdsskv5z73tbn5j0x5xgvt851h9rwvfb589whfi1a8dmzf7nyq37cxgjaly07hrrhkahh91r6igz89:latest/roc_table.table.json", "_latest_artifact_path": "wandb-client-artifact://79k4jtzwt3pjxfoxue61mjypwmnwxw3w91x7wdjmn1wecwg8r5xdsskv5z73tbn5j0x5xgvt851h9rwvfb589whfi1a8dmzf7nyq37cxgjaly07hrrhkahh91r6igz89:latest/roc_table.table.json", "path": "media/table/roc_table_1_99412233f8addaa5cb81.table.json", "ncols": 3, "nrows": 56}, "_wandb": {"runtime": 496}}