{"Test set CV accuracies": [0.4727272727272727, 0.6, 0.5454545454545454, 0.42592592592592593, 0.6481481481481481], "Average test set accuracy": 0.5384511784511785, "Average test set F1": 0.57508895090087, "Best Model Params": {"bootstrap": true, "max_depth": 80, "max_features": 4, "min_samples_leaf": 3, "min_samples_split": 4, "n_estimators": 200}, "_timestamp": 1708471777.193949, "_runtime": 416.6420040130615, "_step": 1, "roc_table": {"_type": "table-file", "sha256": "c6eec14783e28d47b8533138f1280a53c867096f7830ad72cdd63a0c9de91e1a", "size": 5047, "artifact_path": "wandb-client-artifact://6xeozemqbnpeecg739t5jioroo00obfooimlxdvqg0ch1ihtbn4uuqocddesdc6ndu0bl606ylv459t4us1l3rczyv68zawggxmgmntw8fexl0zzorrpcs11ubi9lg0k:latest/roc_table.table.json", "_latest_artifact_path": "wandb-client-artifact://6xeozemqbnpeecg739t5jioroo00obfooimlxdvqg0ch1ihtbn4uuqocddesdc6ndu0bl606ylv459t4us1l3rczyv68zawggxmgmntw8fexl0zzorrpcs11ubi9lg0k:latest/roc_table.table.json", "path": "media/table/roc_table_1_c6eec14783e28d47b853.table.json", "ncols": 3, "nrows": 241}, "_wandb": {"runtime": 416}}