{"accuracy": 0.6447876447876448, "f1": 0.31343283582089554, "recall": 0.21875, "precision": 0.5526315789473685, "fbeta": 0.42338709677419356, "roc_table": {"_type": "table-file", "sha256": "bbb4dcfd7a12f1bc2eedba453faf9bcdc4bdf86224b07548ac4ee4b9ecb61b53", "size": 3278, "artifact_path": "wandb-client-artifact://ojzn6blyheqnlzfd4193fwiwt08a3514gk9kq45lw5204uj17v2x9eluq51vtzl6d6wz4ekebksaiclklbymtvgnpo2n29iskxyn7be7zhm4sa4skxuqotkptthfz62l:latest/roc_table.table.json", "_latest_artifact_path": "wandb-client-artifact://ojzn6blyheqnlzfd4193fwiwt08a3514gk9kq45lw5204uj17v2x9eluq51vtzl6d6wz4ekebksaiclklbymtvgnpo2n29iskxyn7be7zhm4sa4skxuqotkptthfz62l:latest/roc_table.table.json", "path": "media/table/roc_table_0_bbb4dcfd7a12f1bc2eed.table.json", "ncols": 3, "nrows": 174}, "_timestamp": 1717106475.868922, "_runtime": 15.497493982315063, "_step": 0, "_wandb": {"runtime": 13}}