{"Test set CV accuracies": [0.509090909090909, 0.5454545454545454, 0.6181818181818182, 0.5740740740740741, 0.5185185185185185], "Average test set accuracy": 0.553063973063973, "Average test set F1": 0.5880472163355084, "_timestamp": 1708607126.731532, "_runtime": 18.874576091766357, "_step": 1, "roc_table": {"_type": "table-file", "sha256": "5722e57395ec474050eca583090fcc7cb269f3cd66dce045b102552de7e11981", "size": 5759, "artifact_path": "wandb-client-artifact://9r906e7lgla5mjkd2j8n7rtzckx1uq622fsn8ecgluoc7grkybih5454mlqixg730rttykntv4b1haoopwq1c1unmt17m9darqcemeqexmy755o30s0f0r92wlhg8gxx:latest/roc_table.table.json", "_latest_artifact_path": "wandb-client-artifact://9r906e7lgla5mjkd2j8n7rtzckx1uq622fsn8ecgluoc7grkybih5454mlqixg730rttykntv4b1haoopwq1c1unmt17m9darqcemeqexmy755o30s0f0r92wlhg8gxx:latest/roc_table.table.json", "path": "media/table/roc_table_1_5722e57395ec474050ec.table.json", "ncols": 3, "nrows": 277}, "_wandb": {"runtime": 17}}