{"Test set CV accuracies": [0.5099009900990099, 0.46534653465346537, 0.5422885572139303, 0.5472636815920398, 0.5621890547263682], "Average test set accuracy": 0.5253977636569627, "Average test set F1": 0.600637132351108, "_timestamp": 1708672649.8813272, "_runtime": 248.04728507995605, "_step": 1, "roc_table": {"_type": "table-file", "sha256": "89f98e1910880da6d7584a802cb7f54d6476647d68f422255edcd1d6d0d52ae7", "size": 18461, "artifact_path": "wandb-client-artifact://3ykd24mgwnyioa1bm0kckhkuouzkcb0pw55j9e2ja2dadgvp20dvu4tiu7b2dvdjheskaw8mitbw7d1qwtywxqflckbmd27s9qzz82j2to1vuzvqts9ko12kj0pprbos:latest/roc_table.table.json", "_latest_artifact_path": "wandb-client-artifact://3ykd24mgwnyioa1bm0kckhkuouzkcb0pw55j9e2ja2dadgvp20dvu4tiu7b2dvdjheskaw8mitbw7d1qwtywxqflckbmd27s9qzz82j2to1vuzvqts9ko12kj0pprbos:latest/roc_table.table.json", "path": "media/table/roc_table_1_89f98e1910880da6d758.table.json", "ncols": 3, "nrows": 981}, "_wandb": {"runtime": 247}}