{"Test set CV accuracies": [0.6584158415841584, 0.6584158415841584, 0.6169154228855721, 0.6517412935323383, 0.6865671641791045], "Average test set accuracy": 0.6544111127530664, "Average test set F1": 0.6980440539133692, "Best Model Params": {"bootstrap": true, "max_depth": 80, "max_features": 4, "min_samples_leaf": 4, "min_samples_split": 4, "n_estimators": 200}, "_timestamp": 1708277716.08767, "_runtime": 633.395289182663, "_step": 1, "roc_table": {"_type": "table-file", "sha256": "484823054e3a5aa6f5b615b2229169db5c4c566384131e26f888783f25083493", "size": 18904, "artifact_path": "wandb-client-artifact://tgdduiki38e98oaw62frkufkz6rbrbeefhuk8bpbt92ocn7v5f7slzd8qhecga6ugjfik1couoce26o3e75a2cgk0whc4ta1hsyr7eqt2x8gtiiwk703w87jv1li8iy2:latest/roc_table.table.json", "_latest_artifact_path": "wandb-client-artifact://tgdduiki38e98oaw62frkufkz6rbrbeefhuk8bpbt92ocn7v5f7slzd8qhecga6ugjfik1couoce26o3e75a2cgk0whc4ta1hsyr7eqt2x8gtiiwk703w87jv1li8iy2:latest/roc_table.table.json", "path": "media/table/roc_table_1_484823054e3a5aa6f5b6.table.json", "ncols": 3, "nrows": 1006}, "_wandb": {"runtime": 633}}