{"roc_table": {"_type": "table-file", "sha256": "7f8e4e8c419c6b86764f0f93438e1efba983fa2393e3644365b4996be49da433", "size": 17415, "artifact_path": "wandb-client-artifact://zsz8qu1grmsk4tz31he29cknvr00sxdngyzasvvdo49beuzfiw278xbpu2cvviyj2ph07p28p567k31qeic52ucn6nj831pmbt04tj7qabz7g2uqc1lbtrurueksm1n0:latest/roc_table.table.json", "_latest_artifact_path": "wandb-client-artifact://zsz8qu1grmsk4tz31he29cknvr00sxdngyzasvvdo49beuzfiw278xbpu2cvviyj2ph07p28p567k31qeic52ucn6nj831pmbt04tj7qabz7g2uqc1lbtrurueksm1n0:latest/roc_table.table.json", "path": "media/table/roc_table_0_7f8e4e8c419c6b86764f.table.json", "ncols": 3, "nrows": 925}, "_timestamp": 1710152419.968726, "_runtime": 67.13387894630432, "_step": 1, "CV accuracies": [0.6468085106382979, 0.6276595744680851, 0.6170212765957447, 0.597872340425532, 0.650319829424307], "Average CV accuracy": 0.6279363063103933, "Average CV F1": 0.6701364905884905, "Test set F1": 0.6589492430988424, "Test set accuracy": 0.618905472636816, "_wandb": {"runtime": 66}}