{"Test set CV accuracies": [0.6782178217821783, 0.6485148514851485, 0.6119402985074627, 0.6417910447761194, 0.6666666666666666], "Average test set accuracy": 0.649426136643515, "Average test set F1": 0.6908156399597706, "Best Model Params": {"bootstrap": true, "max_depth": 80, "max_features": 2, "min_samples_leaf": 3, "min_samples_split": 4, "n_estimators": 200}, "_timestamp": 1708283847.2473412, "_runtime": 593.1356632709503, "_step": 1, "roc_table": {"_type": "table-file", "sha256": "64f392aac5e278dbbddf30c695697dc7ec3d690469a163e6ebfa06beb8d94356", "size": 16847, "artifact_path": "wandb-client-artifact://nmgauls1t5737rftdh48w8mjprhnxk3n2xfhb1pqd3ny3pbcdgzvwvi5ettg43898wi21wij83ou7qubcytgh1vugtg31pgwdl9gh395m4q6iofbmgnvziml4p56c1am:latest/roc_table.table.json", "_latest_artifact_path": "wandb-client-artifact://nmgauls1t5737rftdh48w8mjprhnxk3n2xfhb1pqd3ny3pbcdgzvwvi5ettg43898wi21wij83ou7qubcytgh1vugtg31pgwdl9gh395m4q6iofbmgnvziml4p56c1am:latest/roc_table.table.json", "path": "media/table/roc_table_1_64f392aac5e278dbbddf.table.json", "ncols": 3, "nrows": 897}, "_wandb": {"runtime": 592}}