{"roc_table": {"_type": "table-file", "sha256": "128d35420a134d4c5d2a2f7a9a7150b11100938dd6989860dd10969df6c28b73", "size": 1274, "artifact_path": "wandb-client-artifact://r73bkj8knlmdg3njba864ijjjg88sa3iuf0e84bll0xx0x3u8ndy6ratwkwcrbi9ez2e3rasxaeuexs2ou01m5yp3n1ilchhuzxam2ailmsmruef7fhcn7gtsjzwotpn:latest/roc_table.table.json", "_latest_artifact_path": "wandb-client-artifact://r73bkj8knlmdg3njba864ijjjg88sa3iuf0e84bll0xx0x3u8ndy6ratwkwcrbi9ez2e3rasxaeuexs2ou01m5yp3n1ilchhuzxam2ailmsmruef7fhcn7gtsjzwotpn:latest/roc_table.table.json", "path": "media/table/roc_table_0_128d35420a134d4c5d2a.table.json", "ncols": 3, "nrows": 68}, "_timestamp": 1715982951.6915991, "_runtime": 29.17198610305786, "_step": 1, "CV accuracies": [0.720508166969147, 0.7727272727272727, 0.7490909090909091, 0.7672727272727272, 0.7454545454545455], "Average CV accuracy": 0.7510107243029203, "Average CV F1": 0.5752460072513503, "Test set F1": 0.35714285714285715, "Test set accuracy": 0.7272727272727273, "_wandb": {"runtime": 28}}