{"Test set CV accuracies": [0.5099009900990099, 0.5544554455445545, 0.4925373134328358, 0.527363184079602, 0.47761194029850745], "Average test set accuracy": 0.512373774690902, "Average test set F1": 0.5844080060406414, "_timestamp": 1708672952.1753442, "_runtime": 257.0542812347412, "_step": 1, "roc_table": {"_type": "table-file", "sha256": "43239fd79d12209ce3c9e3be02e51e029c1a960a27dfff3725bd1d5527a03e8c", "size": 19230, "artifact_path": "wandb-client-artifact://9iau7g6an4gn4r5zcb4zibuvi0e7u1m42qk52tjgorrysn9ldb8mhppbyi6bllyi1ymkpvr8a5k8ocfj7764j46q9axrq31bdb22oblsagypqowo5k67lvoczlpyqg7u:latest/roc_table.table.json", "_latest_artifact_path": "wandb-client-artifact://9iau7g6an4gn4r5zcb4zibuvi0e7u1m42qk52tjgorrysn9ldb8mhppbyi6bllyi1ymkpvr8a5k8ocfj7764j46q9axrq31bdb22oblsagypqowo5k67lvoczlpyqg7u:latest/roc_table.table.json", "path": "media/table/roc_table_1_43239fd79d12209ce3c9.table.json", "ncols": 3, "nrows": 1022}, "_wandb": {"runtime": 256}}