{"Test set CV accuracies": [0.6138613861386139, 0.6237623762376238, 0.6069651741293532, 0.6417910447761194, 0.6268656716417911], "Average test set accuracy": 0.6226491305847002, "Average test set F1": 0.664091560613804, "_timestamp": 1708606057.362551, "_runtime": 49.852197885513306, "_step": 1, "roc_table": {"_type": "table-file", "sha256": "ee9d4a7afc05fe7f051adadee1c378ed63b05247c52693fe30a8f83b0b7b4f62", "size": 18539, "artifact_path": "wandb-client-artifact://j1gm4smioz5qhv6lfv4a7be1wij5v1yipet9mozmejew8ju3m6m2xjbd19dk5nk7skwhvf3fwom4rjbc7gb3xnhbd2tssrmpahjo1js0uwzdvss9nlfiv6k56fcx1nvy:latest/roc_table.table.json", "_latest_artifact_path": "wandb-client-artifact://j1gm4smioz5qhv6lfv4a7be1wij5v1yipet9mozmejew8ju3m6m2xjbd19dk5nk7skwhvf3fwom4rjbc7gb3xnhbd2tssrmpahjo1js0uwzdvss9nlfiv6k56fcx1nvy:latest/roc_table.table.json", "path": "media/table/roc_table_1_ee9d4a7afc05fe7f051a.table.json", "ncols": 3, "nrows": 985}, "_wandb": {"runtime": 49}}