{"Best Model Params": {"bootstrap": true, "max_depth": 80, "max_features": 3, "min_samples_leaf": 4, "min_samples_split": 4, "n_estimators": 200}, "roc_table": {"_type": "table-file", "sha256": "c9e8f7f299253e6f0e52e030f58ca990f0c824bcd62f8e16076ccb8c93e341c3", "size": 4066, "artifact_path": "wandb-client-artifact://kc6utf4nwf1dm4cjtc01vyymhozllgzm6vbv98339tusvd3aevthqcm2rrzme743qyvyqo3mlwj1s4spvx1e0r1sxkjbddr6v3wuamolnd61ochvdorrjqod2g7lu4z5:latest/roc_table.table.json", "_latest_artifact_path": "wandb-client-artifact://kc6utf4nwf1dm4cjtc01vyymhozllgzm6vbv98339tusvd3aevthqcm2rrzme743qyvyqo3mlwj1s4spvx1e0r1sxkjbddr6v3wuamolnd61ochvdorrjqod2g7lu4z5:latest/roc_table.table.json", "path": "media/table/roc_table_0_c9e8f7f299253e6f0e52.table.json", "ncols": 3, "nrows": 216}, "_timestamp": 1713427143.1568909, "_runtime": 438.3506889343262, "_step": 1, "CV accuracies": [0.8684931506849315, 0.8849315068493151, 0.9095890410958904, 0.9095890410958904, 0.8763736263736264], "Average CV accuracy": 0.8897952732199308, "Average CV F1": 0.8257658670709009, "Test set F1": 0.8320312500000001, "Test set accuracy": 0.8900255754475703, "_wandb": {"runtime": 437}}