{"roc_table": {"_type": "table-file", "sha256": "cbe6b24e22070ff1c554baf876ca4f990081a288456d8eb1cd2aa39588b687ae", "size": 6629, "artifact_path": "wandb-client-artifact://5fcvdmq7cbv4bc1nmxfdi91w8ksofyi3nwn9fw719nitjonv14xoudgpplo4syzwzewyw42oll8v6t9jsfes5xqdj6n6m9mcu7e4srky4z8n5olcvf53xroscru86w4i:latest/roc_table.table.json", "_latest_artifact_path": "wandb-client-artifact://5fcvdmq7cbv4bc1nmxfdi91w8ksofyi3nwn9fw719nitjonv14xoudgpplo4syzwzewyw42oll8v6t9jsfes5xqdj6n6m9mcu7e4srky4z8n5olcvf53xroscru86w4i:latest/roc_table.table.json", "path": "media/table/roc_table_0_cbe6b24e22070ff1c554.table.json", "ncols": 3, "nrows": 353}, "_timestamp": 1714047505.7133079, "_runtime": 15.44901990890503, "_step": 1, "CV accuracies": [0.7479452054794521, 0.7479452054794521, 0.7616438356164383, 0.7342465753424657, 0.7307692307692307], "Average CV accuracy": 0.7445100105374078, "Average CV F1": 0.6021697099520777, "Test set F1": 0.6470588235294118, "Test set accuracy": 0.7698209718670077, "_wandb": {"runtime": 14}}