{"Test set CV accuracies": [0.5594059405940595, 0.5544554455445545, 0.5223880597014925, 0.5621890547263682, 0.6069651741293532], "Average test set accuracy": 0.5610807349391657, "Average test set F1": 0.6766685359250414, "_timestamp": 1708603624.139987, "_runtime": 11.817126989364624, "_step": 1, "roc_table": {"_type": "table-file", "sha256": "e8d3a1b549a37d053f2e69fae23bc86e9107cb450b3a12ffff57177e9278c6ee", "size": 18151, "artifact_path": "wandb-client-artifact://iijeiytq9qnt8chxyx0gboikkorr0w9a52zu158si6vcwjrrbgg5uv6p7bl7q0nwiivnfn1w7tgj4glrpyywl0wvkzhalzvwji0ahwt4tg0l5ddipv2cgp8bcry9ssyg:latest/roc_table.table.json", "_latest_artifact_path": "wandb-client-artifact://iijeiytq9qnt8chxyx0gboikkorr0w9a52zu158si6vcwjrrbgg5uv6p7bl7q0nwiivnfn1w7tgj4glrpyywl0wvkzhalzvwji0ahwt4tg0l5ddipv2cgp8bcry9ssyg:latest/roc_table.table.json", "path": "media/table/roc_table_1_e8d3a1b549a37d053f2e.table.json", "ncols": 3, "nrows": 965}, "_wandb": {"runtime": 10}}