{"Best Model Params": {"bootstrap": true, "max_depth": 80, "max_features": 4, "min_samples_leaf": 3, "min_samples_split": 8, "n_estimators": 200}, "roc_table": {"_type": "table-file", "sha256": "3b21136e6a2739ca4cd03d0d86cf3f055b04d306fcd994ba28e557d8fd38a5c4", "size": 8794, "artifact_path": "wandb-client-artifact://3bzqivnby42ja0x2314a9sff1wju5sepjcv0pyxl31efy858ythocs75sdxlhbnaginr41xz5oi2a04lgy6zy9h367b7yqshpyxvve7ah3dv4og3wgva1kj53ddv73bm:latest/roc_table.table.json", "_latest_artifact_path": "wandb-client-artifact://3bzqivnby42ja0x2314a9sff1wju5sepjcv0pyxl31efy858ythocs75sdxlhbnaginr41xz5oi2a04lgy6zy9h367b7yqshpyxvve7ah3dv4og3wgva1kj53ddv73bm:latest/roc_table.table.json", "path": "media/table/roc_table_0_3b21136e6a2739ca4cd0.table.json", "ncols": 3, "nrows": 468}, "_timestamp": 1713384356.401151, "_runtime": 541.4895548820496, "_step": 1, "CV accuracies": [0.7863013698630137, 0.7698630136986301, 0.736986301369863, 0.8027397260273973, 0.7692307692307693], "Average CV accuracy": 0.7730242360379347, "Average CV F1": 0.6489188885029212, "Test set F1": 0.6804511278195489, "Test set accuracy": 0.782608695652174, "_wandb": {"runtime": 540}}