{"Test set CV accuracies": [0.7017543859649122, 0.8245614035087719, 0.6491228070175439, 0.8214285714285714, 0.6607142857142857], "Average test set accuracy": 0.7315162907268169, "Average test set F1": 0.6375190027363941, "Best Model Params": {"criterion": "squared_error", "learning_rate": 0.1, "loss": "exponential", "max_features": null, "min_samples_leaf": 3, "min_samples_split": 2, "n_estimators": 100}, "_timestamp": 1708418330.711176, "_runtime": 742.0768389701843, "_step": 1, "roc_table": {"_type": "table-file", "sha256": "d3518b2a4a9160c17a1d610022918ee0d6db528dc6d0b1f06d5fe6a8c0f0e711", "size": 3798, "artifact_path": "wandb-client-artifact://jtdcrgk6znrc7ga0k6156uzhwp6twozihg4ofw68kyr1pr2bcbwdpn1470vbcq1ux9h7namdwf6i8vn3gbgla0ffxnqe5u27riqryhu10efff1th4g8idna6c22s0awz:latest/roc_table.table.json", "_latest_artifact_path": "wandb-client-artifact://jtdcrgk6znrc7ga0k6156uzhwp6twozihg4ofw68kyr1pr2bcbwdpn1470vbcq1ux9h7namdwf6i8vn3gbgla0ffxnqe5u27riqryhu10efff1th4g8idna6c22s0awz:latest/roc_table.table.json", "path": "media/table/roc_table_1_d3518b2a4a9160c17a1d.table.json", "ncols": 3, "nrows": 182}, "_wandb": {"runtime": 741}}