{"Test set CV accuracies": [0.4727272727272727, 0.4909090909090909, 0.5272727272727272, 0.5370370370370371, 0.5370370370370371], "Average test set accuracy": 0.512996632996633, "Average test set F1": 0.599345550434334, "_timestamp": 1708637993.080169, "_runtime": 22.750202894210815, "_step": 1, "roc_table": {"_type": "table-file", "sha256": "b2895dca0007b30ff1268306912fd54b2cfd8570ffc1db6fd84c7cb283bc935b", "size": 5784, "artifact_path": "wandb-client-artifact://il6aq6dhlo43fc3n7x0dximg2v0b0s3gabn9xivbqarkwtvy8va4fe2wqvh5in9jxyk06q26j8pgc7q78hbjc4ytgmy35ag0tm9baw9iw3v7rpp5bawuarge0cgcurzx:latest/roc_table.table.json", "_latest_artifact_path": "wandb-client-artifact://il6aq6dhlo43fc3n7x0dximg2v0b0s3gabn9xivbqarkwtvy8va4fe2wqvh5in9jxyk06q26j8pgc7q78hbjc4ytgmy35ag0tm9baw9iw3v7rpp5bawuarge0cgcurzx:latest/roc_table.table.json", "path": "media/table/roc_table_1_b2895dca0007b30ff126.table.json", "ncols": 3, "nrows": 306}, "_wandb": {"runtime": 20}}