{"Test set CV accuracies": [0.6534653465346535, 0.6485148514851485, 0.6666666666666666, 0.6268656716417911, 0.5870646766169154], "Average test set accuracy": 0.6365154425890351, "Average test set F1": 0.6792755518712965, "_timestamp": 1708606421.3313122, "_runtime": 50.9376220703125, "_step": 1, "roc_table": {"_type": "table-file", "sha256": "7bbccf40adba6fa79db8ceb09d19b5285be52e2f49710b0534c8dc28c71aee42", "size": 18039, "artifact_path": "wandb-client-artifact://z8nakf332y443cd56mrmp9hac279ryoqmzbcvt6fmrr554x6r9u1l72wyhgbfxnpqwxaxrebqy2t45904k0iox41fg7k4r1c1xnlthaklkamud8nhea7ykl2993xlucw:latest/roc_table.table.json", "_latest_artifact_path": "wandb-client-artifact://z8nakf332y443cd56mrmp9hac279ryoqmzbcvt6fmrr554x6r9u1l72wyhgbfxnpqwxaxrebqy2t45904k0iox41fg7k4r1c1xnlthaklkamud8nhea7ykl2993xlucw:latest/roc_table.table.json", "path": "media/table/roc_table_1_7bbccf40adba6fa79db8.table.json", "ncols": 3, "nrows": 959}, "_wandb": {"runtime": 50}}