{"roc_table": {"_type": "table-file", "sha256": "387370b6078cd3a269d7f416e5445624be2503481ee671e2d0d36118a47fdf58", "size": 1446, "artifact_path": "wandb-client-artifact://fw9zomhcvk05ksrjekhr4icrpb226wlty6fc5vdth351ll5lgs6ih91zfnbimzegsf0hz9nopbeuc1piu80abq4x1b6ke7cjuu6sky8dtse1b5u9prl30ciq36j7j019:latest/roc_table.table.json", "_latest_artifact_path": "wandb-client-artifact://fw9zomhcvk05ksrjekhr4icrpb226wlty6fc5vdth351ll5lgs6ih91zfnbimzegsf0hz9nopbeuc1piu80abq4x1b6ke7cjuu6sky8dtse1b5u9prl30ciq36j7j019:latest/roc_table.table.json", "path": "media/table/roc_table_0_387370b6078cd3a269d7.table.json", "ncols": 3, "nrows": 76}, "_timestamp": 1718311955.211949, "_runtime": 16.97602415084839, "_step": 1, "CV accuracies": [0.6981132075471698, 0.6981132075471698, 0.6933962264150944, 0.6966824644549763, 0.7109004739336493], "Average CV accuracy": 0.6994411159796119, "Average CV F1": 0.17465535711149743, "Test set F1": 0.2380952380952381, "Test set accuracy": 0.6923076923076923, "_wandb": {"runtime": 16}}