{"Test set CV accuracies": [0.6181818181818182, 0.6545454545454545, 0.6181818181818182, 0.6296296296296297, 0.6296296296296297], "Average test set accuracy": 0.6300336700336701, "Average test set F1": 0.6638115415657788, "_timestamp": 1709762730.008874, "_runtime": 11.426183938980103, "_step": 1, "roc_table": {"_type": "table-file", "sha256": "cb1933d5c8685576fad95d794badbed5a878905e5a0658738239d372de7636f6", "size": 4598, "artifact_path": "wandb-client-artifact://aymua1pujcksyz7wej15puktsx8n61rov83f9di5jyaulzs5pdzhj6s42kpot3k22jnvo1vbziyaod9pi5zoa7srac6ipicydh47teghgdv6t38wozd50801hyiorqcg:latest/roc_table.table.json", "_latest_artifact_path": "wandb-client-artifact://aymua1pujcksyz7wej15puktsx8n61rov83f9di5jyaulzs5pdzhj6s42kpot3k22jnvo1vbziyaod9pi5zoa7srac6ipicydh47teghgdv6t38wozd50801hyiorqcg:latest/roc_table.table.json", "path": "media/table/roc_table_1_cb1933d5c8685576fad9.table.json", "ncols": 3, "nrows": 220}, "_wandb": {"runtime": 10}}