{"roc_table": {"_type": "table-file", "sha256": "0dbed16969768c590b46c57e40a317ee74837d39df184b15a4dbc23a23ab9944", "size": 16769, "artifact_path": "wandb-client-artifact://y4voohmeh52d0410y60jwuo5zhhh4vbexlhp26e0i6ahs839srpns6nodl5johvf1ezmdtiwczpovg6tk72yem5zygm4s11yd2jnkg4vun53p6l2zbw6a8ibqp5o1twh:latest/roc_table.table.json", "_latest_artifact_path": "wandb-client-artifact://y4voohmeh52d0410y60jwuo5zhhh4vbexlhp26e0i6ahs839srpns6nodl5johvf1ezmdtiwczpovg6tk72yem5zygm4s11yd2jnkg4vun53p6l2zbw6a8ibqp5o1twh:latest/roc_table.table.json", "path": "media/table/roc_table_0_0dbed16969768c590b46.table.json", "ncols": 3, "nrows": 891}, "_timestamp": 1710153951.698049, "_runtime": 28.95210599899292, "_step": 1, "CV accuracies": [0.6617021276595745, 0.6127659574468085, 0.6425531914893617, 0.6226012793176973, 0.6396588486140725], "Average CV accuracy": 0.635856280905503, "Average CV F1": 0.7048459372647865, "Test set F1": 0.6802120141342756, "Test set accuracy": 0.6405163853028798, "_wandb": {"runtime": 27}}