{"Test set CV accuracies": [0.6782178217821783, 0.6287128712871287, 0.6417910447761194, 0.6766169154228856, 0.6517412935323383], "Average test set accuracy": 0.6554159893601301, "Average test set F1": 0.6883929993876416, "Best Model Params": {"bootstrap": true, "max_depth": 80, "max_features": 3, "min_samples_leaf": 4, "min_samples_split": 4, "n_estimators": 100}, "_timestamp": 1708455603.203958, "_runtime": 528.6450779438019, "_step": 1, "roc_table": {"_type": "table-file", "sha256": "d6be21e6a93abe750460b2303c3710efbe7abe2ca7e53a570bb354b6cbdd710e", "size": 17189, "artifact_path": "wandb-client-artifact://0fx7rmyut98mg2kkmods0bcagxy59p370tnadh9tyt735wt4ag73p1y0oyrxcffiey5libl0skw5cl3p8edgxsgqgws1f9t2kaw2puxlz51212a5vwfg85oiomjtm2bs:latest/roc_table.table.json", "_latest_artifact_path": "wandb-client-artifact://0fx7rmyut98mg2kkmods0bcagxy59p370tnadh9tyt735wt4ag73p1y0oyrxcffiey5libl0skw5cl3p8edgxsgqgws1f9t2kaw2puxlz51212a5vwfg85oiomjtm2bs:latest/roc_table.table.json", "path": "media/table/roc_table_1_d6be21e6a93abe750460.table.json", "ncols": 3, "nrows": 913}, "_wandb": {"runtime": 528}}