{"Test set CV accuracies": [0.6, 0.509090909090909, 0.45454545454545453, 0.4444444444444444, 0.5], "Average test set accuracy": 0.5016161616161616, "Average test set F1": 0.5575450615773592, "_timestamp": 1708636508.385756, "_runtime": 45.92720890045166, "_step": 1, "roc_table": {"_type": "table-file", "sha256": "feb8d33f1eb0231126877a965aa690eeec788f065d5eeba5ffcbfda191ba5b26", "size": 5193, "artifact_path": "wandb-client-artifact://jjptd00mm4rdagvmj6xvfnmacpb3rib3jixeyboxxj8crffyks0m8yymdrsdvym8nsz0d845mg1gkkr2bdluubswmwo14dke1pzdfdrjff8fbvfz0j70qbwvfqdr6k6i:latest/roc_table.table.json", "_latest_artifact_path": "wandb-client-artifact://jjptd00mm4rdagvmj6xvfnmacpb3rib3jixeyboxxj8crffyks0m8yymdrsdvym8nsz0d845mg1gkkr2bdluubswmwo14dke1pzdfdrjff8fbvfz0j70qbwvfqdr6k6i:latest/roc_table.table.json", "path": "media/table/roc_table_1_feb8d33f1eb023112687.table.json", "ncols": 3, "nrows": 275}, "_wandb": {"runtime": 45}}