{"Test set CV accuracies": [0.509090909090909, 0.45454545454545453, 0.509090909090909, 0.5, 0.6111111111111112], "Average test set accuracy": 0.5167676767676768, "Average test set F1": 0.5405030369789007, "_timestamp": 1708674245.020482, "_runtime": 16.014623165130615, "_step": 1, "roc_table": {"_type": "table-file", "sha256": "2c76cbea164070f8076965bb843b9527c670e98306601ad39e143f2a3443415d", "size": 4981, "artifact_path": "wandb-client-artifact://pd8v5nl8p8x0e2mlppx9xczwpxa7nbhtzmuuqj3qw0xempdmjmsqvd24kh6kqkkmz2267t86x0h3e1l983k1ddpkp4ry2cctzqj6af5485edeit9o41mimo759kx31hu:latest/roc_table.table.json", "_latest_artifact_path": "wandb-client-artifact://pd8v5nl8p8x0e2mlppx9xczwpxa7nbhtzmuuqj3qw0xempdmjmsqvd24kh6kqkkmz2267t86x0h3e1l983k1ddpkp4ry2cctzqj6af5485edeit9o41mimo759kx31hu:latest/roc_table.table.json", "path": "media/table/roc_table_1_2c76cbea164070f80769.table.json", "ncols": 3, "nrows": 263}, "_wandb": {"runtime": 15}}