{"Test set CV accuracies": [0.6363636363636364, 0.5272727272727272, 0.5636363636363636, 0.6111111111111112, 0.5370370370370371], "Average test set accuracy": 0.5750841750841751, "Average test set F1": 0.6971007269009515, "Best Model Params": {"bootstrap": true, "max_depth": 80, "max_features": 3, "min_samples_leaf": 5, "min_samples_split": 4, "n_estimators": 500}, "_timestamp": 1708290311.116247, "_runtime": 329.4939959049225, "_step": 1, "roc_table": {"_type": "table-file", "sha256": "5e6c55426030acea46382a28ade972c6b6e2f829305d0dc028d9da5137b2e5bb", "size": 6426, "artifact_path": "wandb-client-artifact://5wfc9lw9ro2n5hnmnyrnk695m2thg9wo5spbdy250ggqd6621kahenlu3a7nmkjzprmmcm6mzpjd7y7mgvylh0jearw8sigen99wyh26wv3gd2cawqny6ick4lt9fr0h:latest/roc_table.table.json", "_latest_artifact_path": "wandb-client-artifact://5wfc9lw9ro2n5hnmnyrnk695m2thg9wo5spbdy250ggqd6621kahenlu3a7nmkjzprmmcm6mzpjd7y7mgvylh0jearw8sigen99wyh26wv3gd2cawqny6ick4lt9fr0h:latest/roc_table.table.json", "path": "media/table/roc_table_1_5e6c55426030acea4638.table.json", "ncols": 3, "nrows": 308}, "_wandb": {"runtime": 328}}