{"Test set CV accuracies": [0.504950495049505, 0.48514851485148514, 0.6318407960199005, 0.5671641791044776, 0.5920398009950248], "Average test set accuracy": 0.5562287572040786, "Average test set F1": 0.6426182245372652, "_timestamp": 1708671465.235208, "_runtime": 37.42864012718201, "_step": 1, "roc_table": {"_type": "table-file", "sha256": "1ece0296ec8bb6ead1acd485c49f934f0adc39d9e0dc22bc59619d6ea5a7b172", "size": 7442, "artifact_path": "wandb-client-artifact://c62izytdevlp15256iqccs7j0ezq0bw7w69g8kxqpqamryziadp2tabdrpea6b38vvkks2i6ptsn3m5g8jz3y3coubk25h4qyk62s1cz9n6ef1i2hr3evq6z61aqnvrh:latest/roc_table.table.json", "_latest_artifact_path": "wandb-client-artifact://c62izytdevlp15256iqccs7j0ezq0bw7w69g8kxqpqamryziadp2tabdrpea6b38vvkks2i6ptsn3m5g8jz3y3coubk25h4qyk62s1cz9n6ef1i2hr3evq6z61aqnvrh:latest/roc_table.table.json", "path": "media/table/roc_table_1_1ece0296ec8bb6ead1ac.table.json", "ncols": 3, "nrows": 394}, "_wandb": {"runtime": 36}}