{"Best Model Params": {"bootstrap": true, "max_depth": 80, "max_features": 4, "min_samples_leaf": 3, "min_samples_split": 4, "n_estimators": 100}, "accuracy": 0.7247191011235955, "f1": 0.14035087719298245, "recall": 0.07920792079207921, "precision": 0.6153846153846154, "fbeta": 0.26143790849673204, "roc_table": {"_type": "table-file", "sha256": "9fc49fdf6a9d0840def8048df305d603a95c79318ce3bf0c089a74e92257d148", "size": 5045, "artifact_path": "wandb-client-artifact://71jkdt3wr9drjvzkl0w0igqcve27vlps4s5pilifry31gl47lar23mfq5o5yja0sm6ct3hrqdsenhtfybgxwi7vlsfm79s3yapfaf7o4r2sep3cy5gzxrn5upa17mdyt:latest/roc_table.table.json", "_latest_artifact_path": "wandb-client-artifact://71jkdt3wr9drjvzkl0w0igqcve27vlps4s5pilifry31gl47lar23mfq5o5yja0sm6ct3hrqdsenhtfybgxwi7vlsfm79s3yapfaf7o4r2sep3cy5gzxrn5upa17mdyt:latest/roc_table.table.json", "path": "media/table/roc_table_0_9fc49fdf6a9d0840def8.table.json", "ncols": 3, "nrows": 268}, "_timestamp": 1716936698.032515, "_runtime": 310.41645407676697, "_step": 0, "_wandb": {"runtime": 303}}