{"Test set CV accuracies": [0.5636363636363636, 0.5272727272727272, 0.5636363636363636, 0.5740740740740741, 0.6111111111111112], "Average test set accuracy": 0.5679461279461279, "Average test set F1": 0.6497761943668521, "_timestamp": 1708674132.5249321, "_runtime": 19.149961233139038, "_step": 1, "roc_table": {"_type": "table-file", "sha256": "3fc480426e81c81064bfd27d227b2bf0539f864b56e7004b61d94c2d6b823732", "size": 1248, "artifact_path": "wandb-client-artifact://fpdklfd3vmcv8vvafrxynpvb0k4bmb9ww76noasyb73k108unihr04bxfwsu0fpyulevzxvjn9f2hzan6qb93w9js6vs60jsyy6lk72jgd3njlw27a1oyobptqchdr8o:latest/roc_table.table.json", "_latest_artifact_path": "wandb-client-artifact://fpdklfd3vmcv8vvafrxynpvb0k4bmb9ww76noasyb73k108unihr04bxfwsu0fpyulevzxvjn9f2hzan6qb93w9js6vs60jsyy6lk72jgd3njlw27a1oyobptqchdr8o:latest/roc_table.table.json", "path": "media/table/roc_table_1_3fc480426e81c81064bf.table.json", "ncols": 3, "nrows": 66}, "_wandb": {"runtime": 18}}