{"CV accuracies": [0.7914438502673797, 0.7593582887700535, 0.7700534759358288, 0.8235294117647058, 0.7807486631016043], "Average CV accuracy": 0.7850267379679144, "Average CV F1": 0.8471125552277947, "Test set F1": 0.8166969147005444, "_timestamp": 1709839198.2421088, "_runtime": 287.9411778450012, "_step": 1, "roc_table": {"_type": "table-file", "sha256": "4d722d2a1028e44dd6d89e588b2ba3bccf56a2b8a8685a10770c7c7f90fad630", "size": 5118, "artifact_path": "wandb-client-artifact://q8m9bwpynzmleozpn7u0u85ttjvigixh0faa1o0smmclkhgq96z7o48u6bsq6x0sj6ya0i4u3b2pyxwkqoeny266dgvt436wv9txlhlbwh167lc0bzknq2fvn0djxggd:latest/roc_table.table.json", "_latest_artifact_path": "wandb-client-artifact://q8m9bwpynzmleozpn7u0u85ttjvigixh0faa1o0smmclkhgq96z7o48u6bsq6x0sj6ya0i4u3b2pyxwkqoeny266dgvt436wv9txlhlbwh167lc0bzknq2fvn0djxggd:latest/roc_table.table.json", "path": "media/table/roc_table_1_4d722d2a1028e44dd6d8.table.json", "ncols": 3, "nrows": 272}, "_wandb": {"runtime": 288}}