{"Test set CV accuracies": [0.8, 0.7454545454545455, 0.7636363636363637, 0.7777777777777778, 0.7777777777777778], "Average test set accuracy": 0.7729292929292929, "Average test set F1": 0.7719562566894689, "Best Model Params": {"criterion": "friedman_mse", "learning_rate": 0.1, "loss": "log_loss", "max_features": null, "min_samples_leaf": 5, "min_samples_split": 2, "n_estimators": 100}, "_timestamp": 1706732386.1704051, "_runtime": 618.8803691864014, "_step": 1, "roc_table": {"_type": "table-file", "sha256": "e36cb466c12d4b1cf318e99f7e29bd6d52468e8a11afe1cad0b0c58422b01117", "size": 3446, "artifact_path": "wandb-client-artifact://n16lck6kv13oj4fpwu3ra5luzkgdwa2jkz8nkm6q1wzj76l8pz7h6mhzi6a1oh9sa24fqhipmtk26zetvsylj0dbp9vkj71srmnvlkytvpbjz87gnm1hkiics4xaf9xw:latest/roc_table.table.json", "_latest_artifact_path": "wandb-client-artifact://n16lck6kv13oj4fpwu3ra5luzkgdwa2jkz8nkm6q1wzj76l8pz7h6mhzi6a1oh9sa24fqhipmtk26zetvsylj0dbp9vkj71srmnvlkytvpbjz87gnm1hkiics4xaf9xw:latest/roc_table.table.json", "path": "media/table/roc_table_1_e36cb466c12d4b1cf318.table.json", "ncols": 3, "nrows": 164}, "_wandb": {"runtime": 618}}