{"Test set CV accuracies": [0.5818181818181818, 0.5636363636363636, 0.6, 0.6296296296296297, 0.5370370370370371], "Average test set accuracy": 0.5824242424242425, "Average test set F1": 0.6545784401973304, "Best Model Params": {"bootstrap": true, "max_depth": 80, "max_features": 2, "min_samples_leaf": 5, "min_samples_split": 4, "n_estimators": 500}, "_timestamp": 1708288488.057135, "_runtime": 292.57905411720276, "_step": 1, "roc_table": {"_type": "table-file", "sha256": "36809f06629186a5c50bb36873dcc43577db63c213f405a60d3b082cf8254ab2", "size": 5593, "artifact_path": "wandb-client-artifact://c2hrdmmpl4rfszrwqwbj5f1ewnj57buz9norrvonc51focq2s4c54hyruwfn9txtu5rtes6jr9dz85u9bz0q0fd450gzf0k6twfxqf9ixpo9v8cbbuown7vrdxy38exu:latest/roc_table.table.json", "_latest_artifact_path": "wandb-client-artifact://c2hrdmmpl4rfszrwqwbj5f1ewnj57buz9norrvonc51focq2s4c54hyruwfn9txtu5rtes6jr9dz85u9bz0q0fd450gzf0k6twfxqf9ixpo9v8cbbuown7vrdxy38exu:latest/roc_table.table.json", "path": "media/table/roc_table_1_36809f06629186a5c50b.table.json", "ncols": 3, "nrows": 267}, "_wandb": {"runtime": 291}}