{"roc_table": {"_type": "table-file", "sha256": "d07b9088c4b7a29109848d3c140d6088bd1a94806a43732c18701f7bf9cdbe03", "size": 3150, "artifact_path": "wandb-client-artifact://9u44fx8bccqbsn297u80pregkc77dri4mnvlczbnuq2v1y9rhostb1sg3kvwo3h2of2mj3zuuebov8m7ajpzykz66hirriq61n765jg05bnvuj13mws215h6u2stc8pb:latest/roc_table.table.json", "_latest_artifact_path": "wandb-client-artifact://9u44fx8bccqbsn297u80pregkc77dri4mnvlczbnuq2v1y9rhostb1sg3kvwo3h2of2mj3zuuebov8m7ajpzykz66hirriq61n765jg05bnvuj13mws215h6u2stc8pb:latest/roc_table.table.json", "path": "media/table/roc_table_0_d07b9088c4b7a2910984.table.json", "ncols": 3, "nrows": 184}, "_timestamp": 1714046879.206901, "_runtime": 105.65822410583496, "_step": 1, "CV accuracies": [0.9886039886039886, 0.9857142857142858, 0.9885714285714285, 0.9971428571428571, 0.9914285714285714], "Average CV accuracy": 0.9902922262922262, "Average CV F1": 0.9860417126284228, "Test set F1": 0.9961089494163424, "Test set accuracy": 0.9973190348525469, "_wandb": {"runtime": 125}}