{"Test set CV accuracies": [0.4727272727272727, 0.5454545454545454, 0.5818181818181818, 0.5925925925925926, 0.5740740740740741], "Average test set accuracy": 0.5533333333333332, "Average test set F1": 0.6880181546848214, "Best Model Params": {"bootstrap": true, "max_depth": 80, "max_features": 3, "min_samples_leaf": 3, "min_samples_split": 8, "n_estimators": 200}, "_timestamp": 1708107415.457113, "_runtime": 342.0032660961151, "_step": 1, "roc_table": {"_type": "table-file", "sha256": "8e304cbd5bfe0b7a592a1660640631228809b8f39c2b8082392bf054604b370d", "size": 6121, "artifact_path": "wandb-client-artifact://b7vi8dftq9orxdf8cpyitn5swud46c255r1l89m5p0eqmh35w3jxfyierlzhtjuwetn7ii9rkeycd87pop6arvequwe1oipnq6o4itxo4e2bpj8z45hfhr6g6z4moi9i:latest/roc_table.table.json", "_latest_artifact_path": "wandb-client-artifact://b7vi8dftq9orxdf8cpyitn5swud46c255r1l89m5p0eqmh35w3jxfyierlzhtjuwetn7ii9rkeycd87pop6arvequwe1oipnq6o4itxo4e2bpj8z45hfhr6g6z4moi9i:latest/roc_table.table.json", "path": "media/table/roc_table_1_8e304cbd5bfe0b7a592a.table.json", "ncols": 3, "nrows": 293}, "_wandb": {"runtime": 341}}