{"Test set CV accuracies": [0.504950495049505, 0.5495049504950495, 0.5422885572139303, 0.5422885572139303, 0.572139303482587], "Average test set accuracy": 0.5422343726910004, "Average test set F1": 0.6411613639449015, "_timestamp": 1708679469.316944, "_runtime": 32.00950384140015, "_step": 1, "roc_table": {"_type": "table-file", "sha256": "a5d1240d44c2f1a2238726da5f51085c04bdae7c0c555e4e2eaa779af3624de0", "size": 1818, "artifact_path": "wandb-client-artifact://urebvqdfqoyfo36evhtesy3qqhofyrj6a795fdjoj1xph2sprwqiz2q51iqei8urcfujegx3xth0lsknrs318tmj9t7683ewbk2b2iy22e85s31n7wjqhm2wwxzzqj2d:latest/roc_table.table.json", "_latest_artifact_path": "wandb-client-artifact://urebvqdfqoyfo36evhtesy3qqhofyrj6a795fdjoj1xph2sprwqiz2q51iqei8urcfujegx3xth0lsknrs318tmj9t7683ewbk2b2iy22e85s31n7wjqhm2wwxzzqj2d:latest/roc_table.table.json", "path": "media/table/roc_table_1_a5d1240d44c2f1a22387.table.json", "ncols": 3, "nrows": 96}, "_wandb": {"runtime": 30}}