{"Test set CV accuracies": [0.5891089108910891, 0.5891089108910891, 0.6119402985074627, 0.6716417910447762, 0.6318407960199005], "Average test set accuracy": 0.6187281414708635, "Average test set F1": 0.6850548457114114, "Best Model Params": {"bootstrap": true, "max_depth": 80, "max_features": 2, "min_samples_leaf": 5, "min_samples_split": 4, "n_estimators": 300}, "_timestamp": 1708276821.4464629, "_runtime": 619.4078269004822, "_step": 1, "roc_table": {"_type": "table-file", "sha256": "b5c9348ae662210533b2d28f858382160ffdadba7f498a9df6879620c253c8b8", "size": 19200, "artifact_path": "wandb-client-artifact://jlfv82fj7o35ufe3wru7n86ijz77a4f8olule34cemjz50ymaemnrwr4983r2dgrv3k57byh9yjy5w9k2h2axt8cj1dlrm8pnpe2llsye04r44golpd39cdl6nq85jts:latest/roc_table.table.json", "_latest_artifact_path": "wandb-client-artifact://jlfv82fj7o35ufe3wru7n86ijz77a4f8olule34cemjz50ymaemnrwr4983r2dgrv3k57byh9yjy5w9k2h2axt8cj1dlrm8pnpe2llsye04r44golpd39cdl6nq85jts:latest/roc_table.table.json", "path": "media/table/roc_table_1_b5c9348ae662210533b2.table.json", "ncols": 3, "nrows": 1022}, "_wandb": {"runtime": 618}}