{"Best Model Params": {"bootstrap": true, "max_depth": 80, "max_features": 4, "min_samples_leaf": 3, "min_samples_split": 8, "n_estimators": 100}, "roc_table": {"_type": "table-file", "sha256": "707cec1f072ad24b2e1b872cbc279ef9376f3b2a155b9f2eb0aa60ca83e4ae73", "size": 4666, "artifact_path": "wandb-client-artifact://4xsslhsdgri8szykweot26h5zx8b4ef6wdtmmkmlc4dlfc5o7lyhrs4oupu0m7dn4y32f4j2st3hjdms583bhjq5dnme7ui0jaeykkq7c8or9ce3llba7ajzh7bcugzp:latest/roc_table.table.json", "_latest_artifact_path": "wandb-client-artifact://4xsslhsdgri8szykweot26h5zx8b4ef6wdtmmkmlc4dlfc5o7lyhrs4oupu0m7dn4y32f4j2st3hjdms583bhjq5dnme7ui0jaeykkq7c8or9ce3llba7ajzh7bcugzp:latest/roc_table.table.json", "path": "media/table/roc_table_0_707cec1f072ad24b2e1b.table.json", "ncols": 3, "nrows": 248}, "_timestamp": 1713425508.551172, "_runtime": 425.1489050388336, "_step": 1, "CV accuracies": [0.8821917808219178, 0.8958904109589041, 0.9205479452054794, 0.8657534246575342, 0.8736263736263736], "Average CV accuracy": 0.8876019870540418, "Average CV F1": 0.822887687542196, "Test set F1": 0.8404669260700389, "Test set accuracy": 0.8951406649616368, "_wandb": {"runtime": 424}}