{"CV accuracies": [0.7651515151515151, 0.7727272727272727, 0.7575757575757576, 0.6363636363636364, 0.732824427480916], "Average CV accuracy": 0.7329285218598195, "Average CV F1": 0.657091669984315, "Test set F1": 0.7454545454545454, "_timestamp": 1709835854.8215559, "_runtime": 301.4467339515686, "_step": 1, "roc_table": {"_type": "table-file", "sha256": "de887ca6b4af17f0025c1cc0b774fb27dce67a6df227ebbae4719ad69bef28eb", "size": 3910, "artifact_path": "wandb-client-artifact://30v51gqol9vxlos96mhd6waof7uaybatcy7422o3v0qw04qzsqjkw32kiir85gzbu1vq2hwn8or9vc5au8gfeg6erna6mogqr17gw2y3w9mp9gc1bfumzo459dadhq7x:latest/roc_table.table.json", "_latest_artifact_path": "wandb-client-artifact://30v51gqol9vxlos96mhd6waof7uaybatcy7422o3v0qw04qzsqjkw32kiir85gzbu1vq2hwn8or9vc5au8gfeg6erna6mogqr17gw2y3w9mp9gc1bfumzo459dadhq7x:latest/roc_table.table.json", "path": "media/table/roc_table_1_de887ca6b4af17f0025c.table.json", "ncols": 3, "nrows": 188}, "_wandb": {"runtime": 301}}