{"roc_table": {"_type": "table-file", "sha256": "05daba54e0adae8c878982de98def7c4a13f5a019e1305cbaca9ef577d2e915c", "size": 3121, "artifact_path": "wandb-client-artifact://asdcxszcb493bp49qi7m1hrw7onl7uo273pfnmgcktuiyfhyjukhrjerlk7rqpmnapns1yp3vq6kq70prb0ccgrek2szwb426yj5ga5n1sye9wnaa8z4gjfe45pcsrub:latest/roc_table.table.json", "_latest_artifact_path": "wandb-client-artifact://asdcxszcb493bp49qi7m1hrw7onl7uo273pfnmgcktuiyfhyjukhrjerlk7rqpmnapns1yp3vq6kq70prb0ccgrek2szwb426yj5ga5n1sye9wnaa8z4gjfe45pcsrub:latest/roc_table.table.json", "path": "media/table/roc_table_0_05daba54e0adae8c8789.table.json", "ncols": 3, "nrows": 149}, "_timestamp": 1710151530.466399, "_runtime": 21.564393043518066, "_step": 1, "CV accuracies": [0.7559055118110236, 0.7637795275590551, 0.7559055118110236, 0.7952755905511811, 0.7301587301587301], "Average CV accuracy": 0.7602049743782027, "Average CV F1": 0.7605937097581552, "Test set F1": 0.7755102040816326, "Test set accuracy": 0.7582417582417582, "_wandb": {"runtime": 20}}