{"accuracy": 0.6447876447876448, "f1": 0.31343283582089554, "recall": 0.21875, "precision": 0.5526315789473685, "fbeta": 0.42338709677419356, "roc_table": {"_type": "table-file", "sha256": "e7d54da8e8a5bbb3fbc9c50d33ad593f6e5a27b433fbd4ca03a43678e2d49f84", "size": 3118, "artifact_path": "wandb-client-artifact://3r65o3n5rnwt5buft31ex1uxkm8rt3hpvxlt04ujeumo1zdsew7yir2miumw7xcpcr2ridcqfs7036kk9iogrn7b7ax5qglohj2029kfl5v3hflhrwmlppsgk8iz7chr:latest/roc_table.table.json", "_latest_artifact_path": "wandb-client-artifact://3r65o3n5rnwt5buft31ex1uxkm8rt3hpvxlt04ujeumo1zdsew7yir2miumw7xcpcr2ridcqfs7036kk9iogrn7b7ax5qglohj2029kfl5v3hflhrwmlppsgk8iz7chr:latest/roc_table.table.json", "path": "media/table/roc_table_0_e7d54da8e8a5bbb3fbc9.table.json", "ncols": 3, "nrows": 166}, "_timestamp": 1717003903.685858, "_runtime": 9.72943902015686, "_step": 0, "_wandb": {"runtime": 8}}