{"Best Model Params": {"criterion": "friedman_mse", "learning_rate": 1, "loss": "exponential", "max_features": "log2", "min_samples_leaf": 3, "min_samples_split": 2, "n_estimators": 100}, "roc_table": {"_type": "table-file", "sha256": "576a9f290f247b59d61571c9376890339a1b1f83af3ec4f1cdc1341fdb2e93fc", "size": 208, "artifact_path": "wandb-client-artifact://ei9qdy0z3fgmlb98o5hknl7ljlsnu7m02f0hn5cwxupcqdnhcaothd4nd1k1xfvr186ehs5nuclqvoarrdaou9audjb0b75385lkvokas62k9z97teaofez9a7lx0z1k:latest/roc_table.table.json", "_latest_artifact_path": "wandb-client-artifact://ei9qdy0z3fgmlb98o5hknl7ljlsnu7m02f0hn5cwxupcqdnhcaothd4nd1k1xfvr186ehs5nuclqvoarrdaou9audjb0b75385lkvokas62k9z97teaofez9a7lx0z1k:latest/roc_table.table.json", "path": "media/table/roc_table_0_576a9f290f247b59d615.table.json", "ncols": 3, "nrows": 10}, "_timestamp": 1717737806.042824, "_runtime": 421.4404010772705, "_step": 1, "CV accuracies": [0.8, 0.825, 0.8717948717948718, 0.7948717948717948, 0.8205128205128205], "Average CV accuracy": 0.8224358974358974, "Average CV F1": 0.33292929292929296, "Test set F1": 0.0, "Test set accuracy": 0.85, "_wandb": {"runtime": 421}}