{"Test set CV accuracies": [0.4909090909090909, 0.4727272727272727, 0.5818181818181818, 0.5, 0.5370370370370371], "Average test set accuracy": 0.5164983164983166, "Average test set F1": 0.5785273789221765, "Best Model Params": {"bootstrap": true, "max_depth": 80, "max_features": 3, "min_samples_leaf": 3, "min_samples_split": 8, "n_estimators": 200}, "_timestamp": 1708285730.720157, "_runtime": 306.741534948349, "_step": 1, "roc_table": {"_type": "table-file", "sha256": "4c9d2a072d539a47cb881ea870401d59ba4844cdebb04716bb03f7fc25c5b0c3", "size": 6123, "artifact_path": "wandb-client-artifact://z9pemwzihkiwrcm2cpu6fn9j42jv5nyg2kadxvyibnsjjme42xhfc8qxmb0rcyjamw4p1ipfndcr99sz4nfk3xbqigcnd868juo4l4559sw2lqew9z8bfgupqfsua3cc:latest/roc_table.table.json", "_latest_artifact_path": "wandb-client-artifact://z9pemwzihkiwrcm2cpu6fn9j42jv5nyg2kadxvyibnsjjme42xhfc8qxmb0rcyjamw4p1ipfndcr99sz4nfk3xbqigcnd868juo4l4559sw2lqew9z8bfgupqfsua3cc:latest/roc_table.table.json", "path": "media/table/roc_table_1_4c9d2a072d539a47cb88.table.json", "ncols": 3, "nrows": 293}, "_wandb": {"runtime": 306}}