{"accuracy": 0.6841432225063938, "f1": 0.3378016085790884, "recall": 0.2490118577075099, "precision": 0.525, "fbeta": 0.4297407912687586, "roc_table": {"_type": "table-file", "sha256": "b178dd742d64b1f3fd3fa05a02b1650e9b2e8fdc3f1d11b27029e96fd9ea9c8d", "size": 4826, "artifact_path": "wandb-client-artifact://mtw9y39ci7ef6cec2v81ddsrbjvl5gqewwclzm4fmpel8ym9yupgrfpgfmgcw7rgp0xnxxvsjdrflawwhpqo2ux4fh41cs0k6udtwuc8a6besezga2v4gwmvfoslk3w4:latest/roc_table.table.json", "_latest_artifact_path": "wandb-client-artifact://mtw9y39ci7ef6cec2v81ddsrbjvl5gqewwclzm4fmpel8ym9yupgrfpgfmgcw7rgp0xnxxvsjdrflawwhpqo2ux4fh41cs0k6udtwuc8a6besezga2v4gwmvfoslk3w4:latest/roc_table.table.json", "path": "media/table/roc_table_0_b178dd742d64b1f3fd3f.table.json", "ncols": 3, "nrows": 258}, "_timestamp": 1717004081.726349, "_runtime": 9.959562063217163, "_step": 0, "_wandb": {"runtime": 9}}