{"Test set CV accuracies": [0.6732673267326733, 0.6336633663366337, 0.6019900497512438, 0.6119402985074627, 0.6716417910447762], "Average test set accuracy": 0.6385005664745579, "Average test set F1": 0.6762305219570667, "Best Model Params": {"bootstrap": true, "max_depth": 80, "max_features": 3, "min_samples_leaf": 5, "min_samples_split": 4, "n_estimators": 300}, "_timestamp": 1708466404.455907, "_runtime": 604.6300179958344, "_step": 1, "roc_table": {"_type": "table-file", "sha256": "1d102af9ab48275d26077ac95d4f80f3f774e122e572280a5118f26b8d6da09c", "size": 15977, "artifact_path": "wandb-client-artifact://so413gk3kbvl8i09oz1ixiyjqu7imbel7egmhil31qtupxkya7o787esao90nw19lrjmfx7fjpfbbl83ixlyowinmlw2qhxoq0vl9nffnllc1op502mqb1je7aw6o6c7:latest/roc_table.table.json", "_latest_artifact_path": "wandb-client-artifact://so413gk3kbvl8i09oz1ixiyjqu7imbel7egmhil31qtupxkya7o787esao90nw19lrjmfx7fjpfbbl83ixlyowinmlw2qhxoq0vl9nffnllc1op502mqb1je7aw6o6c7:latest/roc_table.table.json", "path": "media/table/roc_table_1_1d102af9ab48275d2607.table.json", "ncols": 3, "nrows": 847}, "_wandb": {"runtime": 602}}