{"roc_table": {"_type": "table-file", "sha256": "190a7ae06ae6d8fae7c198cdd37860604dbc4b2fbc3afa12ec1a7d00ff78f974", "size": 4597, "artifact_path": "wandb-client-artifact://m1kvcpqjhokt1y9ntxey8sr5lhnlpw0a1nklwkmlp4ukqoq72jrd887tth48svuwi8wqyixf2y6i7ya23q5uak3fcwclrvmsjajsucdqvhj00h2cbgbrul1q663xrziz:latest/roc_table.table.json", "_latest_artifact_path": "wandb-client-artifact://m1kvcpqjhokt1y9ntxey8sr5lhnlpw0a1nklwkmlp4ukqoq72jrd887tth48svuwi8wqyixf2y6i7ya23q5uak3fcwclrvmsjajsucdqvhj00h2cbgbrul1q663xrziz:latest/roc_table.table.json", "path": "media/table/roc_table_0_190a7ae06ae6d8fae7c1.table.json", "ncols": 3, "nrows": 243}, "_timestamp": 1717713643.22371, "_runtime": 15.08984112739563, "_step": 1, "CV accuracies": [0.6609808102345416, 0.6844349680170576, 0.6673773987206824, 0.6631130063965884, 0.6567164179104478], "Average CV accuracy": 0.6665245202558635, "Average CV F1": 0.10472991019204288, "Test set F1": 0.20634920634920637, "Test set accuracy": 0.6138996138996139, "_wandb": {"runtime": 14}}