{"roc_table": {"_type": "table-file", "sha256": "a7b2ec05abf0bbdc90ad5dbb5773889890b46bf9889afc0d6b5d42c72eb252a2", "size": 4604, "artifact_path": "wandb-client-artifact://zm0ka23l4xg19md3umduc4bswww3gmw6sp2q6k4gsyxrbd5ytij2yjtxnaib6pqo5tgam34dk1h2d27eupgf8dmmtotj22yd5ihdk4n5kyrglueafxryftwbbhw70lhc:latest/roc_table.table.json", "_latest_artifact_path": "wandb-client-artifact://zm0ka23l4xg19md3umduc4bswww3gmw6sp2q6k4gsyxrbd5ytij2yjtxnaib6pqo5tgam34dk1h2d27eupgf8dmmtotj22yd5ihdk4n5kyrglueafxryftwbbhw70lhc:latest/roc_table.table.json", "path": "media/table/roc_table_0_a7b2ec05abf0bbdc90ad.table.json", "ncols": 3, "nrows": 220}, "_timestamp": 1710160254.608383, "_runtime": 14.65877103805542, "_step": 1, "CV accuracies": [0.6929133858267716, 0.6299212598425197, 0.6850393700787402, 0.6850393700787402, 0.6746031746031746], "Average CV accuracy": 0.6735033120859892, "Average CV F1": 0.6972400811767626, "Test set F1": 0.7389830508474576, "Test set accuracy": 0.717948717948718, "_wandb": {"runtime": 13}}