{"Best Model Params": {"bootstrap": true, "max_depth": 80, "max_features": 4, "min_samples_leaf": 5, "min_samples_split": 4, "n_estimators": 200}, "roc_table": {"_type": "table-file", "sha256": "e83e2bddedd8cb2a4d4fe2311746f764a6d83806746d5197ab90e30543169e0d", "size": 3778, "artifact_path": "wandb-client-artifact://h1qewg7n61gy9wb1c6ao2uufcvhsxnlyy4kl7eiiivbl4k208serek5jtxv6wykvj5c8wofjhn9mgw3hlkkftpu33l8dpe66evw15h5hsza1o0kb8359pma7owild1v1:latest/roc_table.table.json", "_latest_artifact_path": "wandb-client-artifact://h1qewg7n61gy9wb1c6ao2uufcvhsxnlyy4kl7eiiivbl4k208serek5jtxv6wykvj5c8wofjhn9mgw3hlkkftpu33l8dpe66evw15h5hsza1o0kb8359pma7owild1v1:latest/roc_table.table.json", "path": "media/table/roc_table_0_e83e2bddedd8cb2a4d4f.table.json", "ncols": 3, "nrows": 200}, "_timestamp": 1713429284.860521, "_runtime": 477.8889591693878, "_step": 1, "CV accuracies": [0.9095890410958904, 0.8986301369863013, 0.8876712328767123, 0.8876712328767123, 0.9093406593406593], "Average CV accuracy": 0.8985804606352552, "Average CV F1": 0.8435259732381347, "Test set F1": 0.8460038986354776, "Test set accuracy": 0.8989769820971867, "_wandb": {"runtime": 477}}