{"Test set CV accuracies": [0.7636363636363637, 0.7272727272727273, 0.8727272727272727, 0.7222222222222222, 0.6851851851851852], "Average test set accuracy": 0.7542087542087542, "Average test set F1": 0.7765484842977128, "_timestamp": 1706625017.330527, "_runtime": 400.78620409965515, "_step": 1, "roc_table": {"_type": "table-file", "sha256": "1c04ba403d1b8da4f306ece82e3effedfd2cbf3f60fe79829e20a43ba2b1a54b", "size": 2930, "artifact_path": "wandb-client-artifact://uocaytg2c447kjt77ob3woyaz8jhdk6tuffssnu9m3vaepc3wbkb32qep43jnebdtuggrchlan1vc74gju6trm7p7ke53tx3sid2h6e4xu47wzfoycpsxmdeb0pawzvt:latest/roc_table.table.json", "_latest_artifact_path": "wandb-client-artifact://uocaytg2c447kjt77ob3woyaz8jhdk6tuffssnu9m3vaepc3wbkb32qep43jnebdtuggrchlan1vc74gju6trm7p7ke53tx3sid2h6e4xu47wzfoycpsxmdeb0pawzvt:latest/roc_table.table.json", "path": "media/table/roc_table_1_1c04ba403d1b8da4f306.table.json", "ncols": 3, "nrows": 140}, "_wandb": {"runtime": 399}}