{"Best Model Params": {"bootstrap": true, "max_depth": 80, "max_features": 4, "min_samples_leaf": 3, "min_samples_split": 4, "n_estimators": 200}, "accuracy": 0.6774193548387096, "f1": 0.2222222222222222, "recall": 0.14084507042253522, "precision": 0.5263157894736842, "fbeta": 0.3401360544217687, "roc_table": {"_type": "table-file", "sha256": "953d4f716ac24dda823b36903a1b44af0490f066f763e0009c1e5911d956ed60", "size": 3474, "artifact_path": "wandb-client-artifact://qygaz2ww2bh6hy2k7yr5lrx2qj17z1upd2bn1ioagdovwwhg8ygntbf562kcbuhux82wqmr33gyds945r9dj3r1w00gn1momhb3o07dij6iycfw08hk668eqbds41qcx:latest/roc_table.table.json", "_latest_artifact_path": "wandb-client-artifact://qygaz2ww2bh6hy2k7yr5lrx2qj17z1upd2bn1ioagdovwwhg8ygntbf562kcbuhux82wqmr33gyds945r9dj3r1w00gn1momhb3o07dij6iycfw08hk668eqbds41qcx:latest/roc_table.table.json", "path": "media/table/roc_table_0_953d4f716ac24dda823b.table.json", "ncols": 3, "nrows": 184}, "_timestamp": 1716940572.911677, "_runtime": 351.2883758544922, "_step": 0, "_wandb": {"runtime": 350}}