{"Test set CV accuracies": [0.6089108910891089, 0.6336633663366337, 0.6616915422885572, 0.6467661691542289, 0.6716417910447762], "Average test set accuracy": 0.644534751982661, "Average test set F1": 0.6865612779330861, "Best Model Params": {"bootstrap": true, "max_depth": 80, "max_features": 3, "min_samples_leaf": 3, "min_samples_split": 4, "n_estimators": 100}, "_timestamp": 1708279203.840127, "_runtime": 609.2021269798279, "_step": 1, "roc_table": {"_type": "table-file", "sha256": "f2ce7e788f9ed3fbb7b98f717c5812161e8f08e90fca643c99fc68cf39c16304", "size": 18474, "artifact_path": "wandb-client-artifact://t9zdp6vlwxk61rowu4has3s9rsrzjmtxpmg4i20cms9vq4v69l3hw07qzyue8guykok63cm05fc002u35hzjw317d2ggzl70m4fog5m7l9wf5bt4caq2t4paqw3y7jxd:latest/roc_table.table.json", "_latest_artifact_path": "wandb-client-artifact://t9zdp6vlwxk61rowu4has3s9rsrzjmtxpmg4i20cms9vq4v69l3hw07qzyue8guykok63cm05fc002u35hzjw317d2ggzl70m4fog5m7l9wf5bt4caq2t4paqw3y7jxd:latest/roc_table.table.json", "path": "media/table/roc_table_1_f2ce7e788f9ed3fbb7b9.table.json", "ncols": 3, "nrows": 984}, "_wandb": {"runtime": 608}}