{"Test set CV accuracies": [0.5636363636363636, 0.5636363636363636, 0.45454545454545453, 0.5925925925925926, 0.5], "Average test set accuracy": 0.534882154882155, "Average test set F1": 0.6062219536148674, "_timestamp": 1708602871.699629, "_runtime": 12.206534147262573, "_step": 1, "roc_table": {"_type": "table-file", "sha256": "39f2abdc734e8e80bcd170a96eee4592c0ae65cf3f856610635063905f2c7141", "size": 5262, "artifact_path": "wandb-client-artifact://rr5g0zb1g8cq6agr53d0fqvc1wboe12d7b8947dyc0hpfy2ig2bxz45rhlucdqzo2r9gsft0a9370cto98kh1vnmkxgnu42vj62oh9bo0nx6p2fui7m4vxubla0ag2qw:latest/roc_table.table.json", "_latest_artifact_path": "wandb-client-artifact://rr5g0zb1g8cq6agr53d0fqvc1wboe12d7b8947dyc0hpfy2ig2bxz45rhlucdqzo2r9gsft0a9370cto98kh1vnmkxgnu42vj62oh9bo0nx6p2fui7m4vxubla0ag2qw:latest/roc_table.table.json", "path": "media/table/roc_table_1_39f2abdc734e8e80bcd1.table.json", "ncols": 3, "nrows": 252}, "_wandb": {"runtime": 11}}