{"CV accuracies": [0.9090909090909091, 0.8181818181818182, 0.75, 0.8409090909090909, 0.8636363636363636], "Average CV accuracy": 0.8363636363636363, "Average CV F1": 0.898146494418663, "Test set F1": 0.9161290322580645, "_timestamp": 1709841877.14561, "_runtime": 234.84701704978943, "_step": 1, "roc_table": {"_type": "table-file", "sha256": "ab810382f23c4b180dc7e1b866b445dca89f65edd1f77aa8bf69797537ac1268", "size": 973, "artifact_path": "wandb-client-artifact://ljdmmeawv20ctz5fdglf7ky8agqaekyc6hgisb0igja71t5d21cl0t20sogbxqqay2gir931slko383t66zpbxnmi70voo3vxi3ik2y2wz1y1mgb9jctp5kbsd575gc7:latest/roc_table.table.json", "_latest_artifact_path": "wandb-client-artifact://ljdmmeawv20ctz5fdglf7ky8agqaekyc6hgisb0igja71t5d21cl0t20sogbxqqay2gir931slko383t66zpbxnmi70voo3vxi3ik2y2wz1y1mgb9jctp5kbsd575gc7:latest/roc_table.table.json", "path": "media/table/roc_table_1_ab810382f23c4b180dc7.table.json", "ncols": 3, "nrows": 48}, "_wandb": {"runtime": 234}}