{"Test set CV accuracies": [0.6485148514851485, 0.6831683168316832, 0.6666666666666666, 0.6517412935323383, 0.6915422885572139], "Average test set accuracy": 0.6683266834146101, "Average test set F1": 0.7350143739451844, "Best Model Params": {"bootstrap": true, "max_depth": 80, "max_features": 2, "min_samples_leaf": 3, "min_samples_split": 4, "n_estimators": 300}, "_timestamp": 1707073839.668771, "_runtime": 406.2283000946045, "_step": 1, "roc_table": {"_type": "table-file", "sha256": "fb8ae74a736d458de881a6fbd42357bb0d862520f4d7207f9d98ca47a26a4316", "size": 16255, "artifact_path": "wandb-client-artifact://76d7i8rx6o8grf1umkuku7ziyuqn3jcqg1ov9c89alb2jq3w173ftpsunysx9my5icwxdi8aisrd73tegy3v2nd7l1rgqckcagqe55ck630fpuuzp30kn8e33i3x9h0e:latest/roc_table.table.json", "_latest_artifact_path": "wandb-client-artifact://76d7i8rx6o8grf1umkuku7ziyuqn3jcqg1ov9c89alb2jq3w173ftpsunysx9my5icwxdi8aisrd73tegy3v2nd7l1rgqckcagqe55ck630fpuuzp30kn8e33i3x9h0e:latest/roc_table.table.json", "path": "media/table/roc_table_1_fb8ae74a736d458de881.table.json", "ncols": 3, "nrows": 865}, "_wandb": {"runtime": 405}}