{"Test set CV accuracies": [0.5454545454545454, 0.6, 0.5636363636363636, 0.5555555555555556, 0.48148148148148145], "Average test set accuracy": 0.5492255892255892, "Average test set F1": 0.6041503789181808, "Best Model Params": {"bootstrap": true, "max_depth": 80, "max_features": 4, "min_samples_leaf": 5, "min_samples_split": 4, "n_estimators": 500}, "_timestamp": 1708022272.412981, "_runtime": 300.0282139778137, "_step": 1, "roc_table": {"_type": "table-file", "sha256": "e8b2b28fb97c4000dd51ea9c385849086ed94c21209897a7cd70b87aa292abf2", "size": 6085, "artifact_path": "wandb-client-artifact://uf3mscvg1s0pvn2rcxt8f7d8poy5rm433pllqhssrvdv81336bptfqaujnjbi56nn65ftxlpzb7a4mu621ybiyhou6kzqoo45arwmadl2ox8cy2slrvtmdyy0h1lmlv5:latest/roc_table.table.json", "_latest_artifact_path": "wandb-client-artifact://uf3mscvg1s0pvn2rcxt8f7d8poy5rm433pllqhssrvdv81336bptfqaujnjbi56nn65ftxlpzb7a4mu621ybiyhou6kzqoo45arwmadl2ox8cy2slrvtmdyy0h1lmlv5:latest/roc_table.table.json", "path": "media/table/roc_table_1_e8b2b28fb97c4000dd51.table.json", "ncols": 3, "nrows": 291}, "_wandb": {"runtime": 299}}