{"Test set CV accuracies": [0.509090909090909, 0.5636363636363636, 0.5818181818181818, 0.5740740740740741, 0.5555555555555556], "Average test set accuracy": 0.5568350168350168, "Average test set F1": 0.60092817969019, "Best Model Params": {"bootstrap": true, "max_depth": 80, "max_features": 2, "min_samples_leaf": 5, "min_samples_split": 4, "n_estimators": 300}, "_timestamp": 1708474203.7250009, "_runtime": 404.089626789093, "_step": 1, "roc_table": {"_type": "table-file", "sha256": "74d8945ac2f71cac42318fe3800250190f32d839c5f9dc65404858d3c40026ed", "size": 5661, "artifact_path": "wandb-client-artifact://j46hrni6uzp9elaob85px1j55dv5hpcrudvdo6pw758kuu6bwilozznefony170ry8s6lfzes8hxah0ty80lbx4kw085cm946rel84qg14n9j5k6ief60u5xzir3gh3o:latest/roc_table.table.json", "_latest_artifact_path": "wandb-client-artifact://j46hrni6uzp9elaob85px1j55dv5hpcrudvdo6pw758kuu6bwilozznefony170ry8s6lfzes8hxah0ty80lbx4kw085cm946rel84qg14n9j5k6ief60u5xzir3gh3o:latest/roc_table.table.json", "path": "media/table/roc_table_1_74d8945ac2f71cac4231.table.json", "ncols": 3, "nrows": 271}, "_wandb": {"runtime": 403}}