{"Test set CV accuracies": [0.6732673267326733, 0.6237623762376238, 0.6567164179104478, 0.6119402985074627, 0.6268656716417911], "Average test set accuracy": 0.6385104182059996, "Average test set F1": 0.6834778535049988, "Best Model Params": {"bootstrap": true, "max_depth": 80, "max_features": 2, "min_samples_leaf": 5, "min_samples_split": 4, "n_estimators": 100}, "_timestamp": 1708278505.4107678, "_runtime": 622.9560968875885, "_step": 1, "roc_table": {"_type": "table-file", "sha256": "063c6639da104f3d89ba962074b50e50b079516dadecc9fff09b46d9e2954cf9", "size": 18497, "artifact_path": "wandb-client-artifact://2f666snnxcdnlkc3jm0q9q1chwnzrh6rkkqwci0wbji73pkplhsnzz3h672m7j2nj7g9dz7b5gkjb4zqyxbag3kft8momzy25eyeiquai2ojhf7r03a0z5l9crvbwue2:latest/roc_table.table.json", "_latest_artifact_path": "wandb-client-artifact://2f666snnxcdnlkc3jm0q9q1chwnzrh6rkkqwci0wbji73pkplhsnzz3h672m7j2nj7g9dz7b5gkjb4zqyxbag3kft8momzy25eyeiquai2ojhf7r03a0z5l9crvbwue2:latest/roc_table.table.json", "path": "media/table/roc_table_1_063c6639da104f3d89ba.table.json", "ncols": 3, "nrows": 985}, "_wandb": {"runtime": 622}}