{"Test set CV accuracies": [0.6336633663366337, 0.6039603960396039, 0.6517412935323383, 0.6318407960199005, 0.6368159203980099], "Average test set accuracy": 0.6316043544652972, "Average test set F1": 0.6739558972851032, "_timestamp": 1708604883.906389, "_runtime": 97.51726388931274, "_step": 1, "roc_table": {"_type": "table-file", "sha256": "038ada4546d3243efc66fbb8e81d31d63fec52d04d0fec78e8af7d9f9dea264e", "size": 16871, "artifact_path": "wandb-client-artifact://ldtlo3mrc8ehjdbulbvanh5645lqa2u5005cizgfq94wb6p6uxsv66etj77ar1xboi6urmasrvqakroc1ki5xiac1wksf82hyzcjihps0tmevr5sftas8btf786tbbnv:latest/roc_table.table.json", "_latest_artifact_path": "wandb-client-artifact://ldtlo3mrc8ehjdbulbvanh5645lqa2u5005cizgfq94wb6p6uxsv66etj77ar1xboi6urmasrvqakroc1ki5xiac1wksf82hyzcjihps0tmevr5sftas8btf786tbbnv:latest/roc_table.table.json", "path": "media/table/roc_table_1_038ada4546d3243efc66.table.json", "ncols": 3, "nrows": 897}, "_wandb": {"runtime": 91}}