{"Best Model Params": {"bootstrap": true, "max_depth": 80, "max_features": 4, "min_samples_leaf": 3, "min_samples_split": 4, "n_estimators": 100}, "accuracy": 0.5714285714285714, "f1": 0.4, "recall": 0.2857142857142857, "precision": 0.6666666666666666, "fbeta": 0.5263157894736842, "roc_table": {"_type": "table-file", "sha256": "ca047ec959e532a08fe09ab487932e74924624868c4105b8022e637612fd5c41", "size": 850, "artifact_path": "wandb-client-artifact://t3zharfd1j4bipnzjhm824c40i5w2cdja4z7w8ytdcu8mn2yvobvrkdq0b1dgkfxko9wyk1nbuw5un4tazg0sr2d9fiuh8fdvmnzf8l8ho7ymxgjx68dxei9qjotfp8b:latest/roc_table.table.json", "_latest_artifact_path": "wandb-client-artifact://t3zharfd1j4bipnzjhm824c40i5w2cdja4z7w8ytdcu8mn2yvobvrkdq0b1dgkfxko9wyk1nbuw5un4tazg0sr2d9fiuh8fdvmnzf8l8ho7ymxgjx68dxei9qjotfp8b:latest/roc_table.table.json", "path": "media/table/roc_table_0_ca047ec959e532a08fe0.table.json", "ncols": 3, "nrows": 44}, "_timestamp": 1716936328.1571572, "_runtime": 335.0554881095886, "_step": 0, "_wandb": {"runtime": 334}}