{"Test set CV accuracies": [0.7090909090909091, 0.7272727272727273, 0.6909090909090909, 0.7962962962962963, 0.7222222222222222], "Average test set accuracy": 0.7291582491582492, "Average test set F1": 0.7421576844527664, "Best Model Params": {"criterion": "friedman_mse", "learning_rate": 0.5, "loss": "exponential", "max_features": null, "min_samples_leaf": 1, "min_samples_split": 4, "n_estimators": 200}, "_timestamp": 1708539363.0364292, "_runtime": 899.788336277008, "_step": 1, "roc_table": {"_type": "table-file", "sha256": "a7be711f005d77fb4149b98c7b99dd48b333901c1d67a9ad83e5e3813d1afb40", "size": 3217, "artifact_path": "wandb-client-artifact://oe6qdr9xmetbw37ucbi23fxv8rchdbb2nxugcw8um1exnt8efovuqr0u1po8qbvajwyqm9r1dxswzfoavov43d058jhjbqi09fp4859n5jrv53jwmtnesv0vg6ichghd:latest/roc_table.table.json", "_latest_artifact_path": "wandb-client-artifact://oe6qdr9xmetbw37ucbi23fxv8rchdbb2nxugcw8um1exnt8efovuqr0u1po8qbvajwyqm9r1dxswzfoavov43d058jhjbqi09fp4859n5jrv53jwmtnesv0vg6ichghd:latest/roc_table.table.json", "path": "media/table/roc_table_1_a7be711f005d77fb4149.table.json", "ncols": 3, "nrows": 155}, "_wandb": {"runtime": 899}}