{"Test set CV accuracies": [0.6782178217821783, 0.6336633663366337, 0.6417910447761194, 0.5920398009950248, 0.6318407960199005], "Average test set accuracy": 0.6355105659819713, "Average test set F1": 0.6728293919752172, "_timestamp": 1708606717.8507252, "_runtime": 49.03888010978699, "_step": 1, "roc_table": {"_type": "table-file", "sha256": "a0b8d61961e236c3a585fc689e8da1e750fea923c70dba9f660bcdc41e6069de", "size": 18405, "artifact_path": "wandb-client-artifact://noky1emzm24xyn1zcmttbxz6th3seh1fhfkcetxvh974osb89bgh4g6g5l6jzxh5b675yc8oziidongoc41dxt3052b0m8hgqgjvq81fcz841ok66rf2z37wj8f00b9v:latest/roc_table.table.json", "_latest_artifact_path": "wandb-client-artifact://noky1emzm24xyn1zcmttbxz6th3seh1fhfkcetxvh974osb89bgh4g6g5l6jzxh5b675yc8oziidongoc41dxt3052b0m8hgqgjvq81fcz841ok66rf2z37wj8f00b9v:latest/roc_table.table.json", "path": "media/table/roc_table_1_a0b8d61961e236c3a585.table.json", "ncols": 3, "nrows": 981}, "_wandb": {"runtime": 48}}