{"Test set CV accuracies": [0.5445544554455446, 0.5247524752475248, 0.5572139303482587, 0.5771144278606966, 0.5771144278606966], "Average test set accuracy": 0.5561499433525443, "Average test set F1": 0.6761241010131203, "_timestamp": 1708604435.118668, "_runtime": 12.26033616065979, "_step": 1, "roc_table": {"_type": "table-file", "sha256": "7f1a95dc55ae0564753bbd6c06bd1bbd77c5a8be78d90751e01964c6e41bd48f", "size": 18461, "artifact_path": "wandb-client-artifact://6viv1ho4uwlixsz67o4qa64i5nw711rvobmj53vv5yznbk10fym4sznki6tdocxcbmjf9z3zyu6popty90lc79b41zmss3rufh5f8mmcwjpkplycwkkjt6pogabbzel4:latest/roc_table.table.json", "_latest_artifact_path": "wandb-client-artifact://6viv1ho4uwlixsz67o4qa64i5nw711rvobmj53vv5yznbk10fym4sznki6tdocxcbmjf9z3zyu6popty90lc79b41zmss3rufh5f8mmcwjpkplycwkkjt6pogabbzel4:latest/roc_table.table.json", "path": "media/table/roc_table_1_7f1a95dc55ae0564753b.table.json", "ncols": 3, "nrows": 983}, "_wandb": {"runtime": 11}}