{"roc_table": {"_type": "table-file", "sha256": "176f9bcd3e1cd40c712fe5acf230f7931f70251e631fdf25cd3912910e55e596", "size": 9214, "artifact_path": "wandb-client-artifact://15bxxe27tzmzsnchohb8adtd1qthugg35c9e5vrmb6am4do4sluc0c3web1vzrgjb0ch46xfma3gncnnnehscsj0d4avjbsv8m8w8oujuwr5hw7gc4fxwd0alx6o6u54:latest/roc_table.table.json", "_latest_artifact_path": "wandb-client-artifact://15bxxe27tzmzsnchohb8adtd1qthugg35c9e5vrmb6am4do4sluc0c3web1vzrgjb0ch46xfma3gncnnnehscsj0d4avjbsv8m8w8oujuwr5hw7gc4fxwd0alx6o6u54:latest/roc_table.table.json", "path": "media/table/roc_table_0_176f9bcd3e1cd40c712f.table.json", "ncols": 3, "nrows": 488}, "_timestamp": 1714050094.6574342, "_runtime": 10.152903318405151, "_step": 1, "CV accuracies": [0.7549857549857549, 0.7257142857142858, 0.7714285714285715, 0.7542857142857143, 0.7285714285714285], "Average CV accuracy": 0.746997150997151, "Average CV F1": 0.5608067929366104, "Test set F1": 0.5497630331753554, "Test set accuracy": 0.7453083109919572, "_wandb": {"runtime": 9}}