{"Test set CV accuracies": [0.5636363636363636, 0.43636363636363634, 0.5272727272727272, 0.6296296296296297, 0.5370370370370371], "Average test set accuracy": 0.5387878787878788, "Average test set F1": 0.6116713072035411, "Best Model Params": {"bootstrap": true, "max_depth": 80, "max_features": 4, "min_samples_leaf": 3, "min_samples_split": 4, "n_estimators": 500}, "_timestamp": 1708023201.539184, "_runtime": 317.9916031360626, "_step": 1, "roc_table": {"_type": "table-file", "sha256": "9922804dd3e2a55bc00a5f8284b7832c17c436da3c72566a3fe53ab1872291a1", "size": 5947, "artifact_path": "wandb-client-artifact://cdldvukl8iouqxvug4abvt65kuju986l1q5n3c5dspaqkzev84mrvi6v40857d4hnquxz6e1clm99ea1k8zhiak2mdvzay7hpvdc2skel8shv8qxr0a7ph0u30j6thzf:latest/roc_table.table.json", "_latest_artifact_path": "wandb-client-artifact://cdldvukl8iouqxvug4abvt65kuju986l1q5n3c5dspaqkzev84mrvi6v40857d4hnquxz6e1clm99ea1k8zhiak2mdvzay7hpvdc2skel8shv8qxr0a7ph0u30j6thzf:latest/roc_table.table.json", "path": "media/table/roc_table_1_9922804dd3e2a55bc00a.table.json", "ncols": 3, "nrows": 285}, "_wandb": {"runtime": 317}}