{"Test set CV accuracies": [0.6, 0.5636363636363636, 0.5636363636363636, 0.6111111111111112, 0.4074074074074074], "Average test set accuracy": 0.5491582491582492, "Average test set F1": 0.576540560888387, "Best Model Params": {"bootstrap": true, "max_depth": 80, "max_features": 3, "min_samples_leaf": 5, "min_samples_split": 4, "n_estimators": 500}, "_timestamp": 1708504576.732586, "_runtime": 375.78015899658203, "_step": 1, "roc_table": {"_type": "table-file", "sha256": "d06e2b5bcce93ca8bcaeb62f5c0196d2569589df980a9f62467da2d4c79d2850", "size": 4858, "artifact_path": "wandb-client-artifact://9vctyu8vo83abwa3pc8be9zvo38g4o4it89qh2zxt4jmgeel8aqowdmc54x36cwscq2q15dcj2iounh47w0l40uk8b68e0tnwr8dndfcvtqow7jvvyyd7m60gypep8z3:latest/roc_table.table.json", "_latest_artifact_path": "wandb-client-artifact://9vctyu8vo83abwa3pc8be9zvo38g4o4it89qh2zxt4jmgeel8aqowdmc54x36cwscq2q15dcj2iounh47w0l40uk8b68e0tnwr8dndfcvtqow7jvvyyd7m60gypep8z3:latest/roc_table.table.json", "path": "media/table/roc_table_1_d06e2b5bcce93ca8bcae.table.json", "ncols": 3, "nrows": 232}, "_wandb": {"runtime": 375}}