{"Test set CV accuracies": [0.5544554455445545, 0.5396039603960396, 0.5671641791044776, 0.5422885572139303, 0.6218905472636815], "Average test set accuracy": 0.5650805379045367, "Average test set F1": 0.6513146001328147, "_timestamp": 1708671371.0290182, "_runtime": 61.18628120422363, "_step": 1, "roc_table": {"_type": "table-file", "sha256": "676d9f673660eda9d74521dcd8285f90105061c3cf90995ac6924340ea98f07e", "size": 8408, "artifact_path": "wandb-client-artifact://5k45jyn346drmm981fc7nmyko8178bqvehxrv4r78oq51ib13l2ms18f20o7zi9c1g2o9gi3p3gbz967lg06ywssn6qvjf1ugp18on2d8kayealjsiti32v6l8l8rrhv:latest/roc_table.table.json", "_latest_artifact_path": "wandb-client-artifact://5k45jyn346drmm981fc7nmyko8178bqvehxrv4r78oq51ib13l2ms18f20o7zi9c1g2o9gi3p3gbz967lg06ywssn6qvjf1ugp18on2d8kayealjsiti32v6l8l8rrhv:latest/roc_table.table.json", "path": "media/table/roc_table_1_676d9f673660eda9d745.table.json", "ncols": 3, "nrows": 447}, "_wandb": {"runtime": 35}}