{"accuracy": 0.6538461538461539, "f1": 0.05263157894736842, "recall": 0.027777777777777776, "precision": 0.5, "fbeta": 0.11363636363636363, "roc_table": {"_type": "table-file", "sha256": "b2e43b7fb3443cf06af83ddc513c1232739d20c0b1fff53b158cdd51187867ef", "size": 1815, "artifact_path": "wandb-client-artifact://fjowpyrw4bzl7mcyzb69hia0jotc2pdh1pschwpbx0x7exh8y0in4ofulwyw8pebjg6nvzmmani7p7njb4fb04bm6qcnnolrfkj0vty4sib3zqb4nr7lhnwbe0ndfe7p:latest/roc_table.table.json", "_latest_artifact_path": "wandb-client-artifact://fjowpyrw4bzl7mcyzb69hia0jotc2pdh1pschwpbx0x7exh8y0in4ofulwyw8pebjg6nvzmmani7p7njb4fb04bm6qcnnolrfkj0vty4sib3zqb4nr7lhnwbe0ndfe7p:latest/roc_table.table.json", "path": "media/table/roc_table_0_b2e43b7fb3443cf06af8.table.json", "ncols": 3, "nrows": 95}, "_timestamp": 1717738984.8501818, "_runtime": 11.141117811203003, "_step": 0, "_wandb": {"runtime": 10}}