{"Test set CV accuracies": [0.6041666666666666, 0.6458333333333334, 0.6875, 0.5957446808510638, 0.574468085106383], "Average test set accuracy": 0.6215425531914894, "Average test set F1": 0.5044256643294334, "Best Model Params": {"C": 0.01, "penalty": null}, "_timestamp": 1706635057.9978602, "_runtime": 16.781206130981445, "_step": 1, "roc_table": {"_type": "table-file", "sha256": "b361a0f86163f2de1745a6b9afadec0c7c10cd166ac9ce58e634b3cce4c8aa0f", "size": 4876, "artifact_path": "wandb-client-artifact://wlq8wgjm2rp2vkn0g6ikrnw4xa2z5ic4y5ti3a7jwoqwro8yap3d94gpcosahpk6p57qbjp3meoh83bc9d9e14trukmed12i2npnn7crc2hw8yx2dna4b340hidc2v8n:latest/roc_table.table.json", "_latest_artifact_path": "wandb-client-artifact://wlq8wgjm2rp2vkn0g6ikrnw4xa2z5ic4y5ti3a7jwoqwro8yap3d94gpcosahpk6p57qbjp3meoh83bc9d9e14trukmed12i2npnn7crc2hw8yx2dna4b340hidc2v8n:latest/roc_table.table.json", "path": "media/table/roc_table_1_b361a0f86163f2de1745.table.json", "ncols": 3, "nrows": 233}, "_wandb": {"runtime": 16}}