{"Test set CV accuracies": [0.4, 0.5636363636363636, 0.5818181818181818, 0.6111111111111112, 0.5185185185185185], "Average test set accuracy": 0.5350168350168351, "Average test set F1": 0.5963140458915107, "Best Model Params": {"bootstrap": true, "max_depth": 80, "max_features": 3, "min_samples_leaf": 5, "min_samples_split": 4, "n_estimators": 500}, "_timestamp": 1708287530.868073, "_runtime": 316.3805470466614, "_step": 1, "roc_table": {"_type": "table-file", "sha256": "db689c7f91d69cfc2859eec89ccaf7456f59d60ee70d3d3aca8a1528190fce18", "size": 6753, "artifact_path": "wandb-client-artifact://ijr3f7nff7kbhnssjxbjgz1laxbh23uf3tr0xgvva64p7bch28trpepbdbp58z1y3d4mlkv1um8ecuhqicsesbktv9rk39o0emd3ysc2x952wbfdffzkqplw9koz3hf4:latest/roc_table.table.json", "_latest_artifact_path": "wandb-client-artifact://ijr3f7nff7kbhnssjxbjgz1laxbh23uf3tr0xgvva64p7bch28trpepbdbp58z1y3d4mlkv1um8ecuhqicsesbktv9rk39o0emd3ysc2x952wbfdffzkqplw9koz3hf4:latest/roc_table.table.json", "path": "media/table/roc_table_1_db689c7f91d69cfc2859.table.json", "ncols": 3, "nrows": 323}, "_wandb": {"runtime": 315}}