{"Test set CV accuracies": [0.6, 0.6, 0.4727272727272727, 0.5740740740740741, 0.5370370370370371], "Average test set accuracy": 0.5567676767676768, "Average test set F1": 0.6033438339249506, "Best Model Params": {"bootstrap": true, "max_depth": 80, "max_features": 3, "min_samples_leaf": 5, "min_samples_split": 4, "n_estimators": 500}, "_timestamp": 1708473272.210602, "_runtime": 454.79052114486694, "_step": 1, "roc_table": {"_type": "table-file", "sha256": "1615817f4a547033d21b8bd8ece23055384f3d3add181967cc19beb562ded361", "size": 5081, "artifact_path": "wandb-client-artifact://g8hgsvzgi88ab3x1z5juhy1tek5ew1wkjrpk0x70umhfeq7gd8srw2wkg5jzc07lzcclt2k189vyayg10t2yg5wmi30n0mqm148bb4aiiznc0lsapgwwn81cuxppm8h5:latest/roc_table.table.json", "_latest_artifact_path": "wandb-client-artifact://g8hgsvzgi88ab3x1z5juhy1tek5ew1wkjrpk0x70umhfeq7gd8srw2wkg5jzc07lzcclt2k189vyayg10t2yg5wmi30n0mqm148bb4aiiznc0lsapgwwn81cuxppm8h5:latest/roc_table.table.json", "path": "media/table/roc_table_1_1615817f4a547033d21b.table.json", "ncols": 3, "nrows": 243}, "_wandb": {"runtime": 454}}