{"accuracy": 0.6138996138996139, "f1": 0.29577464788732394, "recall": 0.21875, "precision": 0.45652173913043476, "fbeta": 0.375, "roc_table": {"_type": "table-file", "sha256": "2fa0bd0beeaf0e750a7adb7010a7bd7e2a2759fbcb5d2648880ce70ab7517b5c", "size": 3757, "artifact_path": "wandb-client-artifact://m1c54cbre449np3ndqj2g7jbawa6tf91yekhbswzmhoiq8wrwdtvdgrhrl1sxicxfj3xj9k1plcsb0wczw5a1e0h21o9lblhb848vf14jxpcqq8qt7aeshfrigjyyh8u:latest/roc_table.table.json", "_latest_artifact_path": "wandb-client-artifact://m1c54cbre449np3ndqj2g7jbawa6tf91yekhbswzmhoiq8wrwdtvdgrhrl1sxicxfj3xj9k1plcsb0wczw5a1e0h21o9lblhb848vf14jxpcqq8qt7aeshfrigjyyh8u:latest/roc_table.table.json", "path": "media/table/roc_table_0_2fa0bd0beeaf0e750a7a.table.json", "ncols": 3, "nrows": 199}, "_timestamp": 1716988563.30062, "_runtime": 9.41101598739624, "_step": 0, "_wandb": {"runtime": 8}}