{"Test set CV accuracies": [0.5, 0.5742574257425742, 0.5870646766169154, 0.6268656716417911, 0.572139303482587], "Average test set accuracy": 0.5720654154967735, "Average test set F1": 0.5907981003159001, "_timestamp": 1708604209.213619, "_runtime": 12.348963022232056, "_step": 1, "roc_table": {"_type": "table-file", "sha256": "45382a635eb67ba2b385853d3f549acead5431a0f37454036742eb00eeb39e69", "size": 16921, "artifact_path": "wandb-client-artifact://0iopnzg59b5smb33fs57w5rma3o1outhex0udc3qw9fokwglzlnli89es574bgqx56wvo6zimk1g4ok86uubn52yxi74vl4zyk6aonb9weusqhtror54uima6ycbj7s4:latest/roc_table.table.json", "_latest_artifact_path": "wandb-client-artifact://0iopnzg59b5smb33fs57w5rma3o1outhex0udc3qw9fokwglzlnli89es574bgqx56wvo6zimk1g4ok86uubn52yxi74vl4zyk6aonb9weusqhtror54uima6ycbj7s4:latest/roc_table.table.json", "path": "media/table/roc_table_1_45382a635eb67ba2b385.table.json", "ncols": 3, "nrows": 899}, "_wandb": {"runtime": 11}}