{"Test set CV accuracies": [0.45454545454545453, 0.4909090909090909, 0.5454545454545454, 0.48148148148148145, 0.48148148148148145], "Average test set accuracy": 0.4907744107744107, "Average test set F1": 0.6007878950667025, "Best Model Params": {"bootstrap": true, "max_depth": 80, "max_features": 3, "min_samples_leaf": 3, "min_samples_split": 4, "n_estimators": 500}, "_timestamp": 1708284716.395385, "_runtime": 322.06548595428467, "_step": 1, "roc_table": {"_type": "table-file", "sha256": "b2bc66a2a80e98625ed85b6ee370e077be959c88a6eebcb6d45ebbc39a7fe38d", "size": 4793, "artifact_path": "wandb-client-artifact://rhpdy3h86adog4187rjpu1h4cxkymhn3dewonrvs07a0f95xeefw9s2hw67go6cqdmy2owbavdb0axne0d97f03ce91wsq01rfkg059maom2ktjnmyn50i8ow1zazwnn:latest/roc_table.table.json", "_latest_artifact_path": "wandb-client-artifact://rhpdy3h86adog4187rjpu1h4cxkymhn3dewonrvs07a0f95xeefw9s2hw67go6cqdmy2owbavdb0axne0d97f03ce91wsq01rfkg059maom2ktjnmyn50i8ow1zazwnn:latest/roc_table.table.json", "path": "media/table/roc_table_1_b2bc66a2a80e98625ed8.table.json", "ncols": 3, "nrows": 229}, "_wandb": {"runtime": 321}}