{"Test set CV accuracies": [0.6633663366336634, 0.6633663366336634, 0.6069651741293532, 0.7014925373134329, 0.6467661691542289], "Average test set accuracy": 0.6563913107728683, "Average test set F1": 0.6934049347449014, "Best Model Params": {"bootstrap": true, "max_depth": 80, "max_features": 2, "min_samples_leaf": 4, "min_samples_split": 4, "n_estimators": 200}, "_timestamp": 1708456649.676901, "_runtime": 678.3730092048645, "_step": 1, "roc_table": {"_type": "table-file", "sha256": "8b065f74bb958bb313de605acc95da355928df08a837434d7d96e1e9098d8269", "size": 16930, "artifact_path": "wandb-client-artifact://9w5p8pgv4xlkqhhaoudtb0wf60drd9moslebv6chi96lr6464gj79oxjbcdt94ckm1zyu5oh3sesr12816wslmts2b48mxjm2d8q8jwf1qq7pkxmbra8eziyyxs94d82:latest/roc_table.table.json", "_latest_artifact_path": "wandb-client-artifact://9w5p8pgv4xlkqhhaoudtb0wf60drd9moslebv6chi96lr6464gj79oxjbcdt94ckm1zyu5oh3sesr12816wslmts2b48mxjm2d8q8jwf1qq7pkxmbra8eziyyxs94d82:latest/roc_table.table.json", "path": "media/table/roc_table_1_8b065f74bb958bb313de.table.json", "ncols": 3, "nrows": 900}, "_wandb": {"runtime": 677}}