{"Test set CV accuracies": [0.5454545454545454, 0.5636363636363636, 0.5636363636363636, 0.5555555555555556, 0.5555555555555556], "Average test set accuracy": 0.5567676767676767, "Average test set F1": 0.7152628493257769, "Best Model Params": {"bootstrap": true, "max_depth": 80, "max_features": 2, "min_samples_leaf": 3, "min_samples_split": 4, "n_estimators": 100}, "_timestamp": 1708038616.416779, "_runtime": 365.06183910369873, "_step": 1, "roc_table": {"_type": "table-file", "sha256": "90f1246da1725dbef4387d06389ee2630c06c467c0524132ec0e8534b451b8f5", "size": 114, "artifact_path": "wandb-client-artifact://f6jhtcmlan3n7wunwf1jw1mvo9m5ot32dotvzid1mjw06f2xgzlli1h8ukqw4oml2q8brdsc3msq9q7ud5if63hmllxmsmy3kctk6o0sjh7if194fd1gvbc3jdvl8qzu:latest/roc_table.table.json", "_latest_artifact_path": "wandb-client-artifact://f6jhtcmlan3n7wunwf1jw1mvo9m5ot32dotvzid1mjw06f2xgzlli1h8ukqw4oml2q8brdsc3msq9q7ud5if63hmllxmsmy3kctk6o0sjh7if194fd1gvbc3jdvl8qzu:latest/roc_table.table.json", "path": "media/table/roc_table_1_90f1246da1725dbef438.table.json", "ncols": 3, "nrows": 4}, "_wandb": {"runtime": 364}}