{"Test set CV accuracies": [0.6386138613861386, 0.6138613861386139, 0.7014925373134329, 0.6766169154228856, 0.5671641791044776], "Average test set accuracy": 0.6395497758731097, "Average test set F1": 0.681522615998927, "Best Model Params": {"bootstrap": true, "max_depth": 80, "max_features": 2, "min_samples_leaf": 5, "min_samples_split": 4, "n_estimators": 300}, "_timestamp": 1708506092.334597, "_runtime": 775.0394542217255, "_step": 1, "roc_table": {"_type": "table-file", "sha256": "85ae372f7ed89f8f0ecc5a0e1197389ca880c1900a160213a38ada6c7aaabc0c", "size": 16115, "artifact_path": "wandb-client-artifact://q9054dc494msl5rk56yzqvhouo2nwogn58q1g03usnyzd4333m3qmquuudny5qul52xg87a7nwl74w0kekpv50yd5dfrkmcx6d6gb9gpol0hy9muwjve3lp5t6yvi3u6:latest/roc_table.table.json", "_latest_artifact_path": "wandb-client-artifact://q9054dc494msl5rk56yzqvhouo2nwogn58q1g03usnyzd4333m3qmquuudny5qul52xg87a7nwl74w0kekpv50yd5dfrkmcx6d6gb9gpol0hy9muwjve3lp5t6yvi3u6:latest/roc_table.table.json", "path": "media/table/roc_table_1_85ae372f7ed89f8f0ecc.table.json", "ncols": 3, "nrows": 857}, "_wandb": {"runtime": 774}}