{"Test set CV accuracies": [0.7192982456140351, 0.631578947368421, 0.7543859649122807, 0.7321428571428571, 0.8392857142857143], "Average test set accuracy": 0.7353383458646616, "Average test set F1": 0.6568084892181874, "Best Model Params": {"C": 0.01, "penalty": null}, "_timestamp": 1708417010.024557, "_runtime": 17.70806121826172, "_step": 1, "roc_table": {"_type": "table-file", "sha256": "8b9ffafc100d9af484aa26289355ef70c45a0635c54a9f8a610a320e466dcdf0", "size": 4972, "artifact_path": "wandb-client-artifact://mk9lbixupmcnaz2j6mbpjur57z9axwmgod4mtmlyabttk7e3mwm7w1pc4rm8apw4noaks7q5d7aiur473kmrhomzfezcx9amfxjvszzjp6yq75w6r9dmwi6x1yj4h131:latest/roc_table.table.json", "_latest_artifact_path": "wandb-client-artifact://mk9lbixupmcnaz2j6mbpjur57z9axwmgod4mtmlyabttk7e3mwm7w1pc4rm8apw4noaks7q5d7aiur473kmrhomzfezcx9amfxjvszzjp6yq75w6r9dmwi6x1yj4h131:latest/roc_table.table.json", "path": "media/table/roc_table_1_8b9ffafc100d9af484aa.table.json", "ncols": 3, "nrows": 238}, "_wandb": {"runtime": 16}}