{"Test set CV accuracies": [0.5272727272727272, 0.5272727272727272, 0.5272727272727272, 0.5555555555555556, 0.5555555555555556], "Average test set accuracy": 0.5385858585858585, "Average test set F1": 0.5878045050055617, "_timestamp": 1708607994.515247, "_runtime": 22.476487159729004, "_step": 1, "roc_table": {"_type": "table-file", "sha256": "b98f96c603504576e8faca95fb170051cc388c0a4ee072e198e56b4b08bd9f3d", "size": 5722, "artifact_path": "wandb-client-artifact://xqo7se1jxtcl40te1pfe8d79sut3s21xbixwhg3up6w8v58zy09a0rkscgljb5a2pxhyvnn1e6e98kgliw4w9ovdl6x7kkt69r68tclxkb5wrdtq5jcpv9bcevps51qd:latest/roc_table.table.json", "_latest_artifact_path": "wandb-client-artifact://xqo7se1jxtcl40te1pfe8d79sut3s21xbixwhg3up6w8v58zy09a0rkscgljb5a2pxhyvnn1e6e98kgliw4w9ovdl6x7kkt69r68tclxkb5wrdtq5jcpv9bcevps51qd:latest/roc_table.table.json", "path": "media/table/roc_table_1_b98f96c603504576e8fa.table.json", "ncols": 3, "nrows": 276}, "_wandb": {"runtime": 21}}