{"Test set CV accuracies": [0.6545454545454545, 0.7272727272727273, 0.6727272727272727, 0.6296296296296297, 0.6666666666666666], "Average test set accuracy": 0.6701683501683502, "Average test set F1": 0.71577042717625, "Best Model Params": {"bootstrap": true, "max_depth": 80, "max_features": 4, "min_samples_leaf": 3, "min_samples_split": 8, "n_estimators": 100}, "_timestamp": 1706744035.232882, "_runtime": 283.73892307281494, "_step": 1, "roc_table": {"_type": "table-file", "sha256": "a6b8e0933cee0cd4682aa07d2e9cc6a1573ca8126468cf03e9b46d6eff7120bd", "size": 4350, "artifact_path": "wandb-client-artifact://0ysidpipelyiixzhagboyc2g4zohrrh4uc2c05csrm2zkv5ya0u9ubzrf94w4hqefv9y6y5doo2nh01gykzwi81jm5do0ybm09gwy6sb64ne4c070sc69lo949mx366x:latest/roc_table.table.json", "_latest_artifact_path": "wandb-client-artifact://0ysidpipelyiixzhagboyc2g4zohrrh4uc2c05csrm2zkv5ya0u9ubzrf94w4hqefv9y6y5doo2nh01gykzwi81jm5do0ybm09gwy6sb64ne4c070sc69lo949mx366x:latest/roc_table.table.json", "path": "media/table/roc_table_1_a6b8e0933cee0cd4682a.table.json", "ncols": 3, "nrows": 208}, "_wandb": {"runtime": 282}}