{"Test set CV accuracies": [0.8421052631578947, 0.7894736842105263, 0.8421052631578947, 0.8421052631578947, 0.7894736842105263], "Average test set accuracy": 0.8210526315789475, "Average test set F1": 0.8940854464953137, "Best Model Params": {"bootstrap": true, "max_depth": 80, "max_features": 3, "min_samples_leaf": 3, "min_samples_split": 4, "n_estimators": 100}, "_timestamp": 1707068811.926347, "_runtime": 230.9809980392456, "_step": 1, "roc_table": {"_type": "table-file", "sha256": "3eb7b019c8286d56ae9b70f2aeeecaee4b713fde7c6c936732f97b075f213561", "size": 1182, "artifact_path": "wandb-client-artifact://0zn7kafiats2j16m8rhkhl55yq5wuj5gxxucwez6f5xup9rdn5sul1dqtrwwypfe5mydgjnmo992uuc28qxhoixzg9cv4nbuxudc13mi0klw7c3jr1sqf5jyvi6yytvt:latest/roc_table.table.json", "_latest_artifact_path": "wandb-client-artifact://0zn7kafiats2j16m8rhkhl55yq5wuj5gxxucwez6f5xup9rdn5sul1dqtrwwypfe5mydgjnmo992uuc28qxhoixzg9cv4nbuxudc13mi0klw7c3jr1sqf5jyvi6yytvt:latest/roc_table.table.json", "path": "media/table/roc_table_1_3eb7b019c8286d56ae9b.table.json", "ncols": 3, "nrows": 56}, "_wandb": {"runtime": 230}}