{"Test set CV accuracies": [0.4, 0.5454545454545454, 0.6363636363636364, 0.5740740740740741, 0.37037037037037035], "Average test set accuracy": 0.5052525252525253, "Average test set F1": 0.5790978449884829, "_timestamp": 1708607016.882454, "_runtime": 30.19625186920166, "_step": 1, "roc_table": {"_type": "table-file", "sha256": "0e8b274ae584c80d8733bccf132409feb72ab569bc9ceb6f5796c1d268d31d37", "size": 5756, "artifact_path": "wandb-client-artifact://j3gi5c6k19dx62qurxregq8xs0f1iywaw848yr3bkc02rn3wg3k5lblk80dot8k8i08s7svx1ke6t1sixj3wdnj6c69clrss3e8erxct4adp1o64sakqavmnsvznt2xj:latest/roc_table.table.json", "_latest_artifact_path": "wandb-client-artifact://j3gi5c6k19dx62qurxregq8xs0f1iywaw848yr3bkc02rn3wg3k5lblk80dot8k8i08s7svx1ke6t1sixj3wdnj6c69clrss3e8erxct4adp1o64sakqavmnsvznt2xj:latest/roc_table.table.json", "path": "media/table/roc_table_1_0e8b274ae584c80d8733.table.json", "ncols": 3, "nrows": 276}, "_wandb": {"runtime": 29}}