{"Test set CV accuracies": [0.545, 0.505, 0.53, 0.49246231155778897, 0.5477386934673367], "Average test set accuracy": 0.5240402010050251, "Average test set F1": 0.6021516945060722, "_timestamp": 1708673807.1444988, "_runtime": 36.83773589134216, "_step": 1, "roc_table": {"_type": "table-file", "sha256": "e289fc0503e06e41f2ed331fbd074c50d9682e3def1030e12d12774946773346", "size": 7757, "artifact_path": "wandb-client-artifact://6c1476jy69a81zhdcahdq642migqdqj8li9xcl4dcf60xchbso9dcpbcyeydakwtdwsr9npc5tepfhdw1hrgeamfseap6ewxcbtt23u4gdgxzva2ml4mhxu5444lslu7:latest/roc_table.table.json", "_latest_artifact_path": "wandb-client-artifact://6c1476jy69a81zhdcahdq642migqdqj8li9xcl4dcf60xchbso9dcpbcyeydakwtdwsr9npc5tepfhdw1hrgeamfseap6ewxcbtt23u4gdgxzva2ml4mhxu5444lslu7:latest/roc_table.table.json", "path": "media/table/roc_table_1_e289fc0503e06e41f2ed.table.json", "ncols": 3, "nrows": 411}, "_wandb": {"runtime": 35}}