{"roc_table": {"_type": "table-file", "sha256": "258203e686fd0d627ef8010d8cff8d0fca04970a054f8936c8c1557e6367f82d", "size": 3795, "artifact_path": "wandb-client-artifact://0hqcq9xwaqmbfnhdknxzk9he2wamzm28mr9zwmc79l4ftswblbkrr4hldjii1baucdvulr6tp8ubfvic5n333pyv83memotk62ryl64hbmhuc8yo2c0qzooyoakduk61:latest/roc_table.table.json", "_latest_artifact_path": "wandb-client-artifact://0hqcq9xwaqmbfnhdknxzk9he2wamzm28mr9zwmc79l4ftswblbkrr4hldjii1baucdvulr6tp8ubfvic5n333pyv83memotk62ryl64hbmhuc8yo2c0qzooyoakduk61:latest/roc_table.table.json", "path": "media/table/roc_table_0_258203e686fd0d627ef8.table.json", "ncols": 3, "nrows": 201}, "_timestamp": 1717146281.5276191, "_runtime": 22.0540452003479, "_step": 1, "CV accuracies": [0.6908315565031983, 0.7014925373134329, 0.6886993603411514, 0.6823027718550106, 0.6673773987206824], "Average CV accuracy": 0.6861407249466951, "Average CV F1": 0.35742701079502437, "Test set F1": 0.38888888888888895, "Test set accuracy": 0.6602316602316602, "_wandb": {"runtime": 21}}