{"Test set CV accuracies": [0.6567164179104478, 0.6218905472636815, 0.6766169154228856, 0.6467661691542289, 0.6467661691542289], "Average test set accuracy": 0.6497512437810945, "Average test set F1": 0.708551500352144, "Best Model Params": {"bootstrap": true, "max_depth": 80, "max_features": 4, "min_samples_leaf": 4, "min_samples_split": 4, "n_estimators": 500}, "_timestamp": 1708360098.559516, "_runtime": 399.98446393013, "_step": 1, "roc_table": {"_type": "table-file", "sha256": "9fd0a3f871b4515e60509d97f1cd58c80f6578a2ed7365ec78d30f24efabf7e7", "size": 16930, "artifact_path": "wandb-client-artifact://uozownj7xmprgieeh1iaw3xnpe6lhfyahzds28i7fqmleqiuo74904n89nqbj9o8b7sdgd2z3bl7t6856u08fqqeyiwpoz83w63bwx2bdwfy1b9yqpwtgwy5v9fpw95u:latest/roc_table.table.json", "_latest_artifact_path": "wandb-client-artifact://uozownj7xmprgieeh1iaw3xnpe6lhfyahzds28i7fqmleqiuo74904n89nqbj9o8b7sdgd2z3bl7t6856u08fqqeyiwpoz83w63bwx2bdwfy1b9yqpwtgwy5v9fpw95u:latest/roc_table.table.json", "path": "media/table/roc_table_1_9fd0a3f871b4515e6050.table.json", "ncols": 3, "nrows": 900}, "_wandb": {"runtime": 399}}