{"Best Model Params": {"bootstrap": true, "max_depth": 80, "max_features": 4, "min_samples_leaf": 3, "min_samples_split": 4, "n_estimators": 200}, "accuracy": 0.6216216216216216, "f1": 0.24615384615384617, "recall": 0.16666666666666666, "precision": 0.47058823529411764, "fbeta": 0.3448275862068966, "roc_table": {"_type": "table-file", "sha256": "083ae9df07c02c0346acb179301b40bc3b4bfb2e74ce2043edb2225b7daa2499", "size": 4285, "artifact_path": "wandb-client-artifact://3chz2zllux1v53fg9k966d90kjz5v3yh3rsm81h8q0xmirri6staw5gqfxv1norjue11hg5aenzcuno0mqerdkveuyyitv1ubv8ja3pc1r1hhiuqxlgkub9tt3xnxl82:latest/roc_table.table.json", "_latest_artifact_path": "wandb-client-artifact://3chz2zllux1v53fg9k966d90kjz5v3yh3rsm81h8q0xmirri6staw5gqfxv1norjue11hg5aenzcuno0mqerdkveuyyitv1ubv8ja3pc1r1hhiuqxlgkub9tt3xnxl82:latest/roc_table.table.json", "path": "media/table/roc_table_0_083ae9df07c02c0346ac.table.json", "ncols": 3, "nrows": 227}, "_timestamp": 1717107282.735282, "_runtime": 487.152263879776, "_step": 0, "_wandb": {"runtime": 487}}