{"accuracy": 0.6634615384615384, "f1": 0.10256410256410256, "recall": 0.05555555555555555, "precision": 0.6666666666666666, "fbeta": 0.20833333333333331, "roc_table": {"_type": "table-file", "sha256": "0960773dd2d8892b1617d2ce73e8bf095374a618d0fab951516bdfedc22ada32", "size": 1826, "artifact_path": "wandb-client-artifact://colaibtne77bi0e1np3ewrbluuo2fxj0ydr4hg40x31lbudzl93khigberwf2e2ck16tt4aixpf4gjr3xz04v6nt8dvjjwiq7j8k2y3ilwmy7h0qxnetezv6n510olin:latest/roc_table.table.json", "_latest_artifact_path": "wandb-client-artifact://colaibtne77bi0e1np3ewrbluuo2fxj0ydr4hg40x31lbudzl93khigberwf2e2ck16tt4aixpf4gjr3xz04v6nt8dvjjwiq7j8k2y3ilwmy7h0qxnetezv6n510olin:latest/roc_table.table.json", "path": "media/table/roc_table_0_0960773dd2d8892b1617.table.json", "ncols": 3, "nrows": 96}, "_timestamp": 1717145718.063429, "_runtime": 11.406378030776978, "_step": 0, "_wandb": {"runtime": 10}}