{"roc_table": {"_type": "table-file", "sha256": "37f8df47e4e63aae870692c102e3d93bda9d1ea5398b6d0bf54910d5e0b32942", "size": 3102, "artifact_path": "wandb-client-artifact://gt3x222myqj2ny1hgpiywiye8fqdbe2d4t8k9olpuku23dhpgiyz6x90kfzonqaiwhy00vctyyn2dj1uik7t4ze45550168exl5qnu2lf2070fd1zhs2l4pbroa171hb:latest/roc_table.table.json", "_latest_artifact_path": "wandb-client-artifact://gt3x222myqj2ny1hgpiywiye8fqdbe2d4t8k9olpuku23dhpgiyz6x90kfzonqaiwhy00vctyyn2dj1uik7t4ze45550168exl5qnu2lf2070fd1zhs2l4pbroa171hb:latest/roc_table.table.json", "path": "media/table/roc_table_0_37f8df47e4e63aae8706.table.json", "ncols": 3, "nrows": 148}, "_timestamp": 1710151623.0149739, "_runtime": 14.319414854049683, "_step": 1, "CV accuracies": [0.7716535433070866, 0.8267716535433071, 0.8503937007874016, 0.84251968503937, 0.8412698412698413], "Average CV accuracy": 0.8265216847894014, "Average CV F1": 0.8198250472364084, "Test set F1": 0.8158844765342961, "Test set accuracy": 0.8131868131868132, "_wandb": {"runtime": 13}}