{"roc_table": {"_type": "table-file", "sha256": "712d88dca042aac4c02bca47f4728e105101d3ef89c27cc7c88e1a0e131f54f9", "size": 1135, "artifact_path": "wandb-client-artifact://m55qthc1i6ng0g4d7rh7x0etb5o7oc3smrle2ygx0k3wkh2ad6nr2dgjauqkhx72u1ij91sbz3m03zchb1yk5r5so6xc8ht0jym87ailzg847ri0zb8heeovkgau5j74:latest/roc_table.table.json", "_latest_artifact_path": "wandb-client-artifact://m55qthc1i6ng0g4d7rh7x0etb5o7oc3smrle2ygx0k3wkh2ad6nr2dgjauqkhx72u1ij91sbz3m03zchb1yk5r5so6xc8ht0jym87ailzg847ri0zb8heeovkgau5j74:latest/roc_table.table.json", "path": "media/table/roc_table_0_712d88dca042aac4c02b.table.json", "ncols": 3, "nrows": 61}, "_timestamp": 1715982894.795826, "_runtime": 22.243228912353516, "_step": 1, "CV accuracies": [0.7549909255898367, 0.74, 0.7890909090909091, 0.7054545454545454, 0.78], "Average CV accuracy": 0.7539072760270583, "Average CV F1": 0.5811945330217374, "Test set F1": 0.4, "Test set accuracy": 0.7727272727272727, "_wandb": {"runtime": 21}}