{"Test set CV accuracies": [0.54, 0.575, 0.57, 0.5527638190954773, 0.5025125628140703], "Average test set accuracy": 0.5480552763819095, "Average test set F1": 0.6261039669110604, "_timestamp": 1708672032.8813581, "_runtime": 33.62040424346924, "_step": 1, "roc_table": {"_type": "table-file", "sha256": "24e604ae180306c1100cbef39a0dc8a3165046b301327aabcf6316cfa966d11d", "size": 7963, "artifact_path": "wandb-client-artifact://b887agtti4e5ldjujres4g0hya6mmi4zqtyklqpdjrybzjtrmr5r4xlpcjqkox4rmv0kpzubvc6htktqc3oyhvlqoiwcld5b7lv221r450xkrmhaii97s360h90umgia:latest/roc_table.table.json", "_latest_artifact_path": "wandb-client-artifact://b887agtti4e5ldjujres4g0hya6mmi4zqtyklqpdjrybzjtrmr5r4xlpcjqkox4rmv0kpzubvc6htktqc3oyhvlqoiwcld5b7lv221r450xkrmhaii97s360h90umgia:latest/roc_table.table.json", "path": "media/table/roc_table_1_24e604ae180306c1100c.table.json", "ncols": 3, "nrows": 423}, "_wandb": {"runtime": 32}}