{"Test set CV accuracies": [0.5636363636363636, 0.5818181818181818, 0.5818181818181818, 0.48148148148148145, 0.6296296296296297], "Average test set accuracy": 0.5676767676767678, "Average test set F1": 0.6381337931088045, "Best Model Params": {"bootstrap": true, "max_depth": 80, "max_features": 3, "min_samples_leaf": 5, "min_samples_split": 4, "n_estimators": 300}, "_timestamp": 1708022785.203732, "_runtime": 314.2246730327606, "_step": 1, "roc_table": {"_type": "table-file", "sha256": "64dd9ebb89256e3d24bdae16b6da0caab3f75544f267f9e9f45f71e9a3972671", "size": 6175, "artifact_path": "wandb-client-artifact://pder58m5ixrmz21nqa64n3wcpfclgxf7291b0u4gvork6ryvpn08ofqkwisv80cei0b8s98d4wfs86jhwub26mdmc9rh00q1i4zx7nh1742cdfnoo0oq1m8hvtgl71qh:latest/roc_table.table.json", "_latest_artifact_path": "wandb-client-artifact://pder58m5ixrmz21nqa64n3wcpfclgxf7291b0u4gvork6ryvpn08ofqkwisv80cei0b8s98d4wfs86jhwub26mdmc9rh00q1i4zx7nh1742cdfnoo0oq1m8hvtgl71qh:latest/roc_table.table.json", "path": "media/table/roc_table_1_64dd9ebb89256e3d24bd.table.json", "ncols": 3, "nrows": 295}, "_wandb": {"runtime": 313}}