{"Test set CV accuracies": [0.7192982456140351, 0.6842105263157895, 0.7017543859649122, 0.6607142857142857, 0.7321428571428571], "Average test set accuracy": 0.6996240601503759, "Average test set F1": 0.5268717247664616, "Best Model Params": {"bootstrap": true, "max_depth": 80, "max_features": 3, "min_samples_leaf": 3, "min_samples_split": 8, "n_estimators": 200}, "_timestamp": 1708417494.850523, "_runtime": 366.33477997779846, "_step": 1, "roc_table": {"_type": "table-file", "sha256": "2eca041da1f1cef7edf2f94c891646d8b9a80c3a40c66a5a24f505f652b8d96c", "size": 3580, "artifact_path": "wandb-client-artifact://x5z6vfkh6sjargyh4owsoet36qy32zyf0jqjk93qxkxuhu0q18qhk390cdyr1795n9ahrm4ysu60ow8aeqjjfw6wk19zxsjeqhso62wddln3zall3y6j53kpfv860pkm:latest/roc_table.table.json", "_latest_artifact_path": "wandb-client-artifact://x5z6vfkh6sjargyh4owsoet36qy32zyf0jqjk93qxkxuhu0q18qhk390cdyr1795n9ahrm4ysu60ow8aeqjjfw6wk19zxsjeqhso62wddln3zall3y6j53kpfv860pkm:latest/roc_table.table.json", "path": "media/table/roc_table_1_2eca041da1f1cef7edf2.table.json", "ncols": 3, "nrows": 172}, "_wandb": {"runtime": 365}}