{"Test set CV accuracies": [0.5326633165829145, 0.5326633165829145, 0.5376884422110553, 0.5025125628140703, 0.5808080808080808], "Average test set accuracy": 0.5372671437998071, "Average test set F1": 0.6313963848180592, "_timestamp": 1708671614.97569, "_runtime": 32.97333288192749, "_step": 1, "roc_table": {"_type": "table-file", "sha256": "798f413182d43f50695a168ad56455df334cb7f794902853b41e5f1dda0c4a79", "size": 7520, "artifact_path": "wandb-client-artifact://c9bwhow2zmos7vvv6ay246dwge9qtrk0q6dmmi73h1fqvqbjcyqo076sfkto2jz6j05syhshgyotuomy6ttlt16h4kii8a2ejz9behsliqkgtse3apkv6hq06rjl911x:latest/roc_table.table.json", "_latest_artifact_path": "wandb-client-artifact://c9bwhow2zmos7vvv6ay246dwge9qtrk0q6dmmi73h1fqvqbjcyqo076sfkto2jz6j05syhshgyotuomy6ttlt16h4kii8a2ejz9behsliqkgtse3apkv6hq06rjl911x:latest/roc_table.table.json", "path": "media/table/roc_table_1_798f413182d43f50695a.table.json", "ncols": 3, "nrows": 400}, "_wandb": {"runtime": 32}}