{"Test set CV accuracies": [0.43636363636363634, 0.5454545454545454, 0.4909090909090909, 0.5185185185185185, 0.5555555555555556], "Average test set accuracy": 0.5093602693602695, "Average test set F1": 0.5483135096667953, "_timestamp": 1706627317.5906959, "_runtime": 13.281502962112427, "_step": 1, "roc_table": {"_type": "table-file", "sha256": "5c5b07583de364da3b4868613c97b225fa7febf3ac359fe6d5e1e692643d0033", "size": 5766, "artifact_path": "wandb-client-artifact://u2kfyb2w1vpwp286jvd84k0znjhsvs5ajclruspmufwp7a70phgn1sbt752h0wgzt6qrqekarolhayvb3jy3lojxf4rf2l1946eblnxzpkhd0gwfvqla0qrg5tk9st8x:latest/roc_table.table.json", "_latest_artifact_path": "wandb-client-artifact://u2kfyb2w1vpwp286jvd84k0znjhsvs5ajclruspmufwp7a70phgn1sbt752h0wgzt6qrqekarolhayvb3jy3lojxf4rf2l1946eblnxzpkhd0gwfvqla0qrg5tk9st8x:latest/roc_table.table.json", "path": "media/table/roc_table_1_5c5b07583de364da3b48.table.json", "ncols": 3, "nrows": 276}, "_wandb": {"runtime": 12}}