{"Test set CV accuracies": [0.5742574257425742, 0.6435643564356436, 0.6567164179104478, 0.6019900497512438, 0.5870646766169154], "Average test set accuracy": 0.612718585291365, "Average test set F1": 0.6652331060933421, "_timestamp": 1706265212.706943, "_runtime": 14.502094984054565, "_step": 1, "roc_table": {"_type": "table-file", "sha256": "94826345994bbc55a1b87349864f0e59ff9e41894a9fd2d2738e183940b681c0", "size": 2956, "artifact_path": "wandb-client-artifact://gkms7rf0ccpiuc6l4bj0bzblsmebs506wltiu10ee86fzyzixzzm8si0sna1uc656rymonxsbox0fisqihbv8qrgnxpavs12ms2mzfrdjho256xc04ia0tqdx5758i12:latest/roc_table.table.json", "_latest_artifact_path": "wandb-client-artifact://gkms7rf0ccpiuc6l4bj0bzblsmebs506wltiu10ee86fzyzixzzm8si0sna1uc656rymonxsbox0fisqihbv8qrgnxpavs12ms2mzfrdjho256xc04ia0tqdx5758i12:latest/roc_table.table.json", "path": "media/table/roc_table_1_94826345994bbc55a1b8.table.json", "ncols": 3, "nrows": 156}, "_wandb": {"runtime": 14}}