{"CV accuracies": [0.7007874015748031, 0.7401574803149606, 0.6771653543307087, 0.6535433070866141, 0.6984126984126984], "Average CV accuracy": 0.6940132483439572, "Average CV F1": 0.7267212011390607, "Test set F1": 0.7324840764331211, "_timestamp": 1709826327.104161, "_runtime": 364.5548040866852, "_step": 1, "roc_table": {"_type": "table-file", "sha256": "95e3692d59dc3904fe7ce9d9465225c052620e7d3b4c92eea8479d1565658be8", "size": 3294, "artifact_path": "wandb-client-artifact://kzhsd8e9usmc5dl8bkk0fnjzdlpk3upbvawp7vj6n1u7zzo718b4fxr7o1kppxcmik91tkuoo8jteimh7qz2dotbbnwxf8uualjuzeyzhpux808fo5xjy8ebhrnb0p10:latest/roc_table.table.json", "_latest_artifact_path": "wandb-client-artifact://kzhsd8e9usmc5dl8bkk0fnjzdlpk3upbvawp7vj6n1u7zzo718b4fxr7o1kppxcmik91tkuoo8jteimh7qz2dotbbnwxf8uualjuzeyzhpux808fo5xjy8ebhrnb0p10:latest/roc_table.table.json", "path": "media/table/roc_table_1_95e3692d59dc3904fe7c.table.json", "ncols": 3, "nrows": 158}, "_wandb": {"runtime": 364}}