{"Test set CV accuracies": [0.7090909090909091, 0.6727272727272727, 0.6909090909090909, 0.6296296296296297, 0.6666666666666666], "Average test set accuracy": 0.6738047138047139, "Average test set F1": 0.734604230574035, "Best Model Params": {"bootstrap": true, "max_depth": 80, "max_features": 4, "min_samples_leaf": 3, "min_samples_split": 4, "n_estimators": 100}, "_timestamp": 1706890081.792212, "_runtime": 315.9010078907013, "_step": 1, "roc_table": {"_type": "table-file", "sha256": "bdd48461ec2b718332471dda41d6559f0d2ada3ff143bc753e2d0ce158c2822a", "size": 4617, "artifact_path": "wandb-client-artifact://vm14h1emjqmukqie3crld1snwgbbeob6hcu8hbhvkfi74wqtpckwusylmuwbtld0pg38i1uroqkgej1pfr8dgma3u6udsg58hodffzzo1bp25daodhgpqix21z2jkpyh:latest/roc_table.table.json", "_latest_artifact_path": "wandb-client-artifact://vm14h1emjqmukqie3crld1snwgbbeob6hcu8hbhvkfi74wqtpckwusylmuwbtld0pg38i1uroqkgej1pfr8dgma3u6udsg58hodffzzo1bp25daodhgpqix21z2jkpyh:latest/roc_table.table.json", "path": "media/table/roc_table_1_bdd48461ec2b71833247.table.json", "ncols": 3, "nrows": 221}, "_wandb": {"runtime": 314}}