{"CV accuracies": [0.8863636363636364, 0.75, 0.8181818181818182, 0.75, 0.8409090909090909], "Average CV accuracy": 0.8090909090909092, "Average CV F1": 0.8807626394316582, "Test set F1": 0.8758169934640523, "Best Model Params": {"C": 1.0, "penalty": "l2"}, "_timestamp": 1709842411.002398, "_runtime": 21.534703016281128, "_step": 1, "roc_table": {"_type": "table-file", "sha256": "7093cccb572412ca696f66180d4700baa23d0163eff236435607e29b85b03424", "size": 1099, "artifact_path": "wandb-client-artifact://gtr5bskqd8iwcenza2g36bfsw9cp0rccmd4uy3t42kcm3f8twp9ryknqsxztau17t7xwfemjy50809uqt6wq6u9wduzv0rjwi87sav6dt6dqq4x02pwknzbh73q1wgoq:latest/roc_table.table.json", "_latest_artifact_path": "wandb-client-artifact://gtr5bskqd8iwcenza2g36bfsw9cp0rccmd4uy3t42kcm3f8twp9ryknqsxztau17t7xwfemjy50809uqt6wq6u9wduzv0rjwi87sav6dt6dqq4x02pwknzbh73q1wgoq:latest/roc_table.table.json", "path": "media/table/roc_table_1_7093cccb572412ca696f.table.json", "ncols": 3, "nrows": 55}, "_wandb": {"runtime": 21}}