{"roc_table": {"_type": "table-file", "sha256": "10b3b3b21486763bc13118548ac2ea9d796223ce364008c625bbc946780324c4", "size": 191, "artifact_path": "wandb-client-artifact://krjm2gaj6ejx82irl8601irp1qt2oy1a0ksqrh9hgzfbsyztulmr5eiigtucpa41jovo5qa5nfwjsf0cwx5xl2x8736rnsz28xg68j63af2sv3r67gdx5lk6o933jj7x:latest/roc_table.table.json", "_latest_artifact_path": "wandb-client-artifact://krjm2gaj6ejx82irl8601irp1qt2oy1a0ksqrh9hgzfbsyztulmr5eiigtucpa41jovo5qa5nfwjsf0cwx5xl2x8736rnsz28xg68j63af2sv3r67gdx5lk6o933jj7x:latest/roc_table.table.json", "path": "media/table/roc_table_0_10b3b3b21486763bc131.table.json", "ncols": 3, "nrows": 9}, "_timestamp": 1717738101.6615849, "_runtime": 16.595046758651733, "_step": 1, "CV accuracies": [0.825, 0.725, 0.717948717948718, 0.7948717948717948, 0.7435897435897436], "Average CV accuracy": 0.7612820512820513, "Average CV F1": 0.2937916984975808, "Test set F1": 0.4, "Test set accuracy": 0.85, "_wandb": {"runtime": 15}}