{"roc_table": {"_type": "table-file", "sha256": "d3f3de5eee674597bf8ed2bff190fab04a15b16bd7a7f77cc1408d828806ca63", "size": 1088, "artifact_path": "wandb-client-artifact://ejvwctqlhursjjomxvujat1xan2958nw4wacgwgrkvbl24aqhi2niswmgt9cfpwneth6xi946vp86lcvig08xc50oxk9b75g38q0gqjqb53i4nlpv1c06t85kypo8qst:latest/roc_table.table.json", "_latest_artifact_path": "wandb-client-artifact://ejvwctqlhursjjomxvujat1xan2958nw4wacgwgrkvbl24aqhi2niswmgt9cfpwneth6xi946vp86lcvig08xc50oxk9b75g38q0gqjqb53i4nlpv1c06t85kypo8qst:latest/roc_table.table.json", "path": "media/table/roc_table_0_d3f3de5eee674597bf8e.table.json", "ncols": 3, "nrows": 58}, "_timestamp": 1715983391.371017, "_runtime": 25.69105887413025, "_step": 1, "CV accuracies": [0.7531760435571688, 0.7472727272727273, 0.7054545454545454, 0.7381818181818182, 0.76], "Average CV accuracy": 0.7408170268932519, "Average CV F1": 0.553008708070097, "Test set F1": 0.4848484848484849, "Test set accuracy": 0.7424242424242424, "_wandb": {"runtime": 25}}