{"Test set CV accuracies": [0.5376884422110553, 0.48743718592964824, 0.49246231155778897, 0.5226130653266332, 0.46464646464646464], "Average test set accuracy": 0.5009694939343181, "Average test set F1": 0.5780624794464172, "_timestamp": 1708673432.533185, "_runtime": 250.6172580718994, "_step": 1, "roc_table": {"_type": "table-file", "sha256": "c751c77d88fb7af2936e3be420c291e46b621bff23e51eb66c2e7f69c88f1c9d", "size": 18622, "artifact_path": "wandb-client-artifact://25z1rr4wg6zvehed1lmoq7nfnwsosv4dllhqgawrog9zz61e3h2bmb7cyhb1qwxpxwvqebqna42src8r8z12dfktx71do12lwvi8n1eczy43egrrb547t01kzhbk2g0z:latest/roc_table.table.json", "_latest_artifact_path": "wandb-client-artifact://25z1rr4wg6zvehed1lmoq7nfnwsosv4dllhqgawrog9zz61e3h2bmb7cyhb1qwxpxwvqebqna42src8r8z12dfktx71do12lwvi8n1eczy43egrrb547t01kzhbk2g0z:latest/roc_table.table.json", "path": "media/table/roc_table_1_c751c77d88fb7af2936e.table.json", "ncols": 3, "nrows": 992}, "_wandb": {"runtime": 249}}