{"Test set CV accuracies": [0.5636363636363636, 0.5454545454545454, 0.6363636363636364, 0.5925925925925926, 0.5], "Average test set accuracy": 0.5676094276094276, "Average test set F1": 0.6256518345042934, "_timestamp": 1708674549.521007, "_runtime": 47.60699415206909, "_step": 1, "roc_table": {"_type": "table-file", "sha256": "51c5c6c43f6778a33a4d9e724f21d3c2ea59d693584a945ae6e50b981469c970", "size": 5045, "artifact_path": "wandb-client-artifact://41vklre9aizcbhke93sd6xz0h15qr4racfvtzzu9rhdkwpbrshht3cbd1fb2fusi3ijpzld59jeytv9lxu545rxr4nhupskc44wlx67mhxbj7zw0vxzntnna1040mim2:latest/roc_table.table.json", "_latest_artifact_path": "wandb-client-artifact://41vklre9aizcbhke93sd6xz0h15qr4racfvtzzu9rhdkwpbrshht3cbd1fb2fusi3ijpzld59jeytv9lxu545rxr4nhupskc44wlx67mhxbj7zw0vxzntnna1040mim2:latest/roc_table.table.json", "path": "media/table/roc_table_1_51c5c6c43f6778a33a4d.table.json", "ncols": 3, "nrows": 267}, "_wandb": {"runtime": 46}}