{"Test set CV accuracies": [0.5454545454545454, 0.5636363636363636, 0.5454545454545454, 0.5, 0.5185185185185185], "Average test set accuracy": 0.5346127946127945, "Average test set F1": 0.6631806789701528, "Best Model Params": {"bootstrap": true, "max_depth": 80, "max_features": 2, "min_samples_leaf": 4, "min_samples_split": 4, "n_estimators": 100}, "_timestamp": 1708349248.663326, "_runtime": 328.957200050354, "_step": 1, "roc_table": {"_type": "table-file", "sha256": "c0dd1ea2fa58363406e0183ac5cf7792a0d6a29a24e7954995108766c0249d50", "size": 6208, "artifact_path": "wandb-client-artifact://mo8xr8kw5oo096rxwa2gdhrhubyrvb0wuynxexmvetsc7cqonsg4ithxkuxhpvrxbzfc0fdgmhlwj44pk11hxkc4ckbnh8wobr5beq6nvs2if9u3wgrn5kzx07u4bsec:latest/roc_table.table.json", "_latest_artifact_path": "wandb-client-artifact://mo8xr8kw5oo096rxwa2gdhrhubyrvb0wuynxexmvetsc7cqonsg4ithxkuxhpvrxbzfc0fdgmhlwj44pk11hxkc4ckbnh8wobr5beq6nvs2if9u3wgrn5kzx07u4bsec:latest/roc_table.table.json", "path": "media/table/roc_table_1_c0dd1ea2fa58363406e0.table.json", "ncols": 3, "nrows": 298}, "_wandb": {"runtime": 328}}