{"CV accuracies": [0.5748031496062992, 0.6456692913385826, 0.6141732283464567, 0.6456692913385826, 0.6587301587301587], "Average CV accuracy": 0.627809023872016, "Average CV F1": 0.6239859426008142, "Test set F1": 0.6523297491039426, "Test set accuracy": 0.6446886446886447, "_timestamp": 1709889826.03381, "_runtime": 388.701299905777, "_step": 1, "roc_table": {"_type": "table-file", "sha256": "e146f94dd46b63404d7d54b77f00b98f1636ee0a33bd9d935d15125738156df2", "size": 4968, "artifact_path": "wandb-client-artifact://vdeh50ssk8odf38qs67bifsv2b3gw04tyad0u3c42cmva3rr08wr4b722a44hu8ncbkx4kujqisz4ija5jtmikgwnm82zixnggniq8sl14lg15d6p0wmv1b4d4b3eeph:latest/roc_table.table.json", "_latest_artifact_path": "wandb-client-artifact://vdeh50ssk8odf38qs67bifsv2b3gw04tyad0u3c42cmva3rr08wr4b722a44hu8ncbkx4kujqisz4ija5jtmikgwnm82zixnggniq8sl14lg15d6p0wmv1b4d4b3eeph:latest/roc_table.table.json", "path": "media/table/roc_table_1_e146f94dd46b63404d7d.table.json", "ncols": 3, "nrows": 238}, "_wandb": {"runtime": 388}}