{"roc_table": {"_type": "table-file", "sha256": "5b12500d1c52c13217fdad1f284be4c34dd670a76e03c0de322f7618c47980a9", "size": 6514, "artifact_path": "wandb-client-artifact://vcqgs09zx82s76d0t0rhyh9fte08sntjdcm6bcjaz42zbfq9yo0a91v1vqv8hdywvic2rls1pmc3kxj9tfnajwb51dgyu5sd3b6igozs6crhqdu9ukxgw89tw1o8u6vp:latest/roc_table.table.json", "_latest_artifact_path": "wandb-client-artifact://vcqgs09zx82s76d0t0rhyh9fte08sntjdcm6bcjaz42zbfq9yo0a91v1vqv8hdywvic2rls1pmc3kxj9tfnajwb51dgyu5sd3b6igozs6crhqdu9ukxgw89tw1o8u6vp:latest/roc_table.table.json", "path": "media/table/roc_table_0_5b12500d1c52c13217fd.table.json", "ncols": 3, "nrows": 346}, "_timestamp": 1714048039.132969, "_runtime": 23.832100868225098, "_step": 1, "CV accuracies": [0.7698630136986301, 0.7452054794520548, 0.7753424657534247, 0.7232876712328767, 0.7637362637362637], "Average CV accuracy": 0.75548697877465, "Average CV F1": 0.6132559561523196, "Test set F1": 0.6614785992217899, "Test set accuracy": 0.7774936061381074, "_wandb": {"runtime": 23}}