{"Test set CV accuracies": [0.5297029702970297, 0.5544554455445545, 0.5771144278606966, 0.5870646766169154, 0.5223880597014925], "Average test set accuracy": 0.5541451160041377, "Average test set F1": 0.6400185262569926, "_timestamp": 1708672166.8075058, "_runtime": 44.52733278274536, "_step": 1, "roc_table": {"_type": "table-file", "sha256": "b45d5b739258a107650a264d87c1ea12bc53924618b2ae4cb9875ca02f89b3ac", "size": 8016, "artifact_path": "wandb-client-artifact://ovs8c5h57lpycn2zsz6arcdmi3fhhk2r800kdx1kv51qrapgctxapy9xk9hooiqdzcdrmfwytpkq07j28gy9hvfu9me9bgwqlwfsj9jmimfcfohgi3l4nhyvlp4kmejx:latest/roc_table.table.json", "_latest_artifact_path": "wandb-client-artifact://ovs8c5h57lpycn2zsz6arcdmi3fhhk2r800kdx1kv51qrapgctxapy9xk9hooiqdzcdrmfwytpkq07j28gy9hvfu9me9bgwqlwfsj9jmimfcfohgi3l4nhyvlp4kmejx:latest/roc_table.table.json", "path": "media/table/roc_table_1_b45d5b739258a107650a.table.json", "ncols": 3, "nrows": 425}, "_wandb": {"runtime": 44}}