{"Test set CV accuracies": [0.7272727272727273, 0.4909090909090909, 0.6727272727272727, 0.6481481481481481, 0.5740740740740741], "Average test set accuracy": 0.6226262626262626, "Average test set F1": 0.7073595706867677, "Best Model Params": {"bootstrap": true, "max_depth": 80, "max_features": 4, "min_samples_leaf": 3, "min_samples_split": 4, "n_estimators": 300}, "_timestamp": 1708085640.636598, "_runtime": 308.4267201423645, "_step": 1, "roc_table": {"_type": "table-file", "sha256": "fb7dfad8ab58c9d4db01c7227f18b14572e9fcb61b502f1943e3a19e8accfdb2", "size": 4506, "artifact_path": "wandb-client-artifact://yl95anz3e2mgu4zos7upunn8r5hwsrnleajntsbh4zukyw5dtnypwl0f0fjglgr1wm9qyluv5yi5lsp2arwu7u6isz7w5br57bew8uiq0oznv8jltsd1azx3mmgnyjg7:latest/roc_table.table.json", "_latest_artifact_path": "wandb-client-artifact://yl95anz3e2mgu4zos7upunn8r5hwsrnleajntsbh4zukyw5dtnypwl0f0fjglgr1wm9qyluv5yi5lsp2arwu7u6isz7w5br57bew8uiq0oznv8jltsd1azx3mmgnyjg7:latest/roc_table.table.json", "path": "media/table/roc_table_1_fb7dfad8ab58c9d4db01.table.json", "ncols": 3, "nrows": 216}, "_wandb": {"runtime": 307}}