{"roc_table": {"_type": "table-file", "sha256": "312c60b16e8fa4b1cbc18577c8b75165edbf41278bf99d2eb1bc2c74f2dd056b", "size": 3739, "artifact_path": "wandb-client-artifact://i2a73rkvl2zqrle383lzq3i2keu2ibmagym3reexed185ozh9bysuiy422jw6a22i07og434mkujremhqft52bp54pa612tpb9s90e3mn29v7rlpm7exucog2seb53uw:latest/roc_table.table.json", "_latest_artifact_path": "wandb-client-artifact://i2a73rkvl2zqrle383lzq3i2keu2ibmagym3reexed185ozh9bysuiy422jw6a22i07og434mkujremhqft52bp54pa612tpb9s90e3mn29v7rlpm7exucog2seb53uw:latest/roc_table.table.json", "path": "media/table/roc_table_0_312c60b16e8fa4b1cbc1.table.json", "ncols": 3, "nrows": 199}, "_timestamp": 1715517328.4200718, "_runtime": 15.560771942138672, "_step": 1, "CV accuracies": [0.7555066079295154, 0.762114537444934, 0.7637969094922737, 0.7593818984547461, 0.7947019867549668], "Average CV accuracy": 0.7671003880152872, "Average CV F1": 0.6177341582483936, "Test set F1": 0.6639676113360324, "Test set accuracy": 0.7551622418879056, "_wandb": {"runtime": 14}}