{"Best Model Params": {"bootstrap": true, "max_depth": 80, "max_features": 4, "min_samples_leaf": 3, "min_samples_split": 8, "n_estimators": 200}, "accuracy": 0.673733804475854, "f1": 0.3357314148681055, "recall": 0.23728813559322035, "precision": 0.5737704918032787, "fbeta": 0.4469987228607918, "roc_table": {"_type": "table-file", "sha256": "5b95a28548764d440e8e72adbf8ac456ec838eedb39bad5e57f2d279b260ccdf", "size": 13645, "artifact_path": "wandb-client-artifact://o512w6bx4pmh4ab67umwsojurziestqhn8wmuqde2tngi9w6t95bmpq1puu1uzeslf2il61hr8vmo18xqbai6qjw1mvimwri03ktdaxg6sxj4mnxen7m6y3nmkh8nl44:latest/roc_table.table.json", "_latest_artifact_path": "wandb-client-artifact://o512w6bx4pmh4ab67umwsojurziestqhn8wmuqde2tngi9w6t95bmpq1puu1uzeslf2il61hr8vmo18xqbai6qjw1mvimwri03ktdaxg6sxj4mnxen7m6y3nmkh8nl44:latest/roc_table.table.json", "path": "media/table/roc_table_0_5b95a28548764d440e8e.table.json", "ncols": 3, "nrows": 723}, "_timestamp": 1716933494.769241, "_runtime": 399.429584980011, "_step": 0, "_wandb": {"runtime": 399}}