{"roc_table": {"_type": "table-file", "sha256": "4ac9902471ca6acc5d8135b0d5952f8e742c0bb99c458c9fbdb4bedc061afe06", "size": 16075, "artifact_path": "wandb-client-artifact://ooc9bbrkrhfxcsd0rwctv4k2uuvzdm8mocr30g2ob8f1hqumdku0upxj9ganwqq8icq22lxn2n2aecoj3i3ytu1cvgay68glb8x55mpq1m8ddb0bg2k65zpchf6f7oho:latest/roc_table.table.json", "_latest_artifact_path": "wandb-client-artifact://ooc9bbrkrhfxcsd0rwctv4k2uuvzdm8mocr30g2ob8f1hqumdku0upxj9ganwqq8icq22lxn2n2aecoj3i3ytu1cvgay68glb8x55mpq1m8ddb0bg2k65zpchf6f7oho:latest/roc_table.table.json", "path": "media/table/roc_table_0_4ac9902471ca6acc5d81.table.json", "ncols": 3, "nrows": 853}, "_timestamp": 1710152652.714318, "_runtime": 19.862321138381958, "_step": 1, "CV accuracies": [0.6978723404255319, 0.6638297872340425, 0.6957446808510638, 0.6609808102345416, 0.7078891257995735], "Average CV accuracy": 0.6852633489089507, "Average CV F1": 0.7130314530513031, "Test set F1": 0.6923076923076923, "Test set accuracy": 0.6656716417910448, "_wandb": {"runtime": 18}}