{"Test set CV accuracies": [0.5636363636363636, 0.5454545454545454, 0.5454545454545454, 0.5185185185185185, 0.5], "Average test set accuracy": 0.5346127946127945, "Average test set F1": 0.6806811140666563, "Best Model Params": {"bootstrap": true, "max_depth": 80, "max_features": 2, "min_samples_leaf": 3, "min_samples_split": 8, "n_estimators": 500}, "_timestamp": 1708348320.3943522, "_runtime": 292.1476902961731, "_step": 1, "roc_table": {"_type": "table-file", "sha256": "ddec2af69d7241324dc1935564ae598384f4734860972604c3b2bcb49eafaafa", "size": 5896, "artifact_path": "wandb-client-artifact://z6bfubot0410o5butbc564w12691debsseewdfhmkh6rmsytyby4r6z7y7r80iu07r8yazyfh2dzujbaa9xe56aneqcopjl18znuua6oy3oiq8z5atjl05hl3axw62k6:latest/roc_table.table.json", "_latest_artifact_path": "wandb-client-artifact://z6bfubot0410o5butbc564w12691debsseewdfhmkh6rmsytyby4r6z7y7r80iu07r8yazyfh2dzujbaa9xe56aneqcopjl18znuua6oy3oiq8z5atjl05hl3axw62k6:latest/roc_table.table.json", "path": "media/table/roc_table_1_ddec2af69d7241324dc1.table.json", "ncols": 3, "nrows": 282}, "_wandb": {"runtime": 291}}