{"roc_table": {"_type": "table-file", "sha256": "cc12574f65dac8250e17edc5a4267849208594cb3ed1d894d4ee197ac7ae7b95", "size": 4663, "artifact_path": "wandb-client-artifact://ya4kzn38gyuio9xvrppx4m325z25iurjqa6w8z7hlew9j3imcrkdwrw5fowaevhewu9sczwe231u7ppq8k1zy5gcps58faeqwv4uilmrf3y1llomokr93yip3flnhyru:latest/roc_table.table.json", "_latest_artifact_path": "wandb-client-artifact://ya4kzn38gyuio9xvrppx4m325z25iurjqa6w8z7hlew9j3imcrkdwrw5fowaevhewu9sczwe231u7ppq8k1zy5gcps58faeqwv4uilmrf3y1llomokr93yip3flnhyru:latest/roc_table.table.json", "path": "media/table/roc_table_0_cc12574f65dac8250e17.table.json", "ncols": 3, "nrows": 227}, "_timestamp": 1710151359.798031, "_runtime": 21.48979616165161, "_step": 1, "CV accuracies": [0.7874015748031497, 0.7244094488188977, 0.7716535433070866, 0.8267716535433071, 0.7857142857142857], "Average CV accuracy": 0.7791901012373452, "Average CV F1": 0.7884059643531783, "Test set F1": 0.8122866894197951, "Test set accuracy": 0.7985347985347986, "_wandb": {"runtime": 20}}