{"Test set CV accuracies": [0.5636363636363636, 0.4727272727272727, 0.6363636363636364, 0.6111111111111112, 0.46296296296296297], "Average test set accuracy": 0.5493602693602694, "Average test set F1": 0.6097887658480878, "_timestamp": 1706627655.604256, "_runtime": 16.97993302345276, "_step": 1, "roc_table": {"_type": "table-file", "sha256": "5c208338d855ba65a3e18a2a6ff39ea9106e2e29c98b6c72485e0b2ce4aee8e2", "size": 5862, "artifact_path": "wandb-client-artifact://kbrcm91sdsc0v4ycdd94620nmg3buzk4euae84hveha1fgi9kiakyg4ygzy65x2i9vd2t863po03g1070u0o4vgppuugftxl9u4z12lycxzhw3fb33fkvhwt6yd2jrka:latest/roc_table.table.json", "_latest_artifact_path": "wandb-client-artifact://kbrcm91sdsc0v4ycdd94620nmg3buzk4euae84hveha1fgi9kiakyg4ygzy65x2i9vd2t863po03g1070u0o4vgppuugftxl9u4z12lycxzhw3fb33fkvhwt6yd2jrka:latest/roc_table.table.json", "path": "media/table/roc_table_1_5c208338d855ba65a3e1.table.json", "ncols": 3, "nrows": 280}, "_wandb": {"runtime": 16}}