{"CV accuracies": [0.6456692913385826, 0.6929133858267716, 0.7244094488188977, 0.7007874015748031, 0.746031746031746], "Average CV accuracy": 0.7019622547181602, "Average CV F1": 0.7301528268224511, "Test set F1": 0.7142857142857143, "_timestamp": 1709826776.198824, "_runtime": 350.57681798934937, "_step": 1, "roc_table": {"_type": "table-file", "sha256": "805151db9111a7c2bba0b68392e234822509038396bd33f3d18a5e8fa268de23", "size": 3351, "artifact_path": "wandb-client-artifact://s7kjr50mxg810y7nsea94irypxlt3shpve0iqs3myspzohobb44po6b3lppv3hroeyi0su9kfhifuhvrn17wdjj688ir774daxgta6h0o1tm4jhpbtvt0bwd7ja9o2q5:latest/roc_table.table.json", "_latest_artifact_path": "wandb-client-artifact://s7kjr50mxg810y7nsea94irypxlt3shpve0iqs3myspzohobb44po6b3lppv3hroeyi0su9kfhifuhvrn17wdjj688ir774daxgta6h0o1tm4jhpbtvt0bwd7ja9o2q5:latest/roc_table.table.json", "path": "media/table/roc_table_1_805151db9111a7c2bba0.table.json", "ncols": 3, "nrows": 161}, "_wandb": {"runtime": 350}}