{"CV accuracies": [0.6299212598425197, 0.6929133858267716, 0.6535433070866141, 0.7480314960629921, 0.7777777777777778], "Average CV accuracy": 0.7004374453193349, "Average CV F1": 0.7330558688655138, "Test set F1": 0.7261146496815287, "_timestamp": 1709825418.455032, "_runtime": 283.0688281059265, "_step": 1, "roc_table": {"_type": "table-file", "sha256": "f0f4abc315c562083a1f88927aa5237791e88ef4e94bac9eb8f02ed083575837", "size": 3281, "artifact_path": "wandb-client-artifact://iz86mmiiuc8ll4xvscs0fkwmzm8vuzqvmkxo0ethc18c1pwj22p7by0m8w2mqd07d35pkqo9epaks6hjvlv7axuc4zsm7xuipjvkssnawn6va7r61mqqvzgwkfuavxdq:latest/roc_table.table.json", "_latest_artifact_path": "wandb-client-artifact://iz86mmiiuc8ll4xvscs0fkwmzm8vuzqvmkxo0ethc18c1pwj22p7by0m8w2mqd07d35pkqo9epaks6hjvlv7axuc4zsm7xuipjvkssnawn6va7r61mqqvzgwkfuavxdq:latest/roc_table.table.json", "path": "media/table/roc_table_1_f0f4abc315c562083a1f.table.json", "ncols": 3, "nrows": 157}, "_wandb": {"runtime": 282}}