{"accuracy": 0.6216216216216216, "f1": 0.3, "recall": 0.21875, "precision": 0.4772727272727273, "fbeta": 0.38602941176470595, "roc_table": {"_type": "table-file", "sha256": "f592cab819f3b6210055c6718db83f933759fc273f31a15bb98b964f64679096", "size": 3409, "artifact_path": "wandb-client-artifact://sfpfh3dank4y453wk3i6744nxaxij12mv4jzg9zel21c359szqcbwvjv7wm3ogp4oa1pfkb63s8ojsselrf1dupt7e44m32k4vk636go1ulgxq6f6y63aqbt86fbanc5:latest/roc_table.table.json", "_latest_artifact_path": "wandb-client-artifact://sfpfh3dank4y453wk3i6744nxaxij12mv4jzg9zel21c359szqcbwvjv7wm3ogp4oa1pfkb63s8ojsselrf1dupt7e44m32k4vk636go1ulgxq6f6y63aqbt86fbanc5:latest/roc_table.table.json", "path": "media/table/roc_table_0_f592cab819f3b6210055.table.json", "ncols": 3, "nrows": 181}, "_timestamp": 1716988473.279815, "_runtime": 12.42451786994934, "_step": 0, "_wandb": {"runtime": 11}}