{"roc_table": {"_type": "table-file", "sha256": "053c6558056956b342369f15bd24bc9ed0f682fe754e07e873ea29402a2b518f", "size": 18410, "artifact_path": "wandb-client-artifact://uemmrshoabgo3f9v4tjtddishu547wms50s1osqalgh7pibfh635quauf6shu4mf99zksk324ergmzc03optozi6yjmx40502jjz4445kzjd4hs9vceysir7074qlfjz:latest/roc_table.table.json", "_latest_artifact_path": "wandb-client-artifact://uemmrshoabgo3f9v4tjtddishu547wms50s1osqalgh7pibfh635quauf6shu4mf99zksk324ergmzc03optozi6yjmx40502jjz4445kzjd4hs9vceysir7074qlfjz:latest/roc_table.table.json", "path": "media/table/roc_table_0_053c6558056956b34236.table.json", "ncols": 3, "nrows": 980}, "_timestamp": 1710154207.054452, "_runtime": 13.741804838180542, "_step": 1, "CV accuracies": [0.6021276595744681, 0.5765957446808511, 0.5723404255319149, 0.6098081023454158, 0.6098081023454158], "Average CV accuracy": 0.5941360068956131, "Average CV F1": 0.6756140003189741, "Test set F1": 0.693502824858757, "Test set accuracy": 0.5690168818272096, "_wandb": {"runtime": 12}}