{"Test set CV accuracies": [0.8, 0.8363636363636363, 0.8181818181818182, 0.7777777777777778, 0.7777777777777778], "Average test set accuracy": 0.8020202020202021, "Average test set F1": 0.7942268635688376, "_timestamp": 1706628434.4576378, "_runtime": 675.5873258113861, "_step": 1, "roc_table": {"_type": "table-file", "sha256": "0508f65fcba0821017091d8df6c476b35fa40224f7f84157807a5a62fd020360", "size": 3086, "artifact_path": "wandb-client-artifact://7c0bn0e203pzud8plmj3qmid4p95248iq06dha0ki8db3tyg739opbkqzsw9t9lw6ksgxp5b6u2f7r3bv9oltalv0cov47x3v37yp3fh6lgemj0fw45y11mkzwy16co5:latest/roc_table.table.json", "_latest_artifact_path": "wandb-client-artifact://7c0bn0e203pzud8plmj3qmid4p95248iq06dha0ki8db3tyg739opbkqzsw9t9lw6ksgxp5b6u2f7r3bv9oltalv0cov47x3v37yp3fh6lgemj0fw45y11mkzwy16co5:latest/roc_table.table.json", "path": "media/table/roc_table_1_0508f65fcba082101709.table.json", "ncols": 3, "nrows": 148}, "_wandb": {"runtime": 675}}