{"Test set CV accuracies": [0.6363636363636364, 0.7090909090909091, 0.6545454545454545, 0.6851851851851852, 0.6111111111111112], "Average test set accuracy": 0.6592592592592592, "Average test set F1": 0.7128992162931164, "Best Model Params": {"bootstrap": true, "max_depth": 80, "max_features": 3, "min_samples_leaf": 3, "min_samples_split": 4, "n_estimators": 500}, "_timestamp": 1706822466.128094, "_runtime": 275.52375292778015, "_step": 1, "roc_table": {"_type": "table-file", "sha256": "d637b64a7ecfd08d23f55c5ed19c16b20628ffe6c9cbfbee6907b3b8a89b1067", "size": 4606, "artifact_path": "wandb-client-artifact://5qlh03r5ofm3khi8gvjb9dzho5ghzzrorr80s3x1kh7mulejvgjqehiqmbg036ogo56s2wtxme9ajwp4ecw959t34yd1lc68wamh1cxhn19dspm6z9wl0a0agwz8qcni:latest/roc_table.table.json", "_latest_artifact_path": "wandb-client-artifact://5qlh03r5ofm3khi8gvjb9dzho5ghzzrorr80s3x1kh7mulejvgjqehiqmbg036ogo56s2wtxme9ajwp4ecw959t34yd1lc68wamh1cxhn19dspm6z9wl0a0agwz8qcni:latest/roc_table.table.json", "path": "media/table/roc_table_1_d637b64a7ecfd08d23f5.table.json", "ncols": 3, "nrows": 220}, "_wandb": {"runtime": 275}}