{"CV accuracies": [0.6468085106382979, 0.648936170212766, 0.6510638297872341, 0.67590618336887, 0.6588486140724946], "Average CV accuracy": 0.6563126616159326, "Average CV F1": 0.7302429008416125, "Test set F1": 0.7211538461538461, "_timestamp": 1709832299.591685, "_runtime": 455.37745213508606, "_step": 1, "roc_table": {"_type": "table-file", "sha256": "fa9ec56ff3e1594e8abf844bbc2f7b0aa746806dd09d60de8c82ff5aaad3b86c", "size": 16726, "artifact_path": "wandb-client-artifact://jlr13sjfpebo0sw5kuwwn9cicxc25zrb7d5u9wmndhyx3pg8htd0f99v556a9ijxomni0dimagp2g2bd3hhwbthh58klf16vckdb2g7ecunfpd59gtkqkq4vvd9npnt6:latest/roc_table.table.json", "_latest_artifact_path": "wandb-client-artifact://jlr13sjfpebo0sw5kuwwn9cicxc25zrb7d5u9wmndhyx3pg8htd0f99v556a9ijxomni0dimagp2g2bd3hhwbthh58klf16vckdb2g7ecunfpd59gtkqkq4vvd9npnt6:latest/roc_table.table.json", "path": "media/table/roc_table_1_fa9ec56ff3e1594e8abf.table.json", "ncols": 3, "nrows": 888}, "_wandb": {"runtime": 455}}