{"Test set CV accuracies": [0.6, 0.5272727272727272, 0.4909090909090909, 0.5, 0.5185185185185185], "Average test set accuracy": 0.5273400673400673, "Average test set F1": 0.5776536679319506, "_timestamp": 1708607473.4945412, "_runtime": 20.88028621673584, "_step": 1, "roc_table": {"_type": "table-file", "sha256": "83499831a34a6e909570b20c630723bafe804cf4c656dde23a4e1ccf46e3340e", "size": 5306, "artifact_path": "wandb-client-artifact://n0es1p60wwdsmix34qkzw9318x9nlypvylkfh0kpjbv9z349rrrhxfuk2ngmahpcd8nuon6vrjpkkup2m0h6a2qia2u62ql6w46dm6ktdal3xyn3dar9vnsjny3afy9z:latest/roc_table.table.json", "_latest_artifact_path": "wandb-client-artifact://n0es1p60wwdsmix34qkzw9318x9nlypvylkfh0kpjbv9z349rrrhxfuk2ngmahpcd8nuon6vrjpkkup2m0h6a2qia2u62ql6w46dm6ktdal3xyn3dar9vnsjny3afy9z:latest/roc_table.table.json", "path": "media/table/roc_table_1_83499831a34a6e909570.table.json", "ncols": 3, "nrows": 256}, "_wandb": {"runtime": 20}}