{"Test set CV accuracies": [0.625, 0.6458333333333334, 0.7083333333333334, 0.6382978723404256, 0.6382978723404256], "Average test set accuracy": 0.6511524822695035, "Average test set F1": 0.5576835208414155, "Best Model Params": {"C": 0.01, "penalty": null}, "_timestamp": 1706635017.392721, "_runtime": 15.975399017333984, "_step": 1, "roc_table": {"_type": "table-file", "sha256": "491aa79b21efc5d0638609095715a5172a849e776ac122b27731de24c2b038e6", "size": 4624, "artifact_path": "wandb-client-artifact://wws2ops4v4f3sds9fsqnk1qiy3rps2hggpi4djr4fssjaaxnkh34ivczg09xqq2c983httht2hv2tlcwawnwihjb4dyp487d7x0tvjfbrkb32bqhux10fv6revtt94j5:latest/roc_table.table.json", "_latest_artifact_path": "wandb-client-artifact://wws2ops4v4f3sds9fsqnk1qiy3rps2hggpi4djr4fssjaaxnkh34ivczg09xqq2c983httht2hv2tlcwawnwihjb4dyp487d7x0tvjfbrkb32bqhux10fv6revtt94j5:latest/roc_table.table.json", "path": "media/table/roc_table_1_491aa79b21efc5d06386.table.json", "ncols": 3, "nrows": 221}, "_wandb": {"runtime": 15}}