{"Test set CV accuracies": [0.6, 0.5454545454545454, 0.6181818181818182, 0.4074074074074074, 0.5925925925925926], "Average test set accuracy": 0.5527272727272727, "Average test set F1": 0.6063546390576423, "Best Model Params": {"bootstrap": true, "max_depth": 80, "max_features": 4, "min_samples_leaf": 3, "min_samples_split": 4, "n_estimators": 500}, "_timestamp": 1708021873.433162, "_runtime": 329.00938987731934, "_step": 1, "roc_table": {"_type": "table-file", "sha256": "83466eaffce289a92cedb6c833fbcd3f56af164c3f5d0e353f25a6090d0ccc32", "size": 6253, "artifact_path": "wandb-client-artifact://y2ql9yujuqraun5zrykl82mlgzmdgosrvuvai49rc0vvvcek6cmxxkwfkjo7bz6tpfeo9e5q8lpsf0tts078mi6oegkb5vd4d47dpeaappdsze78eop8lfv842oa5our:latest/roc_table.table.json", "_latest_artifact_path": "wandb-client-artifact://y2ql9yujuqraun5zrykl82mlgzmdgosrvuvai49rc0vvvcek6cmxxkwfkjo7bz6tpfeo9e5q8lpsf0tts078mi6oegkb5vd4d47dpeaappdsze78eop8lfv842oa5our:latest/roc_table.table.json", "path": "media/table/roc_table_1_83466eaffce289a92ced.table.json", "ncols": 3, "nrows": 299}, "_wandb": {"runtime": 328}}