{"accuracy": 0.6293436293436293, "f1": 0.26153846153846155, "recall": 0.17708333333333334, "precision": 0.5, "fbeta": 0.36637931034482757, "roc_table": {"_type": "table-file", "sha256": "0ee4832243b80413a04f08f308676b444cc6e279839d261ace5789c58f28e844", "size": 3065, "artifact_path": "wandb-client-artifact://3bsyn8j55zaeousyup20qxcqr0rsc3kq33gbkgf7fs11zpwby4yyvvk4vbk3gb2w8i5pzb6vue7gtjamxuux7brp0p7dl0sn9ugumsvxenvoj5blo01dxyjup1eahob0:latest/roc_table.table.json", "_latest_artifact_path": "wandb-client-artifact://3bsyn8j55zaeousyup20qxcqr0rsc3kq33gbkgf7fs11zpwby4yyvvk4vbk3gb2w8i5pzb6vue7gtjamxuux7brp0p7dl0sn9ugumsvxenvoj5blo01dxyjup1eahob0:latest/roc_table.table.json", "path": "media/table/roc_table_0_0ee4832243b80413a04f.table.json", "ncols": 3, "nrows": 163}, "_timestamp": 1717105622.8086169, "_runtime": 15.922262907028198, "_step": 0, "_wandb": {"runtime": 15}}