{"roc_table": {"_type": "table-file", "sha256": "9050215744b610a8204b4e0ada358d30f37a49e68213a56251c02aebaee58077", "size": 1184, "artifact_path": "wandb-client-artifact://r6msf19snd19p0erdz7nicxzyaxybnmzquf0yfpvhxq7n0x9xtfmi60jbo06a7uph6krjhgabvk7koax08g0z7d0ll6n9ko8n65azpc85h6pk8ambf267n9obd4p1sm8:latest/roc_table.table.json", "_latest_artifact_path": "wandb-client-artifact://r6msf19snd19p0erdz7nicxzyaxybnmzquf0yfpvhxq7n0x9xtfmi60jbo06a7uph6krjhgabvk7koax08g0z7d0ll6n9ko8n65azpc85h6pk8ambf267n9obd4p1sm8:latest/roc_table.table.json", "path": "media/table/roc_table_0_9050215744b610a8204b.table.json", "ncols": 3, "nrows": 62}, "_timestamp": 1717739137.460109, "_runtime": 10.778341054916382, "_step": 1, "CV accuracies": [0.732484076433121, 0.7371794871794872, 0.7692307692307693, 0.7307692307692307, 0.7371794871794872], "Average CV accuracy": 0.7413686101584192, "Average CV F1": 0.16437063833337123, "Test set F1": 0.25, "Test set accuracy": 0.7631578947368421, "_wandb": {"runtime": 10}}