{"Test set CV accuracies": [0.5818181818181818, 0.6909090909090909, 0.5454545454545454, 0.7037037037037037, 0.6481481481481481], "Average test set accuracy": 0.6340067340067339, "Average test set F1": 0.7374448805931622, "Best Model Params": {"bootstrap": true, "max_depth": 80, "max_features": 4, "min_samples_leaf": 5, "min_samples_split": 4, "n_estimators": 500}, "_timestamp": 1708081500.856947, "_runtime": 325.53405690193176, "_step": 1, "roc_table": {"_type": "table-file", "sha256": "3cb03a6c097abe26e53080a39cc5622ab0b70f347c338c181517a57d4281f263", "size": 5698, "artifact_path": "wandb-client-artifact://0w8g3y87gk95o8p45oj397w41tg5ri8z3iqpmcgipwthegwaqk34o16xj9bhmn1o52cft1tfcafqphe3xq9i7hwvv855wxz969ge27sjant39e54v8yettjuoh85ur57:latest/roc_table.table.json", "_latest_artifact_path": "wandb-client-artifact://0w8g3y87gk95o8p45oj397w41tg5ri8z3iqpmcgipwthegwaqk34o16xj9bhmn1o52cft1tfcafqphe3xq9i7hwvv855wxz969ge27sjant39e54v8yettjuoh85ur57:latest/roc_table.table.json", "path": "media/table/roc_table_1_3cb03a6c097abe26e530.table.json", "ncols": 3, "nrows": 272}, "_wandb": {"runtime": 324}}