{"Test set CV accuracies": [0.4, 0.43636363636363634, 0.5818181818181818, 0.6666666666666666, 0.6296296296296297], "Average test set accuracy": 0.542895622895623, "Average test set F1": 0.6058586870901853, "Best Model Params": {"bootstrap": true, "max_depth": 80, "max_features": 3, "min_samples_leaf": 3, "min_samples_split": 8, "n_estimators": 100}, "_timestamp": 1708289409.963, "_runtime": 315.39165115356445, "_step": 1, "roc_table": {"_type": "table-file", "sha256": "cc5c93b5eb39ddebcb35bd64e3e2c2e58308ed1049c2b7faee4ba1518998468e", "size": 6127, "artifact_path": "wandb-client-artifact://su3ugqd6fydayt6vggafw2dcf5hmugtfui4g2q9bn8j5vbyqfx4ujk5q359qgcjolua5fcy0mglh67h2iq0c1d5exej9mgsa6kekrz3vy4bkijsunxiatgj6orddbsn3:latest/roc_table.table.json", "_latest_artifact_path": "wandb-client-artifact://su3ugqd6fydayt6vggafw2dcf5hmugtfui4g2q9bn8j5vbyqfx4ujk5q359qgcjolua5fcy0mglh67h2iq0c1d5exej9mgsa6kekrz3vy4bkijsunxiatgj6orddbsn3:latest/roc_table.table.json", "path": "media/table/roc_table_1_cc5c93b5eb39ddebcb35.table.json", "ncols": 3, "nrows": 293}, "_wandb": {"runtime": 314}}