{"roc_table": {"_type": "table-file", "sha256": "a66b09cf489074b30aa1da702d04f6c8c129255af0442f603bfb6dc6dd7c7f36", "size": 153, "artifact_path": "wandb-client-artifact://bilkpeejnm817a9p6dhc4iv2tq68u153jekvlhpoexqkg08v0tp3bmxivgi04k96gus8zvg2vvonwmtcbnq8uoojzn7aqrzvbtvanmfp1cidiunru8nvc119ateasgvp:latest/roc_table.table.json", "_latest_artifact_path": "wandb-client-artifact://bilkpeejnm817a9p6dhc4iv2tq68u153jekvlhpoexqkg08v0tp3bmxivgi04k96gus8zvg2vvonwmtcbnq8uoojzn7aqrzvbtvanmfp1cidiunru8nvc119ateasgvp:latest/roc_table.table.json", "path": "media/table/roc_table_0_a66b09cf489074b30aa1.table.json", "ncols": 3, "nrows": 7}, "_timestamp": 1717737291.718812, "_runtime": 16.240324020385742, "_step": 1, "CV accuracies": [0.775, 0.725, 0.8205128205128205, 0.8205128205128205, 0.717948717948718], "Average CV accuracy": 0.7717948717948717, "Average CV F1": 0.23763791763791767, "Test set F1": 0.6666666666666666, "Test set accuracy": 0.95, "_wandb": {"runtime": 15}}