{"Test set CV accuracies": [0.5742574257425742, 0.4752475247524752, 0.5472636815920398, 0.5522388059701493, 0.5223880597014925], "Average test set accuracy": 0.5342790995517462, "Average test set F1": 0.5649763731387447, "_timestamp": 1708672244.389011, "_runtime": 24.83804678916931, "_step": 1, "roc_table": {"_type": "table-file", "sha256": "d95397f5a74be1d76e6eb47d6f3bb32bd9748dc79a7cdc761eacd715874b38c8", "size": 18650, "artifact_path": "wandb-client-artifact://da1hhic5msdwqbwvieimllym5cmszr31wuhcaezyks1a4t3cqdh7ewpx3j3ppyuxky3wkqbsuxoi2h8q754umxq26jqza3z5ciljcjcf3zub3mzco9pgh45bj92k6bcf:latest/roc_table.table.json", "_latest_artifact_path": "wandb-client-artifact://da1hhic5msdwqbwvieimllym5cmszr31wuhcaezyks1a4t3cqdh7ewpx3j3ppyuxky3wkqbsuxoi2h8q754umxq26jqza3z5ciljcjcf3zub3mzco9pgh45bj92k6bcf:latest/roc_table.table.json", "path": "media/table/roc_table_1_d95397f5a74be1d76e6e.table.json", "ncols": 3, "nrows": 992}, "_wandb": {"runtime": 23}}