{"Test set CV accuracies": [0.5454545454545454, 0.45454545454545453, 0.6181818181818182, 0.5555555555555556, 0.5555555555555556], "Average test set accuracy": 0.5458585858585858, "Average test set F1": 0.6310262319900873, "Best Model Params": {"activation": "relu", "alpha": 0.005, "hidden_layer_sizes": [200], "learning_rate": "constant", "solver": "adam"}, "_timestamp": 1707991876.3476312, "_runtime": 3639.179607152939, "_step": 1, "roc_table": {"_type": "table-file", "sha256": "98e0ca30b1cac75a6d3e17ecfc59928dbb7f1fa74572fd5f262f04c84b179766", "size": 5938, "path": "media/table/roc_table_1_98e0ca30b1cac75a6d3e.table.json", "ncols": 3, "nrows": 284}, "_wandb": {"runtime": 3639}}