{"roc_table": {"_type": "table-file", "sha256": "73dbbccb8a994585b4ee36fee801744e17a400c1907c1bc57d17bff716dab6cd", "size": 3870, "artifact_path": "wandb-client-artifact://cgn9uotckjza4lpnucq8wew582q4iukqyt8q8cvl527bvuh6tg9t2atmk5q8ibpct6yhbop7d6f7y3hcst4vjtuv36i1hrxo759nlkods4tx6w3e5im7k2lx1gexcx0t:latest/roc_table.table.json", "_latest_artifact_path": "wandb-client-artifact://cgn9uotckjza4lpnucq8wew582q4iukqyt8q8cvl527bvuh6tg9t2atmk5q8ibpct6yhbop7d6f7y3hcst4vjtuv36i1hrxo759nlkods4tx6w3e5im7k2lx1gexcx0t:latest/roc_table.table.json", "path": "media/table/roc_table_0_73dbbccb8a994585b4ee.table.json", "ncols": 3, "nrows": 206}, "_timestamp": 1715517483.257331, "_runtime": 22.941037893295288, "_step": 1, "CV accuracies": [0.7400881057268722, 0.7775330396475771, 0.7571743929359823, 0.7660044150110376, 0.7902869757174393], "Average CV accuracy": 0.7662173858077818, "Average CV F1": 0.6195606724934237, "Test set F1": 0.6558704453441295, "Test set accuracy": 0.7492625368731564, "_wandb": {"runtime": 22}}