{"Test set CV accuracies": [0.7636363636363637, 0.7636363636363637, 0.6909090909090909, 0.6851851851851852, 0.7592592592592593], "Average test set accuracy": 0.7325252525252525, "Average test set F1": 0.7791174688286171, "Best Model Params": {"bootstrap": true, "max_depth": 80, "max_features": 4, "min_samples_leaf": 3, "min_samples_split": 4, "n_estimators": 100}, "_timestamp": 1708537154.8414552, "_runtime": 340.1338872909546, "_step": 1, "roc_table": {"_type": "table-file", "sha256": "7f122989869783296697d1c7c8a9b4c157a06b0b9b3078752f012dec80130fea", "size": 3346, "artifact_path": "wandb-client-artifact://4hlspfshwds5u35csjy2h1fmjn620qxwjhor42l46z74cj8a3xrp4zh0qnpcojrausqqxhzou6rk8h7au3aigf09ank7mioxpnppthcbkd7nst7p5vd08tgrhm9v1e7t:latest/roc_table.table.json", "_latest_artifact_path": "wandb-client-artifact://4hlspfshwds5u35csjy2h1fmjn620qxwjhor42l46z74cj8a3xrp4zh0qnpcojrausqqxhzou6rk8h7au3aigf09ank7mioxpnppthcbkd7nst7p5vd08tgrhm9v1e7t:latest/roc_table.table.json", "path": "media/table/roc_table_1_7f122989869783296697.table.json", "ncols": 3, "nrows": 160}, "_wandb": {"runtime": 339}}