{"Best Model Params": {"bootstrap": true, "max_depth": 80, "max_features": 3, "min_samples_leaf": 3, "min_samples_split": 4, "n_estimators": 500}, "roc_table": {"_type": "table-file", "sha256": "2c875522eb1adf098682f43340de1f10fc09c2720a85563f5322aa3a9f7affde", "size": 93, "artifact_path": "wandb-client-artifact://mtm4erhvbu3mjdbosfh18dhf9gxa1w3ngtvuzbuejz2qrbfjfmc977x558szyxx1ds1mib21q3k2to6g062cej9tcxg43sfvju72p4u5xnc2przmxpjro2xqdujo4jsj:latest/roc_table.table.json", "_latest_artifact_path": "wandb-client-artifact://mtm4erhvbu3mjdbosfh18dhf9gxa1w3ngtvuzbuejz2qrbfjfmc977x558szyxx1ds1mib21q3k2to6g062cej9tcxg43sfvju72p4u5xnc2przmxpjro2xqdujo4jsj:latest/roc_table.table.json", "path": "media/table/roc_table_0_2c875522eb1adf098682.table.json", "ncols": 3, "nrows": 3}, "_timestamp": 1713424525.8667772, "_runtime": 479.0113651752472, "_step": 1, "CV accuracies": [0.9299610894941635, 0.8599221789883269, 0.8988326848249028, 0.9105058365758755, 0.8984375], "Average CV accuracy": 0.8995318579766536, "Average CV F1": 0.8996371573562645, "Test set F1": 0.9492273730684327, "Test set accuracy": 0.9033613445378151, "_wandb": {"runtime": 478}}