{"Best Model Params": {"bootstrap": true, "max_depth": 80, "max_features": 4, "min_samples_leaf": 3, "min_samples_split": 8, "n_estimators": 100}, "accuracy": 0.6332046332046332, "f1": 0.2748091603053435, "recall": 0.1875, "precision": 0.5142857142857142, "fbeta": 0.3813559322033898, "roc_table": {"_type": "table-file", "sha256": "a410a250d1fdfebdc3754723fa11e76f35d6fd46dce7e6a048634e5b2281ec89", "size": 3988, "artifact_path": "wandb-client-artifact://8gxpstgdhbcib6xnfg7r5sadztm7qpvceypouapptlu53tu4u83tadpv3ywpxilcsnpjh79orf52dyvo4v9bu3wi0u7n3qqwj20tp27skwnqyqx8bh2f71v5ss27161v:latest/roc_table.table.json", "_latest_artifact_path": "wandb-client-artifact://8gxpstgdhbcib6xnfg7r5sadztm7qpvceypouapptlu53tu4u83tadpv3ywpxilcsnpjh79orf52dyvo4v9bu3wi0u7n3qqwj20tp27skwnqyqx8bh2f71v5ss27161v:latest/roc_table.table.json", "path": "media/table/roc_table_0_a410a250d1fdfebdc375.table.json", "ncols": 3, "nrows": 210}, "_timestamp": 1717714854.160515, "_runtime": 502.51519799232483, "_step": 0, "_wandb": {"runtime": 502}}