{"roc_table": {"_type": "table-file", "sha256": "c551db6a5107a35e3484324ab230347eca9e1ccf28ed6f7fabf1273a055ca8cf", "size": 5423, "artifact_path": "wandb-client-artifact://hufa5tty5jueo867kip05lhwbh5q9fg66nv086oj9u0cnt95u3nnkpfre05jo7hxllf0kqzgl75ekooodlbavbif4y5gc2bkx6wrgo8son9g486prjyi661svw62wcxg:latest/roc_table.table.json", "_latest_artifact_path": "wandb-client-artifact://hufa5tty5jueo867kip05lhwbh5q9fg66nv086oj9u0cnt95u3nnkpfre05jo7hxllf0kqzgl75ekooodlbavbif4y5gc2bkx6wrgo8son9g486prjyi661svw62wcxg:latest/roc_table.table.json", "path": "media/table/roc_table_0_c551db6a5107a35e3484.table.json", "ncols": 3, "nrows": 303}, "_timestamp": 1714047917.803057, "_runtime": 21.122906923294067, "_step": 1, "CV accuracies": [0.9088319088319088, 0.9371428571428572, 0.9314285714285714, 0.9428571428571428, 0.9314285714285714], "Average CV accuracy": 0.9303378103378103, "Average CV F1": 0.8951826482170521, "Test set F1": 0.9072164948453607, "Test set accuracy": 0.9396782841823056, "_wandb": {"runtime": 20}}