{"CV accuracies": [0.6659574468085107, 0.6659574468085107, 0.648936170212766, 0.7121535181236673, 0.6801705756929638], "Average CV accuracy": 0.6746350315292837, "Average CV F1": 0.7264893392150511, "Test set F1": 0.6890034364261168, "Best Model Params": {"criterion": "friedman_mse", "learning_rate": 0.05, "loss": "log_loss", "max_features": null, "min_samples_leaf": 5, "min_samples_split": 2, "n_estimators": 200}, "_timestamp": 1709835459.1685529, "_runtime": 1942.270154953003, "_step": 1, "roc_table": {"_type": "table-file", "sha256": "e84b28de38301933223f219e9d25b796d91fa83948e8a5f1ac21a9400b228e06", "size": 16782, "artifact_path": "wandb-client-artifact://h83qv9b57vztqptscn4r6r9m4mf6wiubtldbxlhjoygsbrlxc63sooj8lw8oiff463r3l884490csrymtmogn17sv10ekti05lwfqpia247ya19vmrgwhqne46ciuss7:latest/roc_table.table.json", "_latest_artifact_path": "wandb-client-artifact://h83qv9b57vztqptscn4r6r9m4mf6wiubtldbxlhjoygsbrlxc63sooj8lw8oiff463r3l884490csrymtmogn17sv10ekti05lwfqpia247ya19vmrgwhqne46ciuss7:latest/roc_table.table.json", "path": "media/table/roc_table_1_e84b28de38301933223f.table.json", "ncols": 3, "nrows": 892}, "_wandb": {"runtime": 1942}}