{"roc_table": {"_type": "table-file", "sha256": "742024704085555ae94cab0437b9d1034f818ed676b92d83916bf50d5546d528", "size": 3424, "artifact_path": "wandb-client-artifact://qfk3crca86gyst3heyae6abow3w8ek140a1sl2r7hy3ux7k3p406ixveh3gll1t67xzrhmr9k7k22mktl2llcq8z9vfairlpw1jq4r4fxtki4l069352g9fsf1wlxmbm:latest/roc_table.table.json", "_latest_artifact_path": "wandb-client-artifact://qfk3crca86gyst3heyae6abow3w8ek140a1sl2r7hy3ux7k3p406ixveh3gll1t67xzrhmr9k7k22mktl2llcq8z9vfairlpw1jq4r4fxtki4l069352g9fsf1wlxmbm:latest/roc_table.table.json", "path": "media/table/roc_table_0_742024704085555ae94c.table.json", "ncols": 3, "nrows": 182}, "_timestamp": 1715982664.439147, "_runtime": 29.58968210220337, "_step": 1, "CV accuracies": [0.6997635933806147, 0.7257683215130024, 0.7186761229314421, 0.7186761229314421, 0.6966824644549763], "Average CV accuracy": 0.7119133250422955, "Average CV F1": 0.5945512096580737, "Test set F1": 0.016, "Test set accuracy": 0.8250355618776671, "_wandb": {"runtime": 29}}