{"Test set CV accuracies": [0.5818181818181818, 0.509090909090909, 0.5818181818181818, 0.5370370370370371, 0.5370370370370371], "Average test set accuracy": 0.5493602693602694, "Average test set F1": 0.6226120344055259, "Best Model Params": {"bootstrap": true, "max_depth": 80, "max_features": 3, "min_samples_leaf": 4, "min_samples_split": 4, "n_estimators": 200}, "_timestamp": 1708286797.937702, "_runtime": 287.26263403892517, "_step": 1, "roc_table": {"_type": "table-file", "sha256": "fbf9449d7a2b802dc7e6b302247559b8979f212d1511323bab8e3e3e05b7bacf", "size": 6481, "artifact_path": "wandb-client-artifact://tp461y5o00vbnjpresy3almtz9dzc7q1cjh211wsoarwok9pg68ifuqzuljzd4i01cufwrll4l342mjaiu4znzdc8py6o0e5tbjht686u1h6gvo0v6iwj8zelqxeynjz:latest/roc_table.table.json", "_latest_artifact_path": "wandb-client-artifact://tp461y5o00vbnjpresy3almtz9dzc7q1cjh211wsoarwok9pg68ifuqzuljzd4i01cufwrll4l342mjaiu4znzdc8py6o0e5tbjht686u1h6gvo0v6iwj8zelqxeynjz:latest/roc_table.table.json", "path": "media/table/roc_table_1_fbf9449d7a2b802dc7e6.table.json", "ncols": 3, "nrows": 311}, "_wandb": {"runtime": 286}}