{"Test set CV accuracies": [0.5792079207920792, 0.4306930693069307, 0.48258706467661694, 0.5671641791044776, 0.4925373134328358], "Average test set accuracy": 0.510437909462588, "Average test set F1": 0.49466551591674346, "_timestamp": 1708679616.598733, "_runtime": 18.944396018981934, "_step": 1, "roc_table": {"_type": "table-file", "sha256": "8731e9ffc960c3adb7a6f60f2c07d70b00ae7a6fc5ad7a3ef1ebe0640b5e6538", "size": 6658, "artifact_path": "wandb-client-artifact://4d7rtnja8953mjaxxhtm4j1fpdauyfmudlsos1jeiy9z2i3l2kbob35ui48i5zbvkngce0j0nf7km7852p6qiqv96f200iieoofgqgbzlkjbwxuglwhzzbq9qnd92wd9:latest/roc_table.table.json", "_latest_artifact_path": "wandb-client-artifact://4d7rtnja8953mjaxxhtm4j1fpdauyfmudlsos1jeiy9z2i3l2kbob35ui48i5zbvkngce0j0nf7km7852p6qiqv96f200iieoofgqgbzlkjbwxuglwhzzbq9qnd92wd9:latest/roc_table.table.json", "path": "media/table/roc_table_1_8731e9ffc960c3adb7a6.table.json", "ncols": 3, "nrows": 353}, "_wandb": {"runtime": 17}}