{"roc_table": {"_type": "table-file", "sha256": "d8cd6a853073fe3a21e5efc033a8b8ece777a1d34f143ebb829d8282c2e2ca9d", "size": 5178, "artifact_path": "wandb-client-artifact://ap60r0oy1rgcltkhxs89w5d686gg2cwtty2m4n90ng903tfm1hpjtwgzoza96t3y6rkv0u1eb81dyem67jimnxjck03vwyx6bofm64mt70n4xfphnfbzahya5vo1uquy:latest/roc_table.table.json", "_latest_artifact_path": "wandb-client-artifact://ap60r0oy1rgcltkhxs89w5d686gg2cwtty2m4n90ng903tfm1hpjtwgzoza96t3y6rkv0u1eb81dyem67jimnxjck03vwyx6bofm64mt70n4xfphnfbzahya5vo1uquy:latest/roc_table.table.json", "path": "media/table/roc_table_0_d8cd6a853073fe3a21e5.table.json", "ncols": 3, "nrows": 248}, "_timestamp": 1710151848.913192, "_runtime": 11.240936994552612, "_step": 1, "CV accuracies": [0.7007874015748031, 0.6456692913385826, 0.6220472440944882, 0.6456692913385826, 0.6825396825396826], "Average CV accuracy": 0.6593425821772279, "Average CV F1": 0.6825839772767368, "Test set F1": 0.6643109540636042, "Test set accuracy": 0.652014652014652, "_wandb": {"runtime": 9}}