{"Best Model Params": {"bootstrap": true, "max_depth": 80, "max_features": 3, "min_samples_leaf": 3, "min_samples_split": 4, "n_estimators": 200}, "roc_table": {"_type": "table-file", "sha256": "e2c675977d0729f9066f356c2f809ffd4d68bd3412890b24e897d9f7e2553600", "size": 4890, "artifact_path": "wandb-client-artifact://odh01pgjdtnowlrz2x3bckuulzoopmkgnxwm3zgdtxu08pc4blwpt3b6jhusj4lfaijjqh335ugv5bqmrx7ize6ar8laa8yzpewostktcepba3bwux9ra2dh9p8ic80s:latest/roc_table.table.json", "_latest_artifact_path": "wandb-client-artifact://odh01pgjdtnowlrz2x3bckuulzoopmkgnxwm3zgdtxu08pc4blwpt3b6jhusj4lfaijjqh335ugv5bqmrx7ize6ar8laa8yzpewostktcepba3bwux9ra2dh9p8ic80s:latest/roc_table.table.json", "path": "media/table/roc_table_0_e2c675977d0729f9066f.table.json", "ncols": 3, "nrows": 260}, "_timestamp": 1713386046.335072, "_runtime": 528.7127420902252, "_step": 1, "CV accuracies": [0.8986301369863013, 0.8904109589041096, 0.8794520547945206, 0.9041095890410958, 0.8791208791208791], "Average CV accuracy": 0.8903447237693813, "Average CV F1": 0.8276721672853732, "Test set F1": 0.8258317025440312, "Test set accuracy": 0.8861892583120204, "_wandb": {"runtime": 528}}