{"Test set CV accuracies": [0.5594059405940595, 0.5742574257425742, 0.6119402985074627, 0.5223880597014925, 0.6119402985074627], "Average test set accuracy": 0.5759864046106105, "Average test set F1": 0.6400912961930059, "_timestamp": 1706224634.362942, "_runtime": 15.153672933578491, "_step": 1, "roc_table": {"_type": "table-file", "sha256": "2776df638f4626b3922b49fe60851097cb902a6247a4507ae0f7278027f84aac", "size": 3047, "artifact_path": "wandb-client-artifact://6a2jybi3rdo977uml2ukuzif6x7u3ul5bvhqm9pbifc4n8gew8a4exs7yi51beo0jekf5m5555j44ygtbhz63zivknwn6ag7qh78jfzyvtfhim3r5f9l9s08j6y28x70:latest/roc_table.table.json", "_latest_artifact_path": "wandb-client-artifact://6a2jybi3rdo977uml2ukuzif6x7u3ul5bvhqm9pbifc4n8gew8a4exs7yi51beo0jekf5m5555j44ygtbhz63zivknwn6ag7qh78jfzyvtfhim3r5f9l9s08j6y28x70:latest/roc_table.table.json", "path": "media/table/roc_table_1_2776df638f4626b3922b.table.json", "ncols": 3, "nrows": 161}, "_wandb": {"runtime": 14}}