{"Test set CV accuracies": [0.7926829268292683, 0.7865853658536586, 0.8159509202453987, 0.7852760736196319, 0.7975460122699386], "Average test set accuracy": 0.7956082597635792, "Average test set F1": 0.8283370093958329, "_timestamp": 1706267530.400154, "_runtime": 14.066421031951904, "_step": 1, "roc_table": {"_type": "table-file", "sha256": "f182be10cadfb578d911b76582cfda851d3bcf10980656b190230f103aac6bb6", "size": 3633, "artifact_path": "wandb-client-artifact://9bvivkhz1egbhpmnifh62xczmfu553hzh01w0cjoej238tr7c88y3ynv39chmmwq5ojle47q7onsu344i48imk3uic4awig21wz2e7zvnk5j7td4sfzz7ogw05ha59z5:latest/roc_table.table.json", "_latest_artifact_path": "wandb-client-artifact://9bvivkhz1egbhpmnifh62xczmfu553hzh01w0cjoej238tr7c88y3ynv39chmmwq5ojle47q7onsu344i48imk3uic4awig21wz2e7zvnk5j7td4sfzz7ogw05ha59z5:latest/roc_table.table.json", "path": "media/table/roc_table_1_f182be10cadfb578d911.table.json", "ncols": 3, "nrows": 193}, "_wandb": {"runtime": 13}}