{"Test set CV accuracies": [0.5818181818181818, 0.5272727272727272, 0.6363636363636364, 0.48148148148148145, 0.5740740740740741], "Average test set accuracy": 0.5602020202020201, "Average test set F1": 0.6229787448949702, "Best Model Params": {"bootstrap": true, "max_depth": 80, "max_features": 4, "min_samples_leaf": 5, "min_samples_split": 4, "n_estimators": 100}, "_timestamp": 1708287992.3044229, "_runtime": 320.98117685317993, "_step": 1, "roc_table": {"_type": "table-file", "sha256": "60dd005ff69d881d55904c7f5ce8809a28833e1965375663d3b6051e81f75774", "size": 6005, "artifact_path": "wandb-client-artifact://obpilo9rg4qswbl0dwm59f69m4rdagte4tbn8pyc04e90jmfjegch2u2nc7mdpxft5x26jgumpw721ds9lvitquczvyh568ic758ien9c07jm68wrqdshldoyamxpyo7:latest/roc_table.table.json", "_latest_artifact_path": "wandb-client-artifact://obpilo9rg4qswbl0dwm59f69m4rdagte4tbn8pyc04e90jmfjegch2u2nc7mdpxft5x26jgumpw721ds9lvitquczvyh568ic758ien9c07jm68wrqdshldoyamxpyo7:latest/roc_table.table.json", "path": "media/table/roc_table_1_60dd005ff69d881d5590.table.json", "ncols": 3, "nrows": 287}, "_wandb": {"runtime": 320}}