{"Test set CV accuracies": [0.6435643564356436, 0.6336633663366337, 0.6467661691542289, 0.6915422885572139, 0.6218905472636815], "Average test set accuracy": 0.6474853455494803, "Average test set F1": 0.6833257115059358, "_timestamp": 1708606198.741371, "_runtime": 51.20294690132141, "_step": 1, "roc_table": {"_type": "table-file", "sha256": "1fd87959f6668b12936a6fc0478cdc5b0a7ed03c3fad2b718c748825589085b5", "size": 16632, "artifact_path": "wandb-client-artifact://dx897cgn4xl6fbbckzsq7fau6vi369yh94hho5pxilm9qy0g1x4ehwnjgp7w1adzkoxqu00elqp7ji8fy9r9u5hg5bhqsj97zt3il5yvz6xxkrhs1s6m4ft849zay1m0:latest/roc_table.table.json", "_latest_artifact_path": "wandb-client-artifact://dx897cgn4xl6fbbckzsq7fau6vi369yh94hho5pxilm9qy0g1x4ehwnjgp7w1adzkoxqu00elqp7ji8fy9r9u5hg5bhqsj97zt3il5yvz6xxkrhs1s6m4ft849zay1m0:latest/roc_table.table.json", "path": "media/table/roc_table_1_1fd87959f6668b12936a.table.json", "ncols": 3, "nrows": 886}, "_wandb": {"runtime": 50}}