{"roc_table": {"_type": "table-file", "sha256": "502a95df037f1985ec2ec2fa8bf8336c2aedc8400c771062acb2dcf0244d05d6", "size": 1978, "artifact_path": "wandb-client-artifact://hjke07sb61xvz7qr7q6wzlc5lydl9468tkwgn4um1klulj5ps70y4i1vmhl4du8e9i5ezskiyrdrisj8vfsy8adfgu1lf6wt8njahec713wql09wgd4x310mhu7wd1t3:latest/roc_table.table.json", "_latest_artifact_path": "wandb-client-artifact://hjke07sb61xvz7qr7q6wzlc5lydl9468tkwgn4um1klulj5ps70y4i1vmhl4du8e9i5ezskiyrdrisj8vfsy8adfgu1lf6wt8njahec713wql09wgd4x310mhu7wd1t3:latest/roc_table.table.json", "path": "media/table/roc_table_0_502a95df037f1985ec2e.table.json", "ncols": 3, "nrows": 104}, "_timestamp": 1718311418.9852211, "_runtime": 47.568763256073, "_step": 1, "CV accuracies": [0.6415094339622641, 0.6839622641509434, 0.7028301886792453, 0.6635071090047393, 0.6824644549763034], "Average CV accuracy": 0.6748546901546991, "Average CV F1": 0.32996009623725703, "Test set F1": 0.417910447761194, "Test set accuracy": 0.625, "_wandb": {"runtime": 47}}