{"Test set CV accuracies": [0.5454545454545454, 0.5636363636363636, 0.5636363636363636, 0.5555555555555556, 0.5555555555555556], "Average test set accuracy": 0.5567676767676767, "Average test set F1": 0.7152628493257769, "Best Model Params": {"bootstrap": true, "max_depth": 80, "max_features": 2, "min_samples_leaf": 3, "min_samples_split": 4, "n_estimators": 100}, "_timestamp": 1708035954.845603, "_runtime": 333.45227789878845, "_step": 1, "roc_table": {"_type": "table-file", "sha256": "90f1246da1725dbef4387d06389ee2630c06c467c0524132ec0e8534b451b8f5", "size": 114, "artifact_path": "wandb-client-artifact://kic2yvimbik18k8qwn5ic4603ylhxwn2ju3ejj2rgo2rcxv1qhai92uxtoxrwulyccmqw6580atlrktf1rcpegf6ym3dssf8qczjb4e5vnrcmap6hhiw09c4pgpg30ny:latest/roc_table.table.json", "_latest_artifact_path": "wandb-client-artifact://kic2yvimbik18k8qwn5ic4603ylhxwn2ju3ejj2rgo2rcxv1qhai92uxtoxrwulyccmqw6580atlrktf1rcpegf6ym3dssf8qczjb4e5vnrcmap6hhiw09c4pgpg30ny:latest/roc_table.table.json", "path": "media/table/roc_table_1_90f1246da1725dbef438.table.json", "ncols": 3, "nrows": 4}, "_wandb": {"runtime": 332}}