{"Test set CV accuracies": [0.7083333333333334, 0.6875, 0.625, 0.7021276595744681, 0.6382978723404256], "Average test set accuracy": 0.6722517730496455, "Average test set F1": 0.5417192192192192, "_timestamp": 1706626062.067507, "_runtime": 370.41524505615234, "_step": 1, "roc_table": {"_type": "table-file", "sha256": "f70ed6b4673a2c5656681e5df47c948a01a357e441a9d9abbca52af82499b751", "size": 3605, "artifact_path": "wandb-client-artifact://wwxeexzs41awjo6wvbjhtxmhdiwq1ohsa2ic61u7i204he71dhkrc1x61tyj8gugyqax6iiavpr6a3b6wgtmg0x9h2lh0xvvlbt1og3h0e8z5jftpgtrgmddxwlqt7fc:latest/roc_table.table.json", "_latest_artifact_path": "wandb-client-artifact://wwxeexzs41awjo6wvbjhtxmhdiwq1ohsa2ic61u7i204he71dhkrc1x61tyj8gugyqax6iiavpr6a3b6wgtmg0x9h2lh0xvvlbt1og3h0e8z5jftpgtrgmddxwlqt7fc:latest/roc_table.table.json", "path": "media/table/roc_table_1_f70ed6b4673a2c565668.table.json", "ncols": 3, "nrows": 172}, "_wandb": {"runtime": 370}}