{"CV accuracies": [0.6299212598425197, 0.7086614173228346, 0.6850393700787402, 0.6850393700787402, 0.6507936507936508], "Average CV accuracy": 0.6718910136232971, "Average CV F1": 0.7222126344169864, "Test set F1": 0.7098765432098766, "Best Model Params": {"C": 0.01, "penalty": "l2"}, "_timestamp": 1709826858.3805618, "_runtime": 19.618263721466064, "_step": 1, "roc_table": {"_type": "table-file", "sha256": "654727363706f38e34e7674edd8a8416d70509a132b89d9124299ca80c42a5d9", "size": 5350, "artifact_path": "wandb-client-artifact://16rwwqxs866zybq1nqyzb411x08l83f1tn3uaer45ycatan2bni1ag04e7zdi6mr5ybyp6xm48y02jh96p42ievapneacfdptpc2bd9f40rt2dvjjnzk8v1ktkd3o7uh:latest/roc_table.table.json", "_latest_artifact_path": "wandb-client-artifact://16rwwqxs866zybq1nqyzb411x08l83f1tn3uaer45ycatan2bni1ag04e7zdi6mr5ybyp6xm48y02jh96p42ievapneacfdptpc2bd9f40rt2dvjjnzk8v1ktkd3o7uh:latest/roc_table.table.json", "path": "media/table/roc_table_1_654727363706f38e34e7.table.json", "ncols": 3, "nrows": 256}, "_wandb": {"runtime": 19}}