{"Test set CV accuracies": [0.7636363636363637, 0.6909090909090909, 0.7454545454545455, 0.7777777777777778, 0.6851851851851852], "Average test set accuracy": 0.7325925925925926, "Average test set F1": 0.7848258711399918, "Best Model Params": {"bootstrap": true, "max_depth": 80, "max_features": 3, "min_samples_leaf": 3, "min_samples_split": 8, "n_estimators": 300}, "_timestamp": 1708284276.639123, "_runtime": 290.2112979888916, "_step": 1, "roc_table": {"_type": "table-file", "sha256": "b49ba81f8f959d22b2fdf41719b88da3b05d572e5dd329fa27f49a89ad35b7cf", "size": 2861, "artifact_path": "wandb-client-artifact://43j58jfynv3bl2r3s5ujgcs3axo0ct5ioimaj2cj6or2w8xsrosx3ek142mi8iqbtjfjmmsf67kdw88alory2gfu2361jxmok99s8j18q1f3706sly49ob6qx694ma87:latest/roc_table.table.json", "_latest_artifact_path": "wandb-client-artifact://43j58jfynv3bl2r3s5ujgcs3axo0ct5ioimaj2cj6or2w8xsrosx3ek142mi8iqbtjfjmmsf67kdw88alory2gfu2361jxmok99s8j18q1f3706sly49ob6qx694ma87:latest/roc_table.table.json", "path": "media/table/roc_table_1_b49ba81f8f959d22b2fd.table.json", "ncols": 3, "nrows": 137}, "_wandb": {"runtime": 289}}