{"Test set CV accuracies": [0.6683168316831684, 0.6188118811881188, 0.6218905472636815, 0.6666666666666666, 0.7014925373134329], "Average test set accuracy": 0.6554356928230136, "Average test set F1": 0.717590775591552, "Best Model Params": {"bootstrap": true, "max_depth": 80, "max_features": 3, "min_samples_leaf": 3, "min_samples_split": 8, "n_estimators": 300}, "_timestamp": 1708275049.942183, "_runtime": 412.12423610687256, "_step": 1, "roc_table": {"_type": "table-file", "sha256": "504ca016e2e6b7e08d8cac67587a4340020a1ac0b488396a39b9e1ca6adfca29", "size": 16495, "artifact_path": "wandb-client-artifact://53y597fanuy8qutf257abx5fdplg3hiz2ho5a6ckn79e5r8az11a4m5cg6cf4rg31ri3ywjcq3zxtstec3ps7wgxy1225wwpgivgi2b053xc9oqfcllfyitq2nzwpaov:latest/roc_table.table.json", "_latest_artifact_path": "wandb-client-artifact://53y597fanuy8qutf257abx5fdplg3hiz2ho5a6ckn79e5r8az11a4m5cg6cf4rg31ri3ywjcq3zxtstec3ps7wgxy1225wwpgivgi2b053xc9oqfcllfyitq2nzwpaov:latest/roc_table.table.json", "path": "media/table/roc_table_1_504ca016e2e6b7e08d8c.table.json", "ncols": 3, "nrows": 877}, "_wandb": {"runtime": 411}}