{"accuracy": 0.640926640926641, "f1": 0.32116788321167883, "recall": 0.22916666666666666, "precision": 0.5365853658536586, "fbeta": 0.42307692307692313, "roc_table": {"_type": "table-file", "sha256": "397d9aa73470b1d3f0a5dd6f7b03e08b998ffd70d5ecded976db15736f6e8c32", "size": 3661, "artifact_path": "wandb-client-artifact://2e36ppg7hr7kcdoqkz42f273m4ur0batptrnzfcimaj05hpj1i9cjycyj9g9bidb6v9mrwtreul0933j1m0on8ipsv1nsciaa6tolhjcbimdo6b2whkbym8jggcxd7gg:latest/roc_table.table.json", "_latest_artifact_path": "wandb-client-artifact://2e36ppg7hr7kcdoqkz42f273m4ur0batptrnzfcimaj05hpj1i9cjycyj9g9bidb6v9mrwtreul0933j1m0on8ipsv1nsciaa6tolhjcbimdo6b2whkbym8jggcxd7gg:latest/roc_table.table.json", "path": "media/table/roc_table_0_397d9aa73470b1d3f0a5.table.json", "ncols": 3, "nrows": 195}, "_timestamp": 1717146123.5259159, "_runtime": 15.961526870727539, "_step": 0, "_wandb": {"runtime": 15}}