{"Test set CV accuracies": [0.49606299212598426, 0.5196850393700787, 0.5039370078740157, 0.5275590551181102, 0.5396825396825397], "Average test set accuracy": 0.5173853268341457, "Average test set F1": 0.6602857926346745, "Best Model Params": {"activation": "logistic", "alpha": 0.0001, "hidden_layer_sizes": [150], "learning_rate": "constant", "solver": "sgd"}, "_timestamp": 1707999108.5089972, "_runtime": 5653.080571174622, "_step": 1, "roc_table": {"_type": "table-file", "sha256": "3a682d5c829463ce3adbd6d91f8ac3c15d8083c2b99f5897e1781ab93f17aba3", "size": 13489, "path": "media/table/roc_table_1_3a682d5c829463ce3adb.table.json", "ncols": 3, "nrows": 649}, "_wandb": {"runtime": 5686}}