{"Test set CV accuracies": [0.5272727272727272, 0.6181818181818182, 0.41818181818181815, 0.5, 0.6481481481481481], "Average test set accuracy": 0.5423569023569023, "Average test set F1": 0.6056064888042638, "_timestamp": 1708607875.051434, "_runtime": 19.279592037200928, "_step": 1, "roc_table": {"_type": "table-file", "sha256": "7758065d9d3016c908d167296ae051b14839f3e427ebb1d4d10ed8c21d8bca33", "size": 5280, "artifact_path": "wandb-client-artifact://5r10gybl5rrimxyyasm9y6b4z0bfrg9dtpl5bhqquufl8h1miqofv99jwqg54os92vonhpd9zn9yghd6qk3k69s2480xnymwsm6dxp9mnpdware3fgodq0ot8k1bvrwb:latest/roc_table.table.json", "_latest_artifact_path": "wandb-client-artifact://5r10gybl5rrimxyyasm9y6b4z0bfrg9dtpl5bhqquufl8h1miqofv99jwqg54os92vonhpd9zn9yghd6qk3k69s2480xnymwsm6dxp9mnpdware3fgodq0ot8k1bvrwb:latest/roc_table.table.json", "path": "media/table/roc_table_1_7758065d9d3016c908d1.table.json", "ncols": 3, "nrows": 254}, "_wandb": {"runtime": 18}}