{"Test set CV accuracies": [0.5454545454545454, 0.5272727272727272, 0.509090909090909, 0.5555555555555556, 0.6296296296296297], "Average test set accuracy": 0.5534006734006734, "Average test set F1": 0.6296176933994818, "_timestamp": 1708602471.1240609, "_runtime": 9.915032863616943, "_step": 1, "roc_table": {"_type": "table-file", "sha256": "4acfa038d1f1104a5cd52b4dc33c3b51302b2d79679ab8e99992aaed140e6aab", "size": 5606, "artifact_path": "wandb-client-artifact://uojmw616ut82m5zwkiy2oindpvz0x25ty5dnqjn3k4upk5wp6pue0mdid1tnp55gz8q6dao53vrweaxw2tvz4960a336ch5xydbabqtfxmbol19okeiat03thzq2pk6x:latest/roc_table.table.json", "_latest_artifact_path": "wandb-client-artifact://uojmw616ut82m5zwkiy2oindpvz0x25ty5dnqjn3k4upk5wp6pue0mdid1tnp55gz8q6dao53vrweaxw2tvz4960a336ch5xydbabqtfxmbol19okeiat03thzq2pk6x:latest/roc_table.table.json", "path": "media/table/roc_table_1_4acfa038d1f1104a5cd5.table.json", "ncols": 3, "nrows": 268}, "_wandb": {"runtime": 8}}