{"Test set CV accuracies": [0.48, 0.46, 0.54, 0.5306122448979592, 0.5102040816326531], "Average test set accuracy": 0.5041632653061224, "Average test set F1": 0.5867777839902713, "Best Model Params": {"bootstrap": true, "max_depth": 80, "max_features": 2, "min_samples_leaf": 3, "min_samples_split": 8, "n_estimators": 200}, "_timestamp": 1708421596.9183629, "_runtime": 332.80839586257935, "_step": 1, "roc_table": {"_type": "table-file", "sha256": "c42c993240cd19d751ce25666c640a37fd7cbe40a12929cecaadbfe1653d4829", "size": 5406, "artifact_path": "wandb-client-artifact://fmo9f3vv99jwy4zbkypk10neoeg7hqxxvldrwnshu2k7o7n5941au8qxf8kuoarehm2lj9jk5lf3iwto8su7fcn9rcvw38plike608tt8t3tswe1n8wtx82e40biombl:latest/roc_table.table.json", "_latest_artifact_path": "wandb-client-artifact://fmo9f3vv99jwy4zbkypk10neoeg7hqxxvldrwnshu2k7o7n5941au8qxf8kuoarehm2lj9jk5lf3iwto8su7fcn9rcvw38plike608tt8t3tswe1n8wtx82e40biombl:latest/roc_table.table.json", "path": "media/table/roc_table_1_c42c993240cd19d751ce.table.json", "ncols": 3, "nrows": 260}, "_wandb": {"runtime": 332}}