{"Test set CV accuracies": [0.4, 0.44, 0.58, 0.6326530612244898, 0.5510204081632653], "Average test set accuracy": 0.520734693877551, "Average test set F1": 0.5390072120802344, "Best Model Params": {"bootstrap": true, "max_depth": 80, "max_features": 3, "min_samples_leaf": 3, "min_samples_split": 4, "n_estimators": 200}, "_timestamp": 1708361790.850361, "_runtime": 342.0192461013794, "_step": 1, "roc_table": {"_type": "table-file", "sha256": "85568f0ab89ec364fc011b4c6cb103db67466f080ce5f5036f641f8e5a85cd37", "size": 4997, "artifact_path": "wandb-client-artifact://fkb2jcf7q1n45889lgurhzso4gtcg714wiw7n1m2848di9hn1pe354xi29x3kxrx1xmtrzbw4tdi4vgfr43xsvc03ykb1zz1f84dr2mw30x337cgjl9ny1cfep9feyf3:latest/roc_table.table.json", "_latest_artifact_path": "wandb-client-artifact://fkb2jcf7q1n45889lgurhzso4gtcg714wiw7n1m2848di9hn1pe354xi29x3kxrx1xmtrzbw4tdi4vgfr43xsvc03ykb1zz1f84dr2mw30x337cgjl9ny1cfep9feyf3:latest/roc_table.table.json", "path": "media/table/roc_table_1_85568f0ab89ec364fc01.table.json", "ncols": 3, "nrows": 241}, "_wandb": {"runtime": 341}}