{"roc_table": {"_type": "table-file", "sha256": "758fea140ad0534af8c3052b88b1da8e3877c23c3aa87f07d544f613c5110543", "size": 6012, "artifact_path": "wandb-client-artifact://qhlzokcymi5wn00jognkt2by1wl034d3b8tia94mxt7b2grksag0x9nfznh9dowpg2r8a2f2lvohisj8xa7ttfkq2dno9ymofrna8r65w13v2vxhrnj9qbyufaetj7p6:latest/roc_table.table.json", "_latest_artifact_path": "wandb-client-artifact://qhlzokcymi5wn00jognkt2by1wl034d3b8tia94mxt7b2grksag0x9nfznh9dowpg2r8a2f2lvohisj8xa7ttfkq2dno9ymofrna8r65w13v2vxhrnj9qbyufaetj7p6:latest/roc_table.table.json", "path": "media/table/roc_table_0_758fea140ad0534af8c3.table.json", "ncols": 3, "nrows": 320}, "_timestamp": 1714463579.9595609, "_runtime": 22.522995948791504, "_step": 1, "CV accuracies": [0.7547770700636943, 0.7515923566878981, 0.7770700636942676, 0.7547770700636943, 0.7571884984025559], "Average CV accuracy": 0.759081011782422, "Average CV F1": 0.5541144662982969, "Test set F1": 0.5968586387434555, "Test set accuracy": 0.7704918032786885, "_wandb": {"runtime": 21}}