{"CV accuracies": [0.7106382978723405, 0.676595744680851, 0.7042553191489361, 0.6716417910447762, 0.6332622601279317], "Average CV accuracy": 0.679278682574967, "Average CV F1": 0.7155984558595383, "Test set F1": 0.6970260223048327, "Best Model Params": {"C": 0.01, "penalty": null}, "_timestamp": 1709832533.4437802, "_runtime": 17.103382110595703, "_step": 1, "roc_table": {"_type": "table-file", "sha256": "5cfcbd3724bb9a5d7453cddaffe0419148a97a7ec586e833e443cedf84cdc933", "size": 15461, "artifact_path": "wandb-client-artifact://4m8b2fgz41iznfja32hsu55h4dz8m4np13yaumuajxdi0ghd2z82c173wq0ut1g47ad3fsd83maw01uz6kcz3ls0fkmpz2rjxgcebzrcziptf4mrdvhmo9me0hlohrgk:latest/roc_table.table.json", "_latest_artifact_path": "wandb-client-artifact://4m8b2fgz41iznfja32hsu55h4dz8m4np13yaumuajxdi0ghd2z82c173wq0ut1g47ad3fsd83maw01uz6kcz3ls0fkmpz2rjxgcebzrcziptf4mrdvhmo9me0hlohrgk:latest/roc_table.table.json", "path": "media/table/roc_table_1_5cfcbd3724bb9a5d7453.table.json", "ncols": 3, "nrows": 823}, "_wandb": {"runtime": 16}}