{"CV accuracies": [0.6062992125984252, 0.5984251968503937, 0.6062992125984252, 0.7007874015748031, 0.753968253968254], "Average CV accuracy": 0.6531558555180602, "Average CV F1": 0.6851809487293827, "Test set F1": 0.6599326599326599, "Test set accuracy": 0.63003663003663, "_timestamp": 1709893891.523527, "_runtime": 380.12979388237, "_step": 1, "roc_table": {"_type": "table-file", "sha256": "89d816b647b8340b68e1f4aaa9243d5c6015f88748c0f4790e3dae3f17f069be", "size": 6166, "artifact_path": "wandb-client-artifact://lwg0qnhpchehqooe1dkumwsvtnm48mqdotv6ho6fce2tgsz63bl1ialjuweyr7rabq1zi4jeput81pt1of1k5bkfu406l7ok6lkhdg1vspzd0a602kgmxahxzpw45ois:latest/roc_table.table.json", "_latest_artifact_path": "wandb-client-artifact://lwg0qnhpchehqooe1dkumwsvtnm48mqdotv6ho6fce2tgsz63bl1ialjuweyr7rabq1zi4jeput81pt1of1k5bkfu406l7ok6lkhdg1vspzd0a602kgmxahxzpw45ois:latest/roc_table.table.json", "path": "media/table/roc_table_1_89d816b647b8340b68e1.table.json", "ncols": 3, "nrows": 296}, "_wandb": {"runtime": 379}}