{"Test set CV accuracies": [0.5636363636363636, 0.7090909090909091, 0.5636363636363636, 0.5740740740740741, 0.5], "Average test set accuracy": 0.5820875420875421, "Average test set F1": 0.6856290525263613, "Best Model Params": {"bootstrap": true, "max_depth": 80, "max_features": 2, "min_samples_leaf": 5, "min_samples_split": 4, "n_estimators": 100}, "_timestamp": 1708019000.933672, "_runtime": 426.22627687454224, "_step": 1, "roc_table": {"_type": "table-file", "sha256": "9ef1a1249d892a2bc9176bf7a0670de552cab1df59dc740855bea52fbdaacf39", "size": 5933, "artifact_path": "wandb-client-artifact://gx5c93xxf5e0mkhndm322tknskednh5m0dfvsay9a84xvambnym4vk6chqthf6wgqpygtv5v0tszf2uwe22on264xvq5i4auijxhbcpgg5va75ea5qxjitipf31fs8it:latest/roc_table.table.json", "_latest_artifact_path": "wandb-client-artifact://gx5c93xxf5e0mkhndm322tknskednh5m0dfvsay9a84xvambnym4vk6chqthf6wgqpygtv5v0tszf2uwe22on264xvq5i4auijxhbcpgg5va75ea5qxjitipf31fs8it:latest/roc_table.table.json", "path": "media/table/roc_table_1_9ef1a1249d892a2bc917.table.json", "ncols": 3, "nrows": 285}, "_wandb": {"runtime": 425}}