{"roc_table": {"_type": "table-file", "sha256": "65547feb717824301d586003bf7bdc11734066f7a7f403106eaf0e2cfd91a0fd", "size": 1116, "artifact_path": "wandb-client-artifact://pkyq26qwfi866n4ysimsqu06cmkzs9yjb8qlrheji5hms0xocre907em3hxtssw4w3ni68vh44vjtet26oy1row3q3cuseuw3zcpe74ohahj9tva4hqura2izqiv9md7:latest/roc_table.table.json", "_latest_artifact_path": "wandb-client-artifact://pkyq26qwfi866n4ysimsqu06cmkzs9yjb8qlrheji5hms0xocre907em3hxtssw4w3ni68vh44vjtet26oy1row3q3cuseuw3zcpe74ohahj9tva4hqura2izqiv9md7:latest/roc_table.table.json", "path": "media/table/roc_table_0_65547feb717824301d58.table.json", "ncols": 3, "nrows": 58}, "_timestamp": 1715983181.325204, "_runtime": 31.276371955871582, "_step": 1, "CV accuracies": [0.7005444646098004, 0.7563636363636363, 0.7254545454545455, 0.7581818181818182, 0.730909090909091], "Average CV accuracy": 0.7342907111037783, "Average CV F1": 0.5540081122340789, "Test set F1": 0.4444444444444444, "Test set accuracy": 0.7727272727272727, "_wandb": {"runtime": 30}}