{"roc_table": {"_type": "table-file", "sha256": "f26c2ed0ee603b7c22266e2ad4c9dcee6b68997ea77a24f64c8fd210e3f05205", "size": 1167, "artifact_path": "wandb-client-artifact://90wqhnx7yu4z3d79xh8y0wclt7gp75wczmdw819a2ku090eomag34ur4bj6unhj2nuuuit4erib90fg3uko24cx4ds8xxvollmacraqsa25xrkssedu8h0itz4uc4mct:latest/roc_table.table.json", "_latest_artifact_path": "wandb-client-artifact://90wqhnx7yu4z3d79xh8y0wclt7gp75wczmdw819a2ku090eomag34ur4bj6unhj2nuuuit4erib90fg3uko24cx4ds8xxvollmacraqsa25xrkssedu8h0itz4uc4mct:latest/roc_table.table.json", "path": "media/table/roc_table_0_f26c2ed0ee603b7c2226.table.json", "ncols": 3, "nrows": 61}, "_timestamp": 1717146444.027311, "_runtime": 19.39457416534424, "_step": 1, "CV accuracies": [0.7197452229299363, 0.7371794871794872, 0.7371794871794872, 0.717948717948718, 0.6794871794871795], "Average CV accuracy": 0.7183080189449618, "Average CV F1": 0.12587561146051712, "Test set F1": 0.25, "Test set accuracy": 0.7631578947368421, "_wandb": {"runtime": 18}}