{"Test set CV accuracies": [0.6534653465346535, 0.6584158415841584, 0.5920398009950248, 0.6517412935323383, 0.681592039800995], "Average test set accuracy": 0.6474508644894341, "Average test set F1": 0.6888901887023258, "Best Model Params": {"bootstrap": true, "max_depth": 80, "max_features": 2, "min_samples_leaf": 5, "min_samples_split": 4, "n_estimators": 100}, "_timestamp": 1708280265.887458, "_runtime": 614.2625591754913, "_step": 1, "roc_table": {"_type": "table-file", "sha256": "678650144d566f2adf54447d22b008807924ef336b35436aa6914f5153e299c2", "size": 18554, "artifact_path": "wandb-client-artifact://eyhrwttydkz0v09v57razhw1vhdc0b64apt9eelot4za4gomgebgicgyix8mgaxb0gm0qmki5xp3prcn1vi71qyme6m3rco6gw6a6ev4lttjjbqy1hf9r20h68hr27dj:latest/roc_table.table.json", "_latest_artifact_path": "wandb-client-artifact://eyhrwttydkz0v09v57razhw1vhdc0b64apt9eelot4za4gomgebgicgyix8mgaxb0gm0qmki5xp3prcn1vi71qyme6m3rco6gw6a6ev4lttjjbqy1hf9r20h68hr27dj:latest/roc_table.table.json", "path": "media/table/roc_table_1_678650144d566f2adf54.table.json", "ncols": 3, "nrows": 988}, "_wandb": {"runtime": 613}}