{"roc_table": {"_type": "table-file", "sha256": "60ff5f34777104cab4f86408f1613be5a790ffd55fb77427f632cc4c177b3c36", "size": 3463, "artifact_path": "wandb-client-artifact://3podss0cs16vjjvktzwfdl9qytavgcdtn406dt3ksg7p9zwbuqyzdfik30z6gz0fi68ce43o0cq52trhyx9m804erupfu0fml88c0t5ficp75i216ug325kc6kk0mahu:latest/roc_table.table.json", "_latest_artifact_path": "wandb-client-artifact://3podss0cs16vjjvktzwfdl9qytavgcdtn406dt3ksg7p9zwbuqyzdfik30z6gz0fi68ce43o0cq52trhyx9m804erupfu0fml88c0t5ficp75i216ug325kc6kk0mahu:latest/roc_table.table.json", "path": "media/table/roc_table_0_60ff5f34777104cab4f8.table.json", "ncols": 3, "nrows": 183}, "_timestamp": 1715982800.860826, "_runtime": 23.18466305732727, "_step": 1, "CV accuracies": [0.7257683215130024, 0.75177304964539, 0.7021276595744681, 0.7257683215130024, 0.7085308056872038], "Average CV accuracy": 0.7227936315866132, "Average CV F1": 0.6077507960016553, "Test set F1": 0.03125, "Test set accuracy": 0.8236130867709816, "_wandb": {"runtime": 22}}