{"Test set CV accuracies": [0.8990279994197011, 0.9007688959814304, 0.8971420281444944, 0.8998984477005658, 0.8982878699941962], "Average test set accuracy": 0.8990250482480777, "Average test set F1": 0.9443844974437277, "_timestamp": 1706267894.8856452, "_runtime": 41.103841066360474, "_step": 1, "roc_table": {"_type": "table-file", "sha256": "17c206849d113eb6a4dcf4d9a25c3667b1b62d9ca7f64bfcce9e5f1fd2b61bd2", "size": 3741, "artifact_path": "wandb-client-artifact://ow8kb0bd4h56d30azkeeu3wpez4h4hadcellf1cu2r7k4geerdg8icuopdw6y98ymftar3m5i1eoel9sawz1gh5mbvqnevcd4cguz38dcbp4hz7waooq0jkzfzcnyamf:latest/roc_table.table.json", "_latest_artifact_path": "wandb-client-artifact://ow8kb0bd4h56d30azkeeu3wpez4h4hadcellf1cu2r7k4geerdg8icuopdw6y98ymftar3m5i1eoel9sawz1gh5mbvqnevcd4cguz38dcbp4hz7waooq0jkzfzcnyamf:latest/roc_table.table.json", "path": "media/table/roc_table_1_17c206849d113eb6a4dc.table.json", "ncols": 3, "nrows": 199}, "_wandb": {"runtime": 40}}