{"Best Model Params": {"bootstrap": true, "max_depth": 80, "max_features": 4, "min_samples_leaf": 3, "min_samples_split": 4, "n_estimators": 100}, "roc_table": {"_type": "table-file", "sha256": "ff11c169a66079375790043a7e514384253c91a67fda2a4b04e2730286905937", "size": 14349, "artifact_path": "wandb-client-artifact://np6m5c6xzb5hyt2pc6ny3uawp11qv6jgciem58f60w287zlapa43o55lam72mlkh2lzeu5iyiuwvwogzv3080xnrrl77fe55lbeky3rlx1mr50gm3j6rflmwc4u8glnm:latest/roc_table.table.json", "_latest_artifact_path": "wandb-client-artifact://np6m5c6xzb5hyt2pc6ny3uawp11qv6jgciem58f60w287zlapa43o55lam72mlkh2lzeu5iyiuwvwogzv3080xnrrl77fe55lbeky3rlx1mr50gm3j6rflmwc4u8glnm:latest/roc_table.table.json", "path": "media/table/roc_table_0_ff11c169a66079375790.table.json", "ncols": 3, "nrows": 763}, "_timestamp": 1713297052.185475, "_runtime": 516.3271980285645, "_step": 1, "CV accuracies": [0.7270742358078602, 0.7205240174672489, 0.687089715536105, 0.7155361050328227, 0.6717724288840262], "Average CV accuracy": 0.7043993005456126, "Average CV F1": 0.7064840441108606, "Test set F1": 0.7299128751210067, "Test set accuracy": 0.7155963302752294, "_wandb": {"runtime": 515}}