{"accuracy": 0.6061776061776062, "f1": 0.2916666666666667, "recall": 0.21875, "precision": 0.4375, "fbeta": 0.3645833333333333, "roc_table": {"_type": "table-file", "sha256": "fa4404c0738186bdf2c5896e8855ce1e57025a5197a1f6a7c998b8414ee12360", "size": 3789, "artifact_path": "wandb-client-artifact://wppnbwrugs2i92h6sk1eb5pqwjo3t00nhgcbaojzw8stm0ssp8ugsrbx2mnkuphj9uw06b5cbftpbwehaa7z3axxald90lclwj7793vyvmly6t7ykth36374mffubbtc:latest/roc_table.table.json", "_latest_artifact_path": "wandb-client-artifact://wppnbwrugs2i92h6sk1eb5pqwjo3t00nhgcbaojzw8stm0ssp8ugsrbx2mnkuphj9uw06b5cbftpbwehaa7z3axxald90lclwj7793vyvmly6t7ykth36374mffubbtc:latest/roc_table.table.json", "path": "media/table/roc_table_0_fa4404c0738186bdf2c5.table.json", "ncols": 3, "nrows": 201}, "_timestamp": 1716988622.4399512, "_runtime": 10.63074517250061, "_step": 0, "_wandb": {"runtime": 9}}