{"Test set CV accuracies": [0.6181818181818182, 0.6181818181818182, 0.6363636363636364, 0.6111111111111112, 0.6296296296296297], "Average test set accuracy": 0.6226936026936027, "Average test set F1": 0.7126185936825323, "Best Model Params": {"bootstrap": true, "max_depth": 80, "max_features": 2, "min_samples_leaf": 3, "min_samples_split": 8, "n_estimators": 100}, "_timestamp": 1708020078.006761, "_runtime": 437.6872420310974, "_step": 1, "roc_table": {"_type": "table-file", "sha256": "fcf4b1b6d2dd4d18e8a549ba82535b71f270a9d578d0a1a6c06bb7914a913f1f", "size": 6240, "artifact_path": "wandb-client-artifact://hnsqsqfxg1zic5r1cvnr5q8zd27i22d0lrxwfstzs7ufne1nckslgfxu0hainlt7cdcv4f4fu92jonde679w5y0r1i53n8tcz8etoa7nkpqzolgznm8hpkpsq2j8gkcn:latest/roc_table.table.json", "_latest_artifact_path": "wandb-client-artifact://hnsqsqfxg1zic5r1cvnr5q8zd27i22d0lrxwfstzs7ufne1nckslgfxu0hainlt7cdcv4f4fu92jonde679w5y0r1i53n8tcz8etoa7nkpqzolgznm8hpkpsq2j8gkcn:latest/roc_table.table.json", "path": "media/table/roc_table_1_fcf4b1b6d2dd4d18e8a5.table.json", "ncols": 3, "nrows": 298}, "_wandb": {"runtime": 437}}