{"Test set CV accuracies": [0.7454545454545455, 0.7636363636363637, 0.7090909090909091, 0.5185185185185185, 0.6666666666666666], "Average test set accuracy": 0.6806734006734007, "Average test set F1": 0.7210028643562313, "Best Model Params": {"criterion": "squared_error", "learning_rate": 0.1, "loss": "exponential", "max_features": null, "min_samples_leaf": 5, "min_samples_split": 2, "n_estimators": 100}, "_timestamp": 1708373900.949994, "_runtime": 813.8566100597382, "_step": 1, "roc_table": {"_type": "table-file", "sha256": "820241d6d0794e9b9baa3aed2e97b50bdb4addb83e02765e1e8d81bda80d47ad", "size": 4922, "artifact_path": "wandb-client-artifact://22hroofraiqsu13xonqhn0tj8ajowjhsry7iq9812q1kf1257vswgffs8rgagin0wk3jr3se7k1go838do2d608ud5cgtgqp7brn8l04akpludlxahsgd4ofjyakw2r8:latest/roc_table.table.json", "_latest_artifact_path": "wandb-client-artifact://22hroofraiqsu13xonqhn0tj8ajowjhsry7iq9812q1kf1257vswgffs8rgagin0wk3jr3se7k1go838do2d608ud5cgtgqp7brn8l04akpludlxahsgd4ofjyakw2r8:latest/roc_table.table.json", "path": "media/table/roc_table_1_820241d6d0794e9b9baa.table.json", "ncols": 3, "nrows": 236}, "_wandb": {"runtime": 813}}