{"Best Model Params": {"bootstrap": true, "max_depth": 80, "max_features": 4, "min_samples_leaf": 3, "min_samples_split": 8, "n_estimators": 100}, "accuracy": 0.6619552414605419, "f1": 0.28428927680798005, "recall": 0.19322033898305085, "precision": 0.5377358490566038, "fbeta": 0.396383866481224, "roc_table": {"_type": "table-file", "sha256": "2c6cb11befb05912aeb920c402232ce3daf5a78ddc3f0939c4bcf494fb0d1996", "size": 12531, "artifact_path": "wandb-client-artifact://vr1gqmkbjof5gzg25eq4ugmrcbytni7rl198d6zgzmrsx7cw61y1s778jcx397541qa1r7r6b1phfcmpnha97ihdzd0hkoppnyqib0agubzzbt3k6qbogh4lf09zewgz:latest/roc_table.table.json", "_latest_artifact_path": "wandb-client-artifact://vr1gqmkbjof5gzg25eq4ugmrcbytni7rl198d6zgzmrsx7cw61y1s778jcx397541qa1r7r6b1phfcmpnha97ihdzd0hkoppnyqib0agubzzbt3k6qbogh4lf09zewgz:latest/roc_table.table.json", "path": "media/table/roc_table_0_2c6cb11befb05912aeb9.table.json", "ncols": 3, "nrows": 665}, "_timestamp": 1716944324.904599, "_runtime": 342.7784090042114, "_step": 0, "_wandb": {"runtime": 341}}