{"Test set CV accuracies": [0.43636363636363634, 0.5818181818181818, 0.4727272727272727, 0.5185185185185185, 0.5185185185185185], "Average test set accuracy": 0.5055892255892256, "Average test set F1": 0.6045122666717417, "_timestamp": 1708673971.1245031, "_runtime": 28.37555718421936, "_step": 1, "roc_table": {"_type": "table-file", "sha256": "03e72c61d01723af12e01cae1540e3bed021d3758ce4584fbff9e64f5adfedc3", "size": 1484, "artifact_path": "wandb-client-artifact://58qckq9yrw2hnttmi473l4v0655gnh4sigqhcj137cde102n7gw6kyonum5ghnryqc92v9lq04ekuxo51gcwr1htwp87t6wv5igjmagcy7rdqs94pm2x2gp3wmu4w84c:latest/roc_table.table.json", "_latest_artifact_path": "wandb-client-artifact://58qckq9yrw2hnttmi473l4v0655gnh4sigqhcj137cde102n7gw6kyonum5ghnryqc92v9lq04ekuxo51gcwr1htwp87t6wv5igjmagcy7rdqs94pm2x2gp3wmu4w84c:latest/roc_table.table.json", "path": "media/table/roc_table_1_03e72c61d01723af12e0.table.json", "ncols": 3, "nrows": 78}, "_wandb": {"runtime": 27}}