{"Best Model Params": {"bootstrap": true, "max_depth": 80, "max_features": 3, "min_samples_leaf": 3, "min_samples_split": 4, "n_estimators": 100}, "roc_table": {"_type": "table-file", "sha256": "d33aec5ececa1b9de8882af9c64141e1b114199c02dd5abc7cd33d248a6a348c", "size": 9190, "artifact_path": "wandb-client-artifact://m0n6g6g0clmbu6op0mwqk3v4ug87jy0cob3tuj7n3d271umsjoyjn85ysw1z84td7ee9tzq0sgs26j4yf115iwgj6xt9wkp9o4ch9wdbbhvpr6fh5qc20epqeqzr6gl8:latest/roc_table.table.json", "_latest_artifact_path": "wandb-client-artifact://m0n6g6g0clmbu6op0mwqk3v4ug87jy0cob3tuj7n3d271umsjoyjn85ysw1z84td7ee9tzq0sgs26j4yf115iwgj6xt9wkp9o4ch9wdbbhvpr6fh5qc20epqeqzr6gl8:latest/roc_table.table.json", "path": "media/table/roc_table_0_d33aec5ececa1b9de888.table.json", "ncols": 3, "nrows": 488}, "_timestamp": 1713296086.372714, "_runtime": 486.42326307296753, "_step": 1, "CV accuracies": [0.7917808219178082, 0.7808219178082192, 0.7589041095890411, 0.7643835616438356, 0.75], "Average CV accuracy": 0.7691780821917809, "Average CV F1": 0.6425577736588728, "Test set F1": 0.6557377049180328, "Test set accuracy": 0.7851662404092071, "_wandb": {"runtime": 485}}