{"Test set CV accuracies": [0.8363636363636363, 0.8181818181818182, 0.7818181818181819, 0.6666666666666666, 0.7407407407407407], "Average test set accuracy": 0.7687542087542087, "Average test set F1": 0.7763416079049114, "Best Model Params": {"criterion": "friedman_mse", "learning_rate": 0.05, "loss": "exponential", "max_features": null, "min_samples_leaf": 1, "min_samples_split": 6, "n_estimators": 200}, "_timestamp": 1708595797.7496588, "_runtime": 680.4634609222412, "_step": 1, "roc_table": {"_type": "table-file", "sha256": "5e284a624a4a02a8ed79e77a693068e9df32f5808374d2f6a452522915539af8", "size": 3304, "artifact_path": "wandb-client-artifact://8gz9zuuo049tu5ag7s34kkht7xomf8csz8h8lvmb2i3mtlf753c89yfltn6mswzvamur29bilge4ohk38pm2fu3t3nxswggq4xvj8joj1y2fkeyg12ql8ztco6l75e2i:latest/roc_table.table.json", "_latest_artifact_path": "wandb-client-artifact://8gz9zuuo049tu5ag7s34kkht7xomf8csz8h8lvmb2i3mtlf753c89yfltn6mswzvamur29bilge4ohk38pm2fu3t3nxswggq4xvj8joj1y2fkeyg12ql8ztco6l75e2i:latest/roc_table.table.json", "path": "media/table/roc_table_1_5e284a624a4a02a8ed79.table.json", "ncols": 3, "nrows": 158}, "_wandb": {"runtime": 679}}