{"Test set CV accuracies": [0.6181818181818182, 0.7090909090909091, 0.6727272727272727, 0.6666666666666666, 0.5555555555555556], "Average test set accuracy": 0.6444444444444445, "Average test set F1": 0.6576379176379176, "_timestamp": 1706087777.450675, "_runtime": 11.035423040390015, "_step": 0, "_wandb": {"runtime": 37}}