{"CV accuracies": [0.7575757575757576, 0.75, 0.6893939393939394, 0.75, 0.7862595419847328], "Average CV accuracy": 0.746645847790886, "Average CV F1": 0.6849189036104925, "Test set F1": 0.6968325791855203, "Best Model Params": {"criterion": "squared_error", "learning_rate": 0.05, "loss": "exponential", "max_features": null, "min_samples_leaf": 5, "min_samples_split": 2, "n_estimators": 100}, "_timestamp": 1709838738.568358, "_runtime": 644.4967439174652, "_step": 1, "roc_table": {"_type": "table-file", "sha256": "1c1f1803c0a2adfdcc2f55dcb8f3e8db958e18b919dd54b26ed346a0b29576db", "size": 3594, "artifact_path": "wandb-client-artifact://m324bblsk3sznfu2g97pyvnpfdqkzjcr1smb2cey1gh9ve5cii18vrubgc8sbhhipe08w2rpdt1ngrep9x5k0reb53p60v3bxb2v5llfx115mznezudq65ukhggjt0q9:latest/roc_table.table.json", "_latest_artifact_path": "wandb-client-artifact://m324bblsk3sznfu2g97pyvnpfdqkzjcr1smb2cey1gh9ve5cii18vrubgc8sbhhipe08w2rpdt1ngrep9x5k0reb53p60v3bxb2v5llfx115mznezudq65ukhggjt0q9:latest/roc_table.table.json", "path": "media/table/roc_table_1_1c1f1803c0a2adfdcc2f.table.json", "ncols": 3, "nrows": 172}, "_wandb": {"runtime": 644}}