{"Test set CV accuracies": [0.4909090909090909, 0.5454545454545454, 0.6, 0.5, 0.7592592592592593], "Average test set accuracy": 0.579124579124579, "Average test set F1": 0.5856213961477119, "_timestamp": 1708602161.943134, "_runtime": 13.41820502281189, "_step": 1, "roc_table": {"_type": "table-file", "sha256": "cca4fd2b33a773640ecf442a730a6629c643017db2a536daf5a43b68d54f5260", "size": 5690, "artifact_path": "wandb-client-artifact://ep9z3emn963lnhecd8t1frc7r6ijaiogjwpv2wo0ire37kvxdsbitt21ntlkcsj9agltc6svz7m429xylzwz3ibl9dq6oqu4fxs98ff5bl8t8kqr1jzg98cn3raf276s:latest/roc_table.table.json", "_latest_artifact_path": "wandb-client-artifact://ep9z3emn963lnhecd8t1frc7r6ijaiogjwpv2wo0ire37kvxdsbitt21ntlkcsj9agltc6svz7m429xylzwz3ibl9dq6oqu4fxs98ff5bl8t8kqr1jzg98cn3raf276s:latest/roc_table.table.json", "path": "media/table/roc_table_1_cca4fd2b33a773640ecf.table.json", "ncols": 3, "nrows": 272}, "_wandb": {"runtime": 10}}