{"Best Model Params": {"bootstrap": true, "max_depth": 80, "max_features": 3, "min_samples_leaf": 3, "min_samples_split": 8, "n_estimators": 500}, "roc_table": {"_type": "table-file", "sha256": "4d1422320cc6d633e062a3180919657d86306fbbec83f770c8340a984cff6e39", "size": 8222, "artifact_path": "wandb-client-artifact://7l0uo5pg4l7j9doy37oszrcy3x4vpcyzeia3arfzwbireunnimlpe3mskejoxwk12lmm6knc75s07fo2kdn4762zf2jjcqyids4rzrl1q7ku26hj4fvizjlwvvkvcuh3:latest/roc_table.table.json", "_latest_artifact_path": "wandb-client-artifact://7l0uo5pg4l7j9doy37oszrcy3x4vpcyzeia3arfzwbireunnimlpe3mskejoxwk12lmm6knc75s07fo2kdn4762zf2jjcqyids4rzrl1q7ku26hj4fvizjlwvvkvcuh3:latest/roc_table.table.json", "path": "media/table/roc_table_0_4d1422320cc6d633e062.table.json", "ncols": 3, "nrows": 436}, "_timestamp": 1713383704.906058, "_runtime": 433.48835015296936, "_step": 1, "CV accuracies": [0.7753424657534247, 0.7534246575342466, 0.7780821917808219, 0.7561643835616438, 0.7252747252747253], "Average CV accuracy": 0.7576576847809725, "Average CV F1": 0.6128104889630998, "Test set F1": 0.6549019607843137, "Test set accuracy": 0.7749360613810742, "_wandb": {"runtime": 433}}