{"Test set CV accuracies": [0.6, 0.5636363636363636, 0.509090909090909, 0.5185185185185185, 0.5925925925925926], "Average test set accuracy": 0.5567676767676767, "Average test set F1": 0.6189769911137378, "Best Model Params": {"bootstrap": true, "max_depth": 80, "max_features": 2, "min_samples_leaf": 3, "min_samples_split": 8, "n_estimators": 300}, "_timestamp": 1708176820.901348, "_runtime": 341.82268714904785, "_step": 1, "roc_table": {"_type": "table-file", "sha256": "e0689fbea81df96abe1ef71b8ef311e0c90fa9d8a05056564d958f4c83ee80f0", "size": 5733, "artifact_path": "wandb-client-artifact://jftasceu0lcca1oo1pslwhyuukvqs3dk1x2tzjmbxjxkf29ilqvpfl11g86v2z3u09505zcikxywvt6t1nb95hp12elnzxlu3c84wcfnbex3y562iadd96lz0w4r50wt:latest/roc_table.table.json", "_latest_artifact_path": "wandb-client-artifact://jftasceu0lcca1oo1pslwhyuukvqs3dk1x2tzjmbxjxkf29ilqvpfl11g86v2z3u09505zcikxywvt6t1nb95hp12elnzxlu3c84wcfnbex3y562iadd96lz0w4r50wt:latest/roc_table.table.json", "path": "media/table/roc_table_1_e0689fbea81df96abe1e.table.json", "ncols": 3, "nrows": 275}, "_wandb": {"runtime": 341}}