{"Test set CV accuracies": [0.5818181818181818, 0.5272727272727272, 0.5636363636363636, 0.5555555555555556, 0.5370370370370371], "Average test set accuracy": 0.553063973063973, "Average test set F1": 0.6595556537331465, "_timestamp": 1708603218.633348, "_runtime": 12.582627058029175, "_step": 1, "roc_table": {"_type": "table-file", "sha256": "1b6bb6eadf94de6d462d4e5fea283c590320183423b353babe8b2ceb97d38f20", "size": 5350, "artifact_path": "wandb-client-artifact://kgehwctq20jfx9e6hert4g6u32elp2oakai7t5brdw4einpc874rf5lhsdpsiqxxw2uwfbn1spm4yxcce9xf0okudmpk9rna3mgborapamrm9doptwyv7v69tma1ljhi:latest/roc_table.table.json", "_latest_artifact_path": "wandb-client-artifact://kgehwctq20jfx9e6hert4g6u32elp2oakai7t5brdw4einpc874rf5lhsdpsiqxxw2uwfbn1spm4yxcce9xf0okudmpk9rna3mgborapamrm9doptwyv7v69tma1ljhi:latest/roc_table.table.json", "path": "media/table/roc_table_1_1b6bb6eadf94de6d462d.table.json", "ncols": 3, "nrows": 256}, "_wandb": {"runtime": 11}}