{"roc_table": {"_type": "table-file", "sha256": "a8cea3058f98fbacba276210fb0ac6ad95b20dd2ab99ed28d46f23a92ee7f236", "size": 6950, "artifact_path": "wandb-client-artifact://a4f7q27xnklcktezx1ugqs6taqdsg87wwnyafaiet9dyuoiodoucy8426pqeizdbbppsp4i8zr8gotku3e906sizfzb2wouny4ubgov6k6m0ziezzvh1jqdj569ezr3b:latest/roc_table.table.json", "_latest_artifact_path": "wandb-client-artifact://a4f7q27xnklcktezx1ugqs6taqdsg87wwnyafaiet9dyuoiodoucy8426pqeizdbbppsp4i8zr8gotku3e906sizfzb2wouny4ubgov6k6m0ziezzvh1jqdj569ezr3b:latest/roc_table.table.json", "path": "media/table/roc_table_0_a8cea3058f98fbacba27.table.json", "ncols": 3, "nrows": 368}, "_timestamp": 1714049222.468914, "_runtime": 14.090961933135986, "_step": 1, "CV accuracies": [0.8347578347578347, 0.8428571428571429, 0.8314285714285714, 0.8171428571428572, 0.8428571428571429], "Average CV accuracy": 0.8338087098087097, "Average CV F1": 0.7324816303332927, "Test set F1": 0.7300884955752213, "Test set accuracy": 0.8364611260053619, "_wandb": {"runtime": 13}}