{"Best Model Params": {"bootstrap": true, "max_depth": 80, "max_features": 4, "min_samples_leaf": 3, "min_samples_split": 4, "n_estimators": 100}, "roc_table": {"_type": "table-file", "sha256": "4dbf4a5d3480ba82e55e4e3709fd21871d1819c33b7e684124910f1f651d57c5", "size": 12896, "artifact_path": "wandb-client-artifact://evclpnk1zhhl45xi7c3o8pbvdbecdvdyne65ezpq57sh09tz4yep6aw58n1q7y319pmk2wvvntzsbybgbwhcwlzawxz28prmyaxnmdeboau81870m2e0x1pmixliiozn:latest/roc_table.table.json", "_latest_artifact_path": "wandb-client-artifact://evclpnk1zhhl45xi7c3o8pbvdbecdvdyne65ezpq57sh09tz4yep6aw58n1q7y319pmk2wvvntzsbybgbwhcwlzawxz28prmyaxnmdeboau81870m2e0x1pmixliiozn:latest/roc_table.table.json", "path": "media/table/roc_table_0_4dbf4a5d3480ba82e55e.table.json", "ncols": 3, "nrows": 684}, "_timestamp": 1713297706.465413, "_runtime": 531.1090281009674, "_step": 1, "CV accuracies": [0.7248908296943232, 0.722707423580786, 0.7571115973741794, 0.7658643326039387, 0.7067833698030634], "Average CV accuracy": 0.7354715106112582, "Average CV F1": 0.7335437882903962, "Test set F1": 0.7484008528784648, "Test set accuracy": 0.7594291539245668, "_wandb": {"runtime": 530}}