{"Test set CV accuracies": [0.6287128712871287, 0.6287128712871287, 0.6915422885572139, 0.6318407960199005, 0.5771144278606966], "Average test set accuracy": 0.6315846510024137, "Average test set F1": 0.6721658166374398, "_timestamp": 1708603509.830326, "_runtime": 17.971880197525024, "_step": 1, "roc_table": {"_type": "table-file", "sha256": "4f9b6a3c9f358ad0a18bd3ecd7081d0b4f8860495472c5f92448d7043feff531", "size": 17226, "artifact_path": "wandb-client-artifact://wjey3tcixxkym39fvalgali4elp8p74079wulsro1psrytx70xp9coe680a9005bjcg36l9ep7fnjg925fjbpse7y1rl8tuq7jf0je5ffvxh7s4r1izme1f92p6y11t4:latest/roc_table.table.json", "_latest_artifact_path": "wandb-client-artifact://wjey3tcixxkym39fvalgali4elp8p74079wulsro1psrytx70xp9coe680a9005bjcg36l9ep7fnjg925fjbpse7y1rl8tuq7jf0je5ffvxh7s4r1izme1f92p6y11t4:latest/roc_table.table.json", "path": "media/table/roc_table_1_4f9b6a3c9f358ad0a18b.table.json", "ncols": 3, "nrows": 916}, "_wandb": {"runtime": 17}}