{"Test set CV accuracies": [0.5818181818181818, 0.5454545454545454, 0.6, 0.3888888888888889, 0.5185185185185185], "Average test set accuracy": 0.5269360269360269, "Average test set F1": 0.5399163625071904, "_timestamp": 1708678297.925714, "_runtime": 12.566853046417236, "_step": 1, "roc_table": {"_type": "table-file", "sha256": "f7f9335660766ec6e7ea6bf8dd0213affd70218f866c61868cf4e875ccdfa79b", "size": 2679, "artifact_path": "wandb-client-artifact://cgyp1e4w8vryvz219sigxjyoqabv11wyt54oql3foc6ychghlpdoziurf5bdo7gh6q6lcsjfr8thocz5z24y3lxy1dtjtzppcaxzcztqs4c6sz77otjarhkknf0n314a:latest/roc_table.table.json", "_latest_artifact_path": "wandb-client-artifact://cgyp1e4w8vryvz219sigxjyoqabv11wyt54oql3foc6ychghlpdoziurf5bdo7gh6q6lcsjfr8thocz5z24y3lxy1dtjtzppcaxzcztqs4c6sz77otjarhkknf0n314a:latest/roc_table.table.json", "path": "media/table/roc_table_1_f7f9335660766ec6e7ea.table.json", "ncols": 3, "nrows": 127}, "_wandb": {"runtime": 10}}