{"Test set CV accuracies": [0.84, 0.82, 0.84, 0.8333333333333334, 0.8327759197324415], "Average test set accuracy": 0.833221850613155, "Average test set F1": 0.21300097751710653, "_timestamp": 1706226066.947207, "_runtime": 13.501508951187134, "_step": 1, "roc_table": {"_type": "table-file", "sha256": "f3ef019446a25c22e13fffede39c429b173fcfdc11d065104008b87ba9da0144", "size": 3542, "artifact_path": "wandb-client-artifact://25lycc206g42ezxqd3kuf8ywihkzsnfy41to6ztf675kztde64l94zqvz6s0tl8judcuhoqg1yui9eve52yhiwzmh7h2x8bmth3sj0t83qamhq6vif5nqzdfwdzelbps:latest/roc_table.table.json", "_latest_artifact_path": "wandb-client-artifact://25lycc206g42ezxqd3kuf8ywihkzsnfy41to6ztf675kztde64l94zqvz6s0tl8judcuhoqg1yui9eve52yhiwzmh7h2x8bmth3sj0t83qamhq6vif5nqzdfwdzelbps:latest/roc_table.table.json", "path": "media/table/roc_table_1_f3ef019446a25c22e13f.table.json", "ncols": 3, "nrows": 170}, "_wandb": {"runtime": 13}}