{"Test set CV accuracies": [0.6545454545454545, 0.7454545454545455, 0.7090909090909091, 0.6851851851851852, 0.5185185185185185], "Average test set accuracy": 0.6625589225589226, "Average test set F1": 0.702934955050238, "_timestamp": 1706265100.729416, "_runtime": 16.37602400779724, "_step": 1, "roc_table": {"_type": "table-file", "sha256": "896d1ca86849e2ae50a33d01288b3696560a47f180bf6ca77523820cac87484c", "size": 3058, "artifact_path": "wandb-client-artifact://x88fcjxp13wqixqb8snqq2pwh16avu0dhmyucrhgpz9wkne7gg90c72l9ynoot6fputqzlf17sxmw97lpnhu3r2ubzt8grz5eydcbc9x2li2on61i7lvh68xcy27fu7i:latest/roc_table.table.json", "_latest_artifact_path": "wandb-client-artifact://x88fcjxp13wqixqb8snqq2pwh16avu0dhmyucrhgpz9wkne7gg90c72l9ynoot6fputqzlf17sxmw97lpnhu3r2ubzt8grz5eydcbc9x2li2on61i7lvh68xcy27fu7i:latest/roc_table.table.json", "path": "media/table/roc_table_1_896d1ca86849e2ae50a3.table.json", "ncols": 3, "nrows": 146}, "_wandb": {"runtime": 16}}