{"Test set CV accuracies": [0.4727272727272727, 0.4909090909090909, 0.5272727272727272, 0.48148148148148145, 0.6111111111111112], "Average test set accuracy": 0.5167003367003367, "Average test set F1": 0.5706515824100571, "_timestamp": 1708607557.334701, "_runtime": 19.236003160476685, "_step": 1, "roc_table": {"_type": "table-file", "sha256": "fde2ae89ec68ab1760cac271eacb461dd75687fc73f634d1f359db7cc0d2764a", "size": 5009, "artifact_path": "wandb-client-artifact://5n2yowwjyrgbpgmirdvk9192atnbhjc2orq2m4y1hv683d50g3wc32zu1wu1g7avvqodj69fecl8f2c37q184mc26c2p8kt6cvnsa335fiy8ouxuwffftio9d0svx5b1:latest/roc_table.table.json", "_latest_artifact_path": "wandb-client-artifact://5n2yowwjyrgbpgmirdvk9192atnbhjc2orq2m4y1hv683d50g3wc32zu1wu1g7avvqodj69fecl8f2c37q184mc26c2p8kt6cvnsa335fiy8ouxuwffftio9d0svx5b1:latest/roc_table.table.json", "path": "media/table/roc_table_1_fde2ae89ec68ab1760ca.table.json", "ncols": 3, "nrows": 241}, "_wandb": {"runtime": 18}}