{"Test set CV accuracies": [0.5636363636363636, 0.5636363636363636, 0.6363636363636364, 0.5740740740740741, 0.5925925925925926], "Average test set accuracy": 0.5860606060606061, "Average test set F1": 0.6953452738929087, "Best Model Params": {"bootstrap": true, "max_depth": 80, "max_features": 4, "min_samples_leaf": 5, "min_samples_split": 4, "n_estimators": 100}, "_timestamp": 1708348868.14342, "_runtime": 366.3625679016113, "_step": 1, "roc_table": {"_type": "table-file", "sha256": "92a60c41d7ec7675c0c3330986059715cd99a5caef6dbf5d88fb92b6640b6bcb", "size": 6197, "artifact_path": "wandb-client-artifact://fwrefpbnwo1gu4a40s52xi8y0lcanlij50deucdnq64x8rhkoa182cfya76bapim755pjrok3svxbp7bftcwn9jb4noxz7o458ww68usu751oczgca0kea1kifpo98sl:latest/roc_table.table.json", "_latest_artifact_path": "wandb-client-artifact://fwrefpbnwo1gu4a40s52xi8y0lcanlij50deucdnq64x8rhkoa182cfya76bapim755pjrok3svxbp7bftcwn9jb4noxz7o458ww68usu751oczgca0kea1kifpo98sl:latest/roc_table.table.json", "path": "media/table/roc_table_1_92a60c41d7ec7675c0c3.table.json", "ncols": 3, "nrows": 297}, "_wandb": {"runtime": 365}}