{"CV accuracies": [0.7637795275590551, 0.7401574803149606, 0.6850393700787402, 0.6614173228346457, 0.6825396825396826], "Average CV accuracy": 0.706586676665417, "Average CV F1": 0.7341172136666813, "Test set F1": 0.7249190938511326, "_timestamp": 1709762041.167511, "_runtime": 246.78702902793884, "_step": 1, "roc_table": {"_type": "table-file", "sha256": "54a4a18509781f4be11335c7cfad36c32255ab4586b8314009977b1fb3dd7019", "size": 5026, "artifact_path": "wandb-client-artifact://giqvn3vntcti6b7fcgdluraukz1cmg6km27cvl2u04nq0q8zbdnf03cns9e7vlmjjilse9a01juvhtkhdafqn2j9kh3crstekxdqizgfarjlw5ilzt9fuf3f5j38yxsl:latest/roc_table.table.json", "_latest_artifact_path": "wandb-client-artifact://giqvn3vntcti6b7fcgdluraukz1cmg6km27cvl2u04nq0q8zbdnf03cns9e7vlmjjilse9a01juvhtkhdafqn2j9kh3crstekxdqizgfarjlw5ilzt9fuf3f5j38yxsl:latest/roc_table.table.json", "path": "media/table/roc_table_1_54a4a18509781f4be113.table.json", "ncols": 3, "nrows": 240}, "_wandb": {"runtime": 245}}