{"Test set CV accuracies": [0.6181818181818182, 0.6181818181818182, 0.6181818181818182, 0.7037037037037037, 0.7037037037037037], "Average test set accuracy": 0.6523905723905724, "Average test set F1": 0.6772255425839961, "_timestamp": 1706087719.316292, "_runtime": 13.98724913597107, "_step": 0, "_wandb": {"runtime": 13}}