{"Test set CV accuracies": [0.4727272727272727, 0.6181818181818182, 0.5818181818181818, 0.5, 0.5370370370370371], "Average test set accuracy": 0.541952861952862, "Average test set F1": 0.629806413006677, "_timestamp": 1708602041.61763, "_runtime": 12.909789085388184, "_step": 1, "roc_table": {"_type": "table-file", "sha256": "0f5d1734b9d390aa781feb8f2e7979f76a5c70cb83223bd0bb539d70cbb98eb7", "size": 5430, "artifact_path": "wandb-client-artifact://q0d4k3n1yqd8rmfqdzzdhyojvrag768w024hvhxv57a3ui6p1q7ys5bmfzq6e7kcj99p5s0uu2zchprksv1veahealtljbqa5ztvuarr4n7q04sfvu11ifro3fe8b0ga:latest/roc_table.table.json", "_latest_artifact_path": "wandb-client-artifact://q0d4k3n1yqd8rmfqdzzdhyojvrag768w024hvhxv57a3ui6p1q7ys5bmfzq6e7kcj99p5s0uu2zchprksv1veahealtljbqa5ztvuarr4n7q04sfvu11ifro3fe8b0ga:latest/roc_table.table.json", "path": "media/table/roc_table_1_0f5d1734b9d390aa781f.table.json", "ncols": 3, "nrows": 260}, "_wandb": {"runtime": 11}}