{"CV accuracies": [0.6692913385826772, 0.6692913385826772, 0.6614173228346457, 0.6692913385826772, 0.6666666666666666], "Average CV accuracy": 0.6671916010498687, "Average CV F1": 0.7182021780738337, "Test set F1": 0.7098765432098766, "Best Model Params": {"C": 0.01, "penalty": "l2"}, "_timestamp": 1709762634.2812622, "_runtime": 16.462228059768677, "_step": 1, "roc_table": {"_type": "table-file", "sha256": "654727363706f38e34e7674edd8a8416d70509a132b89d9124299ca80c42a5d9", "size": 5350, "artifact_path": "wandb-client-artifact://6hklhei03bv3csmqtp6c8w72hyrz6diqq95qdzqhzb5y9j9c8os91mj94e7ln4oss8jaqg5jv2dp08sev51fcy2l57g2pvjuzo17x3szbdat7prhwgtjphefveq54suk:latest/roc_table.table.json", "_latest_artifact_path": "wandb-client-artifact://6hklhei03bv3csmqtp6c8w72hyrz6diqq95qdzqhzb5y9j9c8os91mj94e7ln4oss8jaqg5jv2dp08sev51fcy2l57g2pvjuzo17x3szbdat7prhwgtjphefveq54suk:latest/roc_table.table.json", "path": "media/table/roc_table_1_654727363706f38e34e7.table.json", "ncols": 3, "nrows": 256}, "_wandb": {"runtime": 16}}