{"roc_table": {"_type": "table-file", "sha256": "a66b09cf489074b30aa1da702d04f6c8c129255af0442f603bfb6dc6dd7c7f36", "size": 153, "artifact_path": "wandb-client-artifact://geodqrhqxysptcf0b7gbzgth8ep96v80flmipk3i1p2zgxvzimy93okva11y6apiigcxuw8t7wp9qka89kj9o6t7x0k6gz3bwt77b57jq4q40wofhpumph6f3m6twp41:latest/roc_table.table.json", "_latest_artifact_path": "wandb-client-artifact://geodqrhqxysptcf0b7gbzgth8ep96v80flmipk3i1p2zgxvzimy93okva11y6apiigcxuw8t7wp9qka89kj9o6t7x0k6gz3bwt77b57jq4q40wofhpumph6f3m6twp41:latest/roc_table.table.json", "path": "media/table/roc_table_0_a66b09cf489074b30aa1.table.json", "ncols": 3, "nrows": 7}, "_timestamp": 1717737878.061988, "_runtime": 15.29641318321228, "_step": 1, "CV accuracies": [0.85, 0.75, 0.7948717948717948, 0.7692307692307693, 0.6666666666666666], "Average CV accuracy": 0.7661538461538461, "Average CV F1": 0.21487179487179486, "Test set F1": 0.6666666666666666, "Test set accuracy": 0.95, "_wandb": {"runtime": 14}}