{"CV accuracies": [0.8181818181818182, 0.8409090909090909, 0.8181818181818182, 0.8181818181818182, 0.8636363636363636], "Average CV accuracy": 0.8318181818181818, "Average CV F1": 0.8932228666114334, "Test set F1": 0.8888888888888887, "_timestamp": 1709841510.5190861, "_runtime": 244.10178518295288, "_step": 1, "roc_table": {"_type": "table-file", "sha256": "c09b80210b1c4db2a92eab22bf0d04b0acbaf6836397ad0440829f4efd01840c", "size": 1101, "artifact_path": "wandb-client-artifact://kojfgknqjske5wlvzzed9atm4z0kxbmltfhixghpaonmer5ad7ovxjtro41x8y45chzn3nydwu6n4fq2o4i5bub3yxl87yznyxt2pwv8k4l5tap9c4py0cimv1itugrv:latest/roc_table.table.json", "_latest_artifact_path": "wandb-client-artifact://kojfgknqjske5wlvzzed9atm4z0kxbmltfhixghpaonmer5ad7ovxjtro41x8y45chzn3nydwu6n4fq2o4i5bub3yxl87yznyxt2pwv8k4l5tap9c4py0cimv1itugrv:latest/roc_table.table.json", "path": "media/table/roc_table_1_c09b80210b1c4db2a92e.table.json", "ncols": 3, "nrows": 56}, "_wandb": {"runtime": 243}}