{"Best Model Params": {"bootstrap": true, "max_depth": 80, "max_features": 4, "min_samples_leaf": 3, "min_samples_split": 4, "n_estimators": 100}, "accuracy": 0.7303370786516854, "f1": 0.21311475409836064, "recall": 0.12871287128712872, "precision": 0.6190476190476191, "fbeta": 0.35135135135135137, "roc_table": {"_type": "table-file", "sha256": "bc63fa2632375290c4bdf7d3765944c8c550a0b0648c932d3bd05e453c92871e", "size": 4757, "artifact_path": "wandb-client-artifact://l483tfd0a6fec3lj2ibn9ecxuhsx15uyj1d8uded905kyqp15l01mhg1yyd5vyzwlqnjxi08u8tmm6txawfeo6r3329p3rnrhm6kvuf2b0v53jq8qid4yxhv3369mqlf:latest/roc_table.table.json", "_latest_artifact_path": "wandb-client-artifact://l483tfd0a6fec3lj2ibn9ecxuhsx15uyj1d8uded905kyqp15l01mhg1yyd5vyzwlqnjxi08u8tmm6txawfeo6r3329p3rnrhm6kvuf2b0v53jq8qid4yxhv3369mqlf:latest/roc_table.table.json", "path": "media/table/roc_table_0_bc63fa2632375290c4bd.table.json", "ncols": 3, "nrows": 252}, "_timestamp": 1716942424.056169, "_runtime": 348.540766954422, "_step": 0, "_wandb": {"runtime": 347}}