{"CV accuracies": [0.8188976377952756, 0.7480314960629921, 0.7874015748031497, 0.8188976377952756, 0.8333333333333334], "Average CV accuracy": 0.8013123359580051, "Average CV F1": 0.7854966526859359, "Test set F1": 0.7632508833922262, "Best Model Params": {"C": 1.0, "degree": 4, "gamma": "scale", "kernel": "poly"}, "Test set accuracy": 0.7545787545787546, "_timestamp": 1710146806.109844, "_runtime": 40.223180055618286, "_step": 1, "roc_table": {"_type": "table-file", "sha256": "70dc45da0b33810389bb0065e58ac18d3c11aed70a5afdec2468af29d155c6da", "size": 3951, "artifact_path": "wandb-client-artifact://mz6e7fd2923kcqimvhb7enkrjag31gqxvo7dib7152y24iwd5v6itvz1pl9w4q9up94xn2o3v3hetuwd3bzeb0sxxlpphhu8uoogfk9pzn73lq3rrciuo9rlz5k6z79v:latest/roc_table.table.json", "_latest_artifact_path": "wandb-client-artifact://mz6e7fd2923kcqimvhb7enkrjag31gqxvo7dib7152y24iwd5v6itvz1pl9w4q9up94xn2o3v3hetuwd3bzeb0sxxlpphhu8uoogfk9pzn73lq3rrciuo9rlz5k6z79v:latest/roc_table.table.json", "path": "media/table/roc_table_1_70dc45da0b33810389bb.table.json", "ncols": 3, "nrows": 189}, "_wandb": {"runtime": 39}}