{"CV accuracies": [0.5590551181102362, 0.5748031496062992, 0.5275590551181102, 0.49606299212598426, 0.5873015873015873], "Average CV accuracy": 0.5489563804524434, "Average CV F1": 0.6002388711739516, "Test set F1": 0.6234567901234568, "Test set accuracy": 0.5531135531135531, "_timestamp": 1709892909.9132721, "_runtime": 392.0100371837616, "_step": 1, "roc_table": {"_type": "table-file", "sha256": "c4fa24c03de41b57e2b6463b2a16df796861634391efb8e4c0e244fa666ad6a9", "size": 4788, "artifact_path": "wandb-client-artifact://1rxaajovtqhyeym7v96j2t0kt4zqo9bydryygfby6bvtl6f35hbgaoxs7j9map80hdu53p3dwhn5okyo6vpjzl9hdwenb41625d84rmp8327kt73732kvyqycbl1dylw:latest/roc_table.table.json", "_latest_artifact_path": "wandb-client-artifact://1rxaajovtqhyeym7v96j2t0kt4zqo9bydryygfby6bvtl6f35hbgaoxs7j9map80hdu53p3dwhn5okyo6vpjzl9hdwenb41625d84rmp8327kt73732kvyqycbl1dylw:latest/roc_table.table.json", "path": "media/table/roc_table_1_c4fa24c03de41b57e2b6.table.json", "ncols": 3, "nrows": 254}, "_wandb": {"runtime": 391}}