{"Test set CV accuracies": [0.509090909090909, 0.5272727272727272, 0.509090909090909, 0.5740740740740741, 0.6296296296296297], "Average test set accuracy": 0.5498316498316498, "Average test set F1": 0.5197137099576125, "_timestamp": 1708602601.5355158, "_runtime": 12.285618782043457, "_step": 1, "roc_table": {"_type": "table-file", "sha256": "ca8ecafd1313b1360ea2a03fb725de2b953765cca320a6fcba4e338079e08d6c", "size": 5071, "artifact_path": "wandb-client-artifact://ni57bdlz2i6r96vpdaz4lsiod8yzij6e1f95u24e2a0mlp34hxqtnpye8liuh086p9kizl26fiz01drpbk6tle2qnluie10w1qt978q1rln735grrdzxpyflon9z7x8q:latest/roc_table.table.json", "_latest_artifact_path": "wandb-client-artifact://ni57bdlz2i6r96vpdaz4lsiod8yzij6e1f95u24e2a0mlp34hxqtnpye8liuh086p9kizl26fiz01drpbk6tle2qnluie10w1qt978q1rln735grrdzxpyflon9z7x8q:latest/roc_table.table.json", "path": "media/table/roc_table_1_ca8ecafd1313b1360ea2.table.json", "ncols": 3, "nrows": 243}, "_wandb": {"runtime": 11}}