{"Best Model Params": {"bootstrap": true, "max_depth": 80, "max_features": 4, "min_samples_leaf": 3, "min_samples_split": 8, "n_estimators": 100}, "accuracy": 0.6071428571428571, "f1": 0.5, "recall": 0.39285714285714285, "precision": 0.6875, "fbeta": 0.5978260869565218, "roc_table": {"_type": "table-file", "sha256": "2744215ebe75599cd5d1f466d6e5a4168a2f3aa3f6fb6afd1ed54d5583202a2a", "size": 947, "artifact_path": "wandb-client-artifact://dl3vsgk9hf09hesz21euib0eo542mb6ixm76te9j2y7rqf9k1yaeshyxavu1w48512tf4pjwz95up73p2ji1l57mtu1lpe3gszf5eus4nouteqec29s4ii1phhhrv0gs:latest/roc_table.table.json", "_latest_artifact_path": "wandb-client-artifact://dl3vsgk9hf09hesz21euib0eo542mb6ixm76te9j2y7rqf9k1yaeshyxavu1w48512tf4pjwz95up73p2ji1l57mtu1lpe3gszf5eus4nouteqec29s4ii1phhhrv0gs:latest/roc_table.table.json", "path": "media/table/roc_table_0_2744215ebe75599cd5d1.table.json", "ncols": 3, "nrows": 49}, "_timestamp": 1716942059.5335622, "_runtime": 371.6365532875061, "_step": 0, "_wandb": {"runtime": 370}}