{"Best Model Params": {"bootstrap": true, "max_depth": 80, "max_features": 4, "min_samples_leaf": 3, "min_samples_split": 4, "n_estimators": 100}, "accuracy": 0.6678445229681979, "f1": 0.2842639593908629, "recall": 0.18983050847457628, "precision": 0.5656565656565656, "fbeta": 0.40520984081041966, "roc_table": {"_type": "table-file", "sha256": "af8ee544ecd7b8cbf885119b194eb46bd7844437272346e18303259cdadbb467", "size": 13607, "artifact_path": "wandb-client-artifact://958ba5odktupwfe7cf8fl504bhaxjt40adyfx3posq95zuecvdx5ervta2jkqzr41l1g2xomp215pp0d4cu1eomeltqeuwisv5vcly4ed9pydeum3kc748i97i6ppubb:latest/roc_table.table.json", "_latest_artifact_path": "wandb-client-artifact://958ba5odktupwfe7cf8fl504bhaxjt40adyfx3posq95zuecvdx5ervta2jkqzr41l1g2xomp215pp0d4cu1eomeltqeuwisv5vcly4ed9pydeum3kc748i97i6ppubb:latest/roc_table.table.json", "path": "media/table/roc_table_0_af8ee544ecd7b8cbf885.table.json", "ncols": 3, "nrows": 725}, "_timestamp": 1716940904.397286, "_runtime": 316.3395369052887, "_step": 0, "_wandb": {"runtime": 315}}