{"Test set CV accuracies": [0.5272727272727272, 0.6363636363636364, 0.5272727272727272, 0.48148148148148145, 0.6481481481481481], "Average test set accuracy": 0.564107744107744, "Average test set F1": 0.6254340786625561, "Best Model Params": {"bootstrap": true, "max_depth": 80, "max_features": 2, "min_samples_leaf": 5, "min_samples_split": 4, "n_estimators": 100}, "_timestamp": 1708285185.458699, "_runtime": 307.38636207580566, "_step": 1, "roc_table": {"_type": "table-file", "sha256": "768696fea8ff473b1ceffb75f4ddf3b0936b36136a9c602194905654459e8c15", "size": 5990, "artifact_path": "wandb-client-artifact://z6irr2ra9g37rq4ccymuzt4d4xyqxke1ftir3dd0suvokzlsun8tkuxq1hm1l1llrysq5xj965qmceuvs6ns74bmnfaydzl3wyyejrkku9o0fnyi4dubhky2sm8v23n5:latest/roc_table.table.json", "_latest_artifact_path": "wandb-client-artifact://z6irr2ra9g37rq4ccymuzt4d4xyqxke1ftir3dd0suvokzlsun8tkuxq1hm1l1llrysq5xj965qmceuvs6ns74bmnfaydzl3wyyejrkku9o0fnyi4dubhky2sm8v23n5:latest/roc_table.table.json", "path": "media/table/roc_table_1_768696fea8ff473b1cef.table.json", "ncols": 3, "nrows": 288}, "_wandb": {"runtime": 307}}