{"Test set CV accuracies": [0.7272727272727273, 0.6545454545454545, 0.7272727272727273, 0.7037037037037037, 0.7777777777777778], "Average test set accuracy": 0.7181144781144781, "Average test set F1": 0.7647305706519141, "Best Model Params": {"bootstrap": true, "max_depth": 80, "max_features": 4, "min_samples_leaf": 3, "min_samples_split": 4, "n_estimators": 500}, "_timestamp": 1708598632.332194, "_runtime": 338.3193871974945, "_step": 1, "roc_table": {"_type": "table-file", "sha256": "4d27def1330f0ef1f0dde7e13469ae314df42c7cbb66289e6081cc8eef3c4819", "size": 3330, "artifact_path": "wandb-client-artifact://8dyon80oglena221of4akvou9qml8iz9x6yq5abyl1gr2m7fvo734oxyxzw6upsc05bi9927ci9kj6j3bdgo2jif4yrg6k8icv4bm9zo4k6d3s1epk36zbbphd2u2zom:latest/roc_table.table.json", "_latest_artifact_path": "wandb-client-artifact://8dyon80oglena221of4akvou9qml8iz9x6yq5abyl1gr2m7fvo734oxyxzw6upsc05bi9927ci9kj6j3bdgo2jif4yrg6k8icv4bm9zo4k6d3s1epk36zbbphd2u2zom:latest/roc_table.table.json", "path": "media/table/roc_table_1_4d27def1330f0ef1f0dd.table.json", "ncols": 3, "nrows": 160}, "_wandb": {"runtime": 337}}