{"Test set CV accuracies": [0.5272727272727272, 0.5272727272727272, 0.5636363636363636, 0.5925925925925926, 0.5], "Average test set accuracy": 0.5421548821548822, "Average test set F1": 0.631077902310779, "Best Model Params": {"bootstrap": true, "max_depth": 80, "max_features": 3, "min_samples_leaf": 3, "min_samples_split": 8, "n_estimators": 100}, "_timestamp": 1708175860.406181, "_runtime": 376.91316318511963, "_step": 1, "roc_table": {"_type": "table-file", "sha256": "7334417976f690ee59a5347389d1788fad8d5cb7a34664ff7cd518f5602f030c", "size": 4904, "artifact_path": "wandb-client-artifact://mpou2em3lheyz1ltqnuffk1s9ukdlfox87ijsg2kpz1yb7m6hkk3ugw6ytw658hdgk33ukkklm4idlph8kw45gpw4nwf4pdk8d8f8u7m7o3gjmigzr7gjus073fhlot8:latest/roc_table.table.json", "_latest_artifact_path": "wandb-client-artifact://mpou2em3lheyz1ltqnuffk1s9ukdlfox87ijsg2kpz1yb7m6hkk3ugw6ytw658hdgk33ukkklm4idlph8kw45gpw4nwf4pdk8d8f8u7m7o3gjmigzr7gjus073fhlot8:latest/roc_table.table.json", "path": "media/table/roc_table_1_7334417976f690ee59a5.table.json", "ncols": 3, "nrows": 234}, "_wandb": {"runtime": 376}}