{"Test set CV accuracies": [0.6386138613861386, 0.693069306930693, 0.6368159203980099, 0.6666666666666666, 0.6119402985074627], "Average test set accuracy": 0.6494212107777942, "Average test set F1": 0.6887449696752023, "Best Model Params": {"bootstrap": true, "max_depth": 80, "max_features": 3, "min_samples_leaf": 5, "min_samples_split": 4, "n_estimators": 100}, "_timestamp": 1708441047.3250308, "_runtime": 734.8817508220673, "_step": 1, "roc_table": {"_type": "table-file", "sha256": "6f68b0f5316e4ad7fcd1646986735ffb1b6e8ba1e411cc17fa64583cbfcfb641", "size": 16074, "artifact_path": "wandb-client-artifact://xguhblwh3wbpbst5x4xv206ucuerpv1ammzl8cat22g2xy0r26zdzxdznuv76zowole9qcbpq5cyt9hj25btkd866vrbagwm68zur77b90o69h0sz7ytr6w2n7miytyl:latest/roc_table.table.json", "_latest_artifact_path": "wandb-client-artifact://xguhblwh3wbpbst5x4xv206ucuerpv1ammzl8cat22g2xy0r26zdzxdznuv76zowole9qcbpq5cyt9hj25btkd866vrbagwm68zur77b90o69h0sz7ytr6w2n7miytyl:latest/roc_table.table.json", "path": "media/table/roc_table_1_6f68b0f5316e4ad7fcd1.table.json", "ncols": 3, "nrows": 854}, "_wandb": {"runtime": 734}}