{"Test set CV accuracies": [0.75, 0.625, 0.5416666666666666, 0.5319148936170213, 0.7021276595744681], "Average test set accuracy": 0.6301418439716311, "Average test set F1": 0.5614285714285714, "Best Model Params": {"C": 0.01, "penalty": null}, "_timestamp": 1706635094.3693461, "_runtime": 18.888456106185913, "_step": 1, "roc_table": {"_type": "table-file", "sha256": "c6539ddc62d274541d9e742a3b9f69d4a06bca0c2cc4e31d05519e64de5aca94", "size": 5208, "artifact_path": "wandb-client-artifact://6nz1tdz6ofm37amlii2rezgm1vq8kt0f1662z9z3z0og20tvz63ri1l03mveaj1cckuxv9rg8xi3lracnuef00bw8eakz5npvqllw64k1zogdfqijg053eun3bthmen8:latest/roc_table.table.json", "_latest_artifact_path": "wandb-client-artifact://6nz1tdz6ofm37amlii2rezgm1vq8kt0f1662z9z3z0og20tvz63ri1l03mveaj1cckuxv9rg8xi3lracnuef00bw8eakz5npvqllw64k1zogdfqijg053eun3bthmen8:latest/roc_table.table.json", "path": "media/table/roc_table_1_c6539ddc62d274541d9e.table.json", "ncols": 3, "nrows": 249}, "_wandb": {"runtime": 18}}