{"CV accuracies": [0.7007874015748031, 0.7322834645669292, 0.6614173228346457, 0.6220472440944882, 0.6746031746031746], "Average CV accuracy": 0.6782277215348083, "Average CV F1": 0.7282172080636602, "Test set F1": 0.7098765432098766, "Best Model Params": {"C": 0.01, "penalty": "l2"}, "_timestamp": 1709825799.954754, "_runtime": 21.013976097106934, "_step": 1, "roc_table": {"_type": "table-file", "sha256": "d8cd6a853073fe3a21e5efc033a8b8ece777a1d34f143ebb829d8282c2e2ca9d", "size": 5178, "artifact_path": "wandb-client-artifact://or1prjzw36vfqxcleek38qvq6od7vn4ahtzg9e9niepjy5c6s316x0acpz0wmm3lkcurwh304tx8lmyv92gwta9k3fm52zb1xza53pdcazwd9fi5km2f2bqp3wxogl9k:latest/roc_table.table.json", "_latest_artifact_path": "wandb-client-artifact://or1prjzw36vfqxcleek38qvq6od7vn4ahtzg9e9niepjy5c6s316x0acpz0wmm3lkcurwh304tx8lmyv92gwta9k3fm52zb1xza53pdcazwd9fi5km2f2bqp3wxogl9k:latest/roc_table.table.json", "path": "media/table/roc_table_1_d8cd6a853073fe3a21e5.table.json", "ncols": 3, "nrows": 248}, "_wandb": {"runtime": 20}}