{"CV accuracies": [0.7952755905511811, 0.7637795275590551, 0.8031496062992126, 0.8110236220472441, 0.7857142857142857], "Average CV accuracy": 0.7917885264341956, "Average CV F1": 0.7846726247928686, "Test set F1": 0.7801418439716313, "Test set accuracy": 0.7728937728937729, "_timestamp": 1710150657.828566, "_runtime": 11.297615051269531, "_step": 1, "roc_table": {"_type": "table-file", "sha256": "7545f9b40d1f8c9a698ec06b1e3ffc5f8fa0cb386f9f9992648a72f272940cb1", "size": 3430, "artifact_path": "wandb-client-artifact://v8gxg1y26e104hghh2o5gjafpb6kumpfziditajhojmv9453dbaj3njbx2lycx9ko6pr59h5djz5htf8ia2xb4u0b3271h834jgxmrk1x1o42brtrnfsv70xqdt1izjr:latest/roc_table.table.json", "_latest_artifact_path": "wandb-client-artifact://v8gxg1y26e104hghh2o5gjafpb6kumpfziditajhojmv9453dbaj3njbx2lycx9ko6pr59h5djz5htf8ia2xb4u0b3271h834jgxmrk1x1o42brtrnfsv70xqdt1izjr:latest/roc_table.table.json", "path": "media/table/roc_table_1_7545f9b40d1f8c9a698e.table.json", "ncols": 3, "nrows": 164}, "_wandb": {"runtime": 10}}