{"Test set CV accuracies": [0.8109756097560976, 0.7926829268292683, 0.7791411042944786, 0.8159509202453987, 0.8220858895705522], "Average test set accuracy": 0.8041672901391591, "Average test set F1": 0.8354851605178437, "_timestamp": 1706225921.650152, "_runtime": 13.406805992126465, "_step": 1, "roc_table": {"_type": "table-file", "sha256": "b61f072ee8e257db839f8a6df222d930e72a7d53c3ea0e29d4d9e541e30d2409", "size": 3798, "artifact_path": "wandb-client-artifact://tkpp06tg9piy5orsttbu23eus9xjcs23c94vpxx1kn2prizwnam78h8p1zt8u286mfr4nrcfy50845dbywxxzuy7f6syy74nhu0yop1wfl731my73jsq5yx68yvj2f39:latest/roc_table.table.json", "_latest_artifact_path": "wandb-client-artifact://tkpp06tg9piy5orsttbu23eus9xjcs23c94vpxx1kn2prizwnam78h8p1zt8u286mfr4nrcfy50845dbywxxzuy7f6syy74nhu0yop1wfl731my73jsq5yx68yvj2f39:latest/roc_table.table.json", "path": "media/table/roc_table_1_b61f072ee8e257db839f.table.json", "ncols": 3, "nrows": 202}, "_wandb": {"runtime": 12}}