{"Test set CV accuracies": [0.6517412935323383, 0.6567164179104478, 0.7213930348258707, 0.6169154228855721, 0.6716417910447762], "Average test set accuracy": 0.6636815920398009, "Average test set F1": 0.7219093979984998, "Best Model Params": {"bootstrap": true, "max_depth": 80, "max_features": 3, "min_samples_leaf": 4, "min_samples_split": 4, "n_estimators": 500}, "_timestamp": 1708590905.4312909, "_runtime": 514.5790269374847, "_step": 1, "roc_table": {"_type": "table-file", "sha256": "45b434aa08d65766b4c502048df8b422db2d0e39df203c5360cdca27bf1be517", "size": 16098, "artifact_path": "wandb-client-artifact://7f5pmuna80if4ta21o81jl7hqgx9ciqb0ufsj6nrg5urvbpvzksblnfdde6nn4zg3jsso5jlw373np4x8o5d5p37k96fp468n0tvi3t8yg30yn4qnz0i7f9bbpoetdrx:latest/roc_table.table.json", "_latest_artifact_path": "wandb-client-artifact://7f5pmuna80if4ta21o81jl7hqgx9ciqb0ufsj6nrg5urvbpvzksblnfdde6nn4zg3jsso5jlw373np4x8o5d5p37k96fp468n0tvi3t8yg30yn4qnz0i7f9bbpoetdrx:latest/roc_table.table.json", "path": "media/table/roc_table_1_45b434aa08d65766b4c5.table.json", "ncols": 3, "nrows": 856}, "_wandb": {"runtime": 513}}