{"Best Model Params": {"bootstrap": true, "max_depth": 80, "max_features": 4, "min_samples_leaf": 3, "min_samples_split": 8, "n_estimators": 100}, "accuracy": 0.6956521739130435, "f1": 0.12500000000000003, "recall": 0.09090909090909091, "precision": 0.2, "fbeta": 0.16129032258064516, "roc_table": {"_type": "table-file", "sha256": "3e81a479eeeae4d37ec3bd5a40ae19d1c17318eb4fb51dde8b740627cf72011b", "size": 685, "artifact_path": "wandb-client-artifact://8003i46lbj036tyid9otujwvw9d5jc3rs8245pl1cdqrolw0f3x6drsnp5ttlwtgshck6f5xs6derhzwkfc48g3oy1fxs1uepm91q6pjlhlwqk7eh6p47nu2zwxgfiz7:latest/roc_table.table.json", "_latest_artifact_path": "wandb-client-artifact://8003i46lbj036tyid9otujwvw9d5jc3rs8245pl1cdqrolw0f3x6drsnp5ttlwtgshck6f5xs6derhzwkfc48g3oy1fxs1uepm91q6pjlhlwqk7eh6p47nu2zwxgfiz7:latest/roc_table.table.json", "path": "media/table/roc_table_0_3e81a479eeeae4d37ec3.table.json", "ncols": 3, "nrows": 35}, "_timestamp": 1716943587.451236, "_runtime": 379.98429703712463, "_step": 0, "_wandb": {"runtime": 378}}