{"roc_table": {"_type": "table-file", "sha256": "4bbe6ee3df249e40d53e9d5a01c935feadd0d8dd33ea6fc6471de2b423e2d53a", "size": 1319, "artifact_path": "wandb-client-artifact://e0bose6i8xgdzgrc7qi77wiw7cxgqhmf5dnkqbppqvnmn6wpotq3bak20apza8c2j17x87e9p6r0wx6yra5w62503j7yffp4sz6vbe79fi0k5hw6fs3jnzwgqfpvtey1:latest/roc_table.table.json", "_latest_artifact_path": "wandb-client-artifact://e0bose6i8xgdzgrc7qi77wiw7cxgqhmf5dnkqbppqvnmn6wpotq3bak20apza8c2j17x87e9p6r0wx6yra5w62503j7yffp4sz6vbe79fi0k5hw6fs3jnzwgqfpvtey1:latest/roc_table.table.json", "path": "media/table/roc_table_0_4bbe6ee3df249e40d53e.table.json", "ncols": 3, "nrows": 69}, "_timestamp": 1718310849.374092, "_runtime": 18.779705047607422, "_step": 1, "CV accuracies": [0.7579617834394905, 0.7564102564102564, 0.7564102564102564, 0.7564102564102564, 0.7564102564102564], "Average CV accuracy": 0.7567205618161033, "Average CV F1": 0.0, "Test set F1": 0.0, "Test set accuracy": 0.75, "_wandb": {"runtime": 17}}