{"Test set CV accuracies": [0.509090909090909, 0.6363636363636364, 0.6181818181818182, 0.48148148148148145, 0.5925925925925926], "Average test set accuracy": 0.5675420875420876, "Average test set F1": 0.6270749328369571, "Best Model Params": {"bootstrap": true, "max_depth": 80, "max_features": 2, "min_samples_leaf": 3, "min_samples_split": 8, "n_estimators": 100}, "_timestamp": 1708254119.0095549, "_runtime": 338.015665769577, "_step": 1, "roc_table": {"_type": "table-file", "sha256": "0daf6068c12ef9b9d1b7ef4fa5f7a923f3ec7e06b2bec9f9929b2b798a460c10", "size": 5465, "artifact_path": "wandb-client-artifact://y0o689uej6879fmlfjg2a2xgrbl2d9lkxaicny5dvc2d9kspq6wsvxf0eg2psowdwqtkyu3jr6h7l12c13m57xioh7erst5apkbtipaakqd9atoc0govh1je6jmoxg3q:latest/roc_table.table.json", "_latest_artifact_path": "wandb-client-artifact://y0o689uej6879fmlfjg2a2xgrbl2d9lkxaicny5dvc2d9kspq6wsvxf0eg2psowdwqtkyu3jr6h7l12c13m57xioh7erst5apkbtipaakqd9atoc0govh1je6jmoxg3q:latest/roc_table.table.json", "path": "media/table/roc_table_1_0daf6068c12ef9b9d1b7.table.json", "ncols": 3, "nrows": 263}, "_wandb": {"runtime": 337}}