{"Test set CV accuracies": [0.8421052631578947, 0.7368421052631579, 0.7894736842105263, 0.8421052631578947, 0.8947368421052632], "Average test set accuracy": 0.8210526315789473, "Average test set F1": 0.8958333333333333, "_timestamp": 1706225831.159772, "_runtime": 13.360476970672607, "_step": 1, "roc_table": {"_type": "table-file", "sha256": "397fabebfbaad57e354304df172448ce9e20bb9b9eaa8bd37f95ac114722f4e8", "size": 1545, "artifact_path": "wandb-client-artifact://7cgcziz0ekr2ws0iiomktp8fgejb69i22beg9lllz5tw56d9wzt35n9l7ylff84zc72pw7itg3ngi2ptfb3l69z9vene5x3mxcg07gj7ly0weo6j67917cf0wxyp6syj:latest/roc_table.table.json", "_latest_artifact_path": "wandb-client-artifact://7cgcziz0ekr2ws0iiomktp8fgejb69i22beg9lllz5tw56d9wzt35n9l7ylff84zc72pw7itg3ngi2ptfb3l69z9vene5x3mxcg07gj7ly0weo6j67917cf0wxyp6syj:latest/roc_table.table.json", "path": "media/table/roc_table_1_397fabebfbaad57e3543.table.json", "ncols": 3, "nrows": 73}, "_wandb": {"runtime": 12}}