{"Test set CV accuracies": [0.41818181818181815, 0.5272727272727272, 0.45454545454545453, 0.48148148148148145, 0.5185185185185185], "Average test set accuracy": 0.48, "Average test set F1": 0.5654101498859563, "_timestamp": 1708636748.664514, "_runtime": 19.621029138565063, "_step": 1, "roc_table": {"_type": "table-file", "sha256": "bf56267293b4d676884a8d6bc50ca1728ba30d555a7d087d2d0f289bede74f27", "size": 1502, "artifact_path": "wandb-client-artifact://0jc3s8m31cgtg9quc5n9t1uxrlcynztaqyl82g9s34tqwx3den6s49unyvujmay4c5akhlwwkibdz01366b4fz5jw6jb4c8j5fwp3v8om51y5799bstmxeddwj5e7zps:latest/roc_table.table.json", "_latest_artifact_path": "wandb-client-artifact://0jc3s8m31cgtg9quc5n9t1uxrlcynztaqyl82g9s34tqwx3den6s49unyvujmay4c5akhlwwkibdz01366b4fz5jw6jb4c8j5fwp3v8om51y5799bstmxeddwj5e7zps:latest/roc_table.table.json", "path": "media/table/roc_table_1_bf56267293b4d676884a.table.json", "ncols": 3, "nrows": 78}, "_wandb": {"runtime": 19}}