{"Test set CV accuracies": [0.6181818181818182, 0.7272727272727273, 0.6363636363636364, 0.6296296296296297, 0.7222222222222222], "Average test set accuracy": 0.6667340067340068, "Average test set F1": 0.7399288071164809, "_timestamp": 1708678439.8003972, "_runtime": 24.337428092956543, "_step": 1, "roc_table": {"_type": "table-file", "sha256": "9fd5e269b61b981559be2eea5af751d1c1ddcb2fc22b1349f21ae35e341ca886", "size": 2246, "artifact_path": "wandb-client-artifact://bwxv168ahu5oiwiisr8twyefl5vqkfutlzj2xvzp1ez58zfwmp6zq83dhddveqpfcnaup33ouzkcfc6u9k0mnwuzomgisusytykft6cdbezeyiqugbxoy89suxmcd24c:latest/roc_table.table.json", "_latest_artifact_path": "wandb-client-artifact://bwxv168ahu5oiwiisr8twyefl5vqkfutlzj2xvzp1ez58zfwmp6zq83dhddveqpfcnaup33ouzkcfc6u9k0mnwuzomgisusytykft6cdbezeyiqugbxoy89suxmcd24c:latest/roc_table.table.json", "path": "media/table/roc_table_1_9fd5e269b61b981559be.table.json", "ncols": 3, "nrows": 108}, "_wandb": {"runtime": 23}}