{"Test set CV accuracies": [0.6435643564356436, 0.6831683168316832, 0.6069651741293532, 0.6467661691542289, 0.6417910447761194], "Average test set accuracy": 0.6444510122654056, "Average test set F1": 0.689078634961761, "Best Model Params": {"bootstrap": true, "max_depth": 80, "max_features": 4, "min_samples_leaf": 5, "min_samples_split": 4, "n_estimators": 500}, "_timestamp": 1708463613.681417, "_runtime": 597.3336410522461, "_step": 1, "roc_table": {"_type": "table-file", "sha256": "f63e442afce7e666b0a0426c581807dac4e8e81858018046e4dbfb6ed7c40c7f", "size": 16110, "artifact_path": "wandb-client-artifact://tf9nh24hl861u3ysl8cpgwzkzufv8d54e8mcxmj27tnlso33nc90bzwkudqe22vtjvy6ye31qf2o85xnk5qechdm3wl5fw2x33l9rlahfakpgq9gqcd419howcdgw4ao:latest/roc_table.table.json", "_latest_artifact_path": "wandb-client-artifact://tf9nh24hl861u3ysl8cpgwzkzufv8d54e8mcxmj27tnlso33nc90bzwkudqe22vtjvy6ye31qf2o85xnk5qechdm3wl5fw2x33l9rlahfakpgq9gqcd419howcdgw4ao:latest/roc_table.table.json", "path": "media/table/roc_table_1_f63e442afce7e666b0a0.table.json", "ncols": 3, "nrows": 856}, "_wandb": {"runtime": 596}}