{"Test set CV accuracies": [0.5454545454545454, 0.5818181818181818, 0.5272727272727272, 0.5, 0.5370370370370371], "Average test set accuracy": 0.5383164983164983, "Average test set F1": 0.5800730538905778, "_timestamp": 1708603333.8936288, "_runtime": 16.680505752563477, "_step": 1, "roc_table": {"_type": "table-file", "sha256": "b03f9fb6c88b5b15959d70fa46c437b9070f3f09809f659d5c2217dfd400026c", "size": 5426, "artifact_path": "wandb-client-artifact://kixtvoimturhtlak6768m7zsu3dd8du0nm98sv3opaettst50otc09lnen42yawjlijwnzxz0v2h9cbs58otvfgxcp1vf26klximzdwduu8y9imwingyp192tv090bu1:latest/roc_table.table.json", "_latest_artifact_path": "wandb-client-artifact://kixtvoimturhtlak6768m7zsu3dd8du0nm98sv3opaettst50otc09lnen42yawjlijwnzxz0v2h9cbs58otvfgxcp1vf26klximzdwduu8y9imwingyp192tv090bu1:latest/roc_table.table.json", "path": "media/table/roc_table_1_b03f9fb6c88b5b15959d.table.json", "ncols": 3, "nrows": 260}, "_wandb": {"runtime": 15}}