{"Test set CV accuracies": [0.6237623762376238, 0.5891089108910891, 0.5920398009950248, 0.6616915422885572, 0.6965174129353234], "Average test set accuracy": 0.6326240086695236, "Average test set F1": 0.6734432736672973, "_timestamp": 1708606853.643214, "_runtime": 51.75509309768677, "_step": 1, "roc_table": {"_type": "table-file", "sha256": "d4e912693c66119d3038c0903b9d556ed5813ad5f352fad817c56db5436a641b", "size": 16959, "artifact_path": "wandb-client-artifact://8bc94mr7hce6c6ezt0v4q9rpeqoln5guwabfqlgyem817x1ik7xtgp287ptaow4i1n9tmrgvdnpsgatz0lj8l5pa39zitlh6em7cpuok6lg82w68nc3e8g0p964ffldo:latest/roc_table.table.json", "_latest_artifact_path": "wandb-client-artifact://8bc94mr7hce6c6ezt0v4q9rpeqoln5guwabfqlgyem817x1ik7xtgp287ptaow4i1n9tmrgvdnpsgatz0lj8l5pa39zitlh6em7cpuok6lg82w68nc3e8g0p964ffldo:latest/roc_table.table.json", "path": "media/table/roc_table_1_d4e912693c66119d3038.table.json", "ncols": 3, "nrows": 903}, "_wandb": {"runtime": 50}}