{"Best Model Params": {"bootstrap": true, "max_depth": 80, "max_features": 4, "min_samples_leaf": 3, "min_samples_split": 8, "n_estimators": 500}, "roc_table": {"_type": "table-file", "sha256": "09e92f5d9cec027d659ed1c4c0015dcd32ac5cc980b6ef520ce6d66918c01df1", "size": 12030, "artifact_path": "wandb-client-artifact://b6x9efwppx2sgxzo1hqrs2k9lp6hiu7jctdtca62l3fklpivgghjt06qg4dexryroifbdxngxcs475ifi5x21hqnno21gww8ru9xc0ks91xyaeivkkvvbi618ubr4ssn:latest/roc_table.table.json", "_latest_artifact_path": "wandb-client-artifact://b6x9efwppx2sgxzo1hqrs2k9lp6hiu7jctdtca62l3fklpivgghjt06qg4dexryroifbdxngxcs475ifi5x21hqnno21gww8ru9xc0ks91xyaeivkkvvbi618ubr4ssn:latest/roc_table.table.json", "path": "media/table/roc_table_0_09e92f5d9cec027d659e.table.json", "ncols": 3, "nrows": 640}, "_timestamp": 1713301018.0879629, "_runtime": 668.7755599021912, "_step": 1, "CV accuracies": [0.7096774193548387, 0.6819407008086253, 0.7466307277628033, 0.7142857142857143, 0.7574123989218329], "Average CV accuracy": 0.721989392226763, "Average CV F1": 0.5274404278920034, "Test set F1": 0.49785407725321895, "Test set accuracy": 0.7060301507537688, "_wandb": {"runtime": 668}}