{"Test set CV accuracies": [0.75, 0.6666666666666666, 0.75, 0.6595744680851063, 0.5957446808510638], "Average test set accuracy": 0.6843971631205673, "Average test set F1": 0.6074727358937885, "_timestamp": 1706265386.755957, "_runtime": 16.891368865966797, "_step": 1, "roc_table": {"_type": "table-file", "sha256": "e7bc4dadfdaac94d5c8263a26c630631aec43c1b78ff194bddf82e16b8b0511f", "size": 3208, "artifact_path": "wandb-client-artifact://nev6xs609rzwgtikd844mw33dp7afe4siyl81q38jxe4mbhc7q7cb5az59q93yfng0lrsoruahrta0d5n65dvuqradxv8917df73eg8568ejtj7qf2rwcjdfgo3i241c:latest/roc_table.table.json", "_latest_artifact_path": "wandb-client-artifact://nev6xs609rzwgtikd844mw33dp7afe4siyl81q38jxe4mbhc7q7cb5az59q93yfng0lrsoruahrta0d5n65dvuqradxv8917df73eg8568ejtj7qf2rwcjdfgo3i241c:latest/roc_table.table.json", "path": "media/table/roc_table_1_e7bc4dadfdaac94d5c82.table.json", "ncols": 3, "nrows": 156}, "_wandb": {"runtime": 12}}