{"Test set CV accuracies": [0.7090909090909091, 0.6363636363636364, 0.7090909090909091, 0.7222222222222222, 0.7037037037037037], "Average test set accuracy": 0.6960942760942761, "Average test set F1": 0.7568230657256119, "Best Model Params": {"bootstrap": true, "max_depth": 80, "max_features": 3, "min_samples_leaf": 5, "min_samples_split": 4, "n_estimators": 200}, "_timestamp": 1708361219.27632, "_runtime": 314.45532298088074, "_step": 1, "roc_table": {"_type": "table-file", "sha256": "2441090954a944ba0441cb4c2b38d33c76c4638736ae7d6c1c4d4ef502b9bb13", "size": 4373, "artifact_path": "wandb-client-artifact://4gytto6vjtyrscsx9y2p6j3mzrgw718il75s22l611rw3p5zth59ej3ypw0hlavzs1j4d40lww3xf0padd5qjppvjsd8rvote7sb876wa5ze0jp72is4fagb7sh6e36g:latest/roc_table.table.json", "_latest_artifact_path": "wandb-client-artifact://4gytto6vjtyrscsx9y2p6j3mzrgw718il75s22l611rw3p5zth59ej3ypw0hlavzs1j4d40lww3xf0padd5qjppvjsd8rvote7sb876wa5ze0jp72is4fagb7sh6e36g:latest/roc_table.table.json", "path": "media/table/roc_table_1_2441090954a944ba0441.table.json", "ncols": 3, "nrows": 209}, "_wandb": {"runtime": 314}}