{"Test set CV accuracies": [0.6545454545454545, 0.6545454545454545, 0.6, 0.5925925925925926, 0.5740740740740741], "Average test set accuracy": 0.6151515151515151, "Average test set F1": 0.703357120093623, "Best Model Params": {"bootstrap": true, "max_depth": 80, "max_features": 4, "min_samples_leaf": 3, "min_samples_split": 8, "n_estimators": 200}, "_timestamp": 1708085085.269485, "_runtime": 326.1445620059967, "_step": 1, "roc_table": {"_type": "table-file", "sha256": "027f59bb83d03672739fa89bb9bf48db8caa3dea21056e87112335bf94a43e53", "size": 4938, "artifact_path": "wandb-client-artifact://cmlvgxt9whjcds46p7ywxb0evnhmz5d0q9sgh739gs8k9gf4ffwo9piffe2r6dwo7wtscdyjvt787ovmh78uxvw13uqe5lg7p8z2dc9c2o3sqxguxkmph19ztf4753an:latest/roc_table.table.json", "_latest_artifact_path": "wandb-client-artifact://cmlvgxt9whjcds46p7ywxb0evnhmz5d0q9sgh739gs8k9gf4ffwo9piffe2r6dwo7wtscdyjvt787ovmh78uxvw13uqe5lg7p8z2dc9c2o3sqxguxkmph19ztf4753an:latest/roc_table.table.json", "path": "media/table/roc_table_1_027f59bb83d03672739f.table.json", "ncols": 3, "nrows": 236}, "_wandb": {"runtime": 325}}