{"Test set CV accuracies": [0.7291666666666666, 0.6458333333333334, 0.6041666666666666, 0.574468085106383, 0.6382978723404256], "Average test set accuracy": 0.638386524822695, "Average test set F1": 0.5742359212126654, "Best Model Params": {"C": 0.01, "penalty": null}, "_timestamp": 1707065890.240544, "_runtime": 19.098560094833374, "_step": 1, "roc_table": {"_type": "table-file", "sha256": "b3d7e418d68210730f8c0e3693712ffaf7121c26fbda51152178a6dc1f41324a", "size": 3934, "artifact_path": "wandb-client-artifact://kt0f9poedrj7uy5ru2grr8h6lp5rpuvibxgs27qeupyxbz4emtb2c7jcd9s86ayo1tpobb4o0b0ad02dhbnp6znbpz1hyr2r2ydbi7iv04u25nz118a39e2jfwawpegt:latest/roc_table.table.json", "_latest_artifact_path": "wandb-client-artifact://kt0f9poedrj7uy5ru2grr8h6lp5rpuvibxgs27qeupyxbz4emtb2c7jcd9s86ayo1tpobb4o0b0ad02dhbnp6znbpz1hyr2r2ydbi7iv04u25nz118a39e2jfwawpegt:latest/roc_table.table.json", "path": "media/table/roc_table_1_b3d7e418d68210730f8c.table.json", "ncols": 3, "nrows": 188}, "_wandb": {"runtime": 18}}