{"Best Model Params": {"bootstrap": true, "max_depth": 80, "max_features": 4, "min_samples_leaf": 3, "min_samples_split": 4, "n_estimators": 100}, "roc_table": {"_type": "table-file", "sha256": "c2454cb05e2ecc5594ac0db73a4d22e6574ff69786b56767d4b616337ed4bbd9", "size": 4142, "artifact_path": "wandb-client-artifact://vx8y0anw9a953n45xc450tyv9fk8jm0kmd1y4ul2xwqq0h3njy6r0uk6th3jutdlkr4an7vez9nsbjv1ac2ioisykezhskvf5j9dnfhdzquodjbie4bxig5phdikceui:latest/roc_table.table.json", "_latest_artifact_path": "wandb-client-artifact://vx8y0anw9a953n45xc450tyv9fk8jm0kmd1y4ul2xwqq0h3njy6r0uk6th3jutdlkr4an7vez9nsbjv1ac2ioisykezhskvf5j9dnfhdzquodjbie4bxig5phdikceui:latest/roc_table.table.json", "path": "media/table/roc_table_0_c2454cb05e2ecc5594ac.table.json", "ncols": 3, "nrows": 220}, "_timestamp": 1713429830.41871, "_runtime": 507.5841989517212, "_step": 1, "CV accuracies": [0.9041095890410958, 0.9041095890410958, 0.8849315068493151, 0.9232876712328767, 0.8983516483516484], "Average CV accuracy": 0.9029580009032063, "Average CV F1": 0.8506125759701064, "Test set F1": 0.8604651162790699, "Test set accuracy": 0.907928388746803, "_wandb": {"runtime": 506}}