{"Test set CV accuracies": [0.5891089108910891, 0.5445544554455446, 0.572139303482587, 0.5472636815920398, 0.6019900497512438], "Average test set accuracy": 0.5710112802325009, "Average test set F1": 0.6514806470699661, "_timestamp": 1708603909.859313, "_runtime": 13.97354006767273, "_step": 1, "roc_table": {"_type": "table-file", "sha256": "65e68978e67c7d2ace5cb626cc3ddec240b554924684da5b79b55c9bce5d7ec3", "size": 17306, "artifact_path": "wandb-client-artifact://3f18ybwf3wjrc606smdl1b3uk3vcoto5qi0fo0c1poiattyvcm5h5zk3xtfrma1xnnnyozz710o5trnbgg7tckgyg6n4a7mfk8wl7bdj243ygstd7ge07ougpmz19aps:latest/roc_table.table.json", "_latest_artifact_path": "wandb-client-artifact://3f18ybwf3wjrc606smdl1b3uk3vcoto5qi0fo0c1poiattyvcm5h5zk3xtfrma1xnnnyozz710o5trnbgg7tckgyg6n4a7mfk8wl7bdj243ygstd7ge07ougpmz19aps:latest/roc_table.table.json", "path": "media/table/roc_table_1_65e68978e67c7d2ace5c.table.json", "ncols": 3, "nrows": 920}, "_wandb": {"runtime": 13}}