{"roc_table": {"_type": "table-file", "sha256": "bbf63d913fb2332d227ba04b22784e3831e73e30a623cb55dc431d79bd7dc0a9", "size": 4627, "artifact_path": "wandb-client-artifact://bgfyz18iv8rb7t467sfh9k1oa9eykfzanf6sne0wq76nsb6wey7x9nwllv6v20r28dm6ucll6lj25lyehggczv6o1zjx9hae5wr40voj0tuj4l5pv5yqq67nxh39nt42:latest/roc_table.table.json", "_latest_artifact_path": "wandb-client-artifact://bgfyz18iv8rb7t467sfh9k1oa9eykfzanf6sne0wq76nsb6wey7x9nwllv6v20r28dm6ucll6lj25lyehggczv6o1zjx9hae5wr40voj0tuj4l5pv5yqq67nxh39nt42:latest/roc_table.table.json", "path": "media/table/roc_table_0_bbf63d913fb2332d227b.table.json", "ncols": 3, "nrows": 245}, "_timestamp": 1717146212.797108, "_runtime": 22.917999029159546, "_step": 1, "CV accuracies": [0.6695095948827292, 0.6716417910447762, 0.6695095948827292, 0.6652452025586354, 0.6716417910447762], "Average CV accuracy": 0.6695095948827292, "Average CV F1": 0.024879481903354934, "Test set F1": 0.0594059405940594, "Test set accuracy": 0.6332046332046332, "_wandb": {"runtime": 22}}