{"CV accuracies": [0.7874015748031497, 0.8031496062992126, 0.8110236220472441, 0.8346456692913385, 0.7698412698412699], "Average CV accuracy": 0.8012123484564431, "Average CV F1": 0.7776129571145753, "Test set F1": 0.8185053380782918, "Test set accuracy": 0.8131868131868132, "_timestamp": 1710150747.0034702, "_runtime": 10.89042615890503, "_step": 0, "_wandb": {"runtime": 9}}