{"roc_table": {"_type": "table-file", "sha256": "a095d75a856d5a0a1225864686af36fc84ee0682a15f5a70469318641d7eb028", "size": 5518, "artifact_path": "wandb-client-artifact://bp6i6uhjfqessweaj6terq2ufq72p9lib834lmsiudr89xhw2f3uxhuoh7jzhskme8u2f8wfmtp823zc04f5yxbzmrzlqdy1tz6lndx7hd3pjnyjofkxdqqasdhxmkso:latest/roc_table.table.json", "_latest_artifact_path": "wandb-client-artifact://bp6i6uhjfqessweaj6terq2ufq72p9lib834lmsiudr89xhw2f3uxhuoh7jzhskme8u2f8wfmtp823zc04f5yxbzmrzlqdy1tz6lndx7hd3pjnyjofkxdqqasdhxmkso:latest/roc_table.table.json", "path": "media/table/roc_table_0_a095d75a856d5a0a1225.table.json", "ncols": 3, "nrows": 264}, "_timestamp": 1710154111.969345, "_runtime": 11.384883165359497, "_step": 1, "CV accuracies": [0.5118110236220472, 0.5118110236220472, 0.6141732283464567, 0.5354330708661418, 0.5873015873015873], "Average CV accuracy": 0.5521059867516561, "Average CV F1": 0.5241588898585073, "Test set F1": 0.34554973821989526, "Test set accuracy": 0.5421245421245421, "_wandb": {"runtime": 10}}