{"Best Model Params": {"C": 0.01, "penalty": "l2"}, "roc_table": {"_type": "table-file", "sha256": "b0508a7e5ae187761779641e22abc00aeefc935bde0f120e4ad2756cc337e103", "size": 5044, "artifact_path": "wandb-client-artifact://ck0ea8eov8nnmq4e2r5x9i25c941ga29wfqv6usd1kdars1mg78z9yjmfhmnl1jb65c1allfhni0ssw37fq3d4l26h2nof773q4jdk6uevujfvh9u7ix0kwxme0rx3u5:latest/roc_table.table.json", "_latest_artifact_path": "wandb-client-artifact://ck0ea8eov8nnmq4e2r5x9i25c941ga29wfqv6usd1kdars1mg78z9yjmfhmnl1jb65c1allfhni0ssw37fq3d4l26h2nof773q4jdk6uevujfvh9u7ix0kwxme0rx3u5:latest/roc_table.table.json", "path": "media/table/roc_table_0_b0508a7e5ae187761779.table.json", "ncols": 3, "nrows": 267}, "_timestamp": 1717714271.1719491, "_runtime": 20.67005705833435, "_step": 1, "CV accuracies": [0.6716417910447762, 0.6716417910447762, 0.6716417910447762, 0.6695095948827292, 0.6695095948827292], "Average CV accuracy": 0.6707889125799575, "Average CV F1": 0.0, "Test set F1": 0.0, "Test set accuracy": 0.6293436293436293, "_wandb": {"runtime": 20}}