{"Test set CV accuracies": [0.6545454545454545, 0.5636363636363636, 0.6545454545454545, 0.7407407407407407, 0.5925925925925926], "Average test set accuracy": 0.6412121212121212, "Average test set F1": 0.724803046013143, "Best Model Params": {"bootstrap": true, "max_depth": 80, "max_features": 4, "min_samples_leaf": 3, "min_samples_split": 8, "n_estimators": 500}, "_timestamp": 1708086310.861365, "_runtime": 332.5652639865875, "_step": 1, "roc_table": {"_type": "table-file", "sha256": "66cb9574d67469171a952e270a58d5cbc2558e64f6da3ce384e47f152052c550", "size": 4774, "artifact_path": "wandb-client-artifact://aku58rh9gb947frmd1yjkt4gjltu2yjqm3tywxux4e79oyqppzxfpzrey84ijdi5fklrv9caoakgkqkh55k4lta6ve62i9ui2pp8kwq3x7g1yt55y2nc8cw3oc7jwmc1:latest/roc_table.table.json", "_latest_artifact_path": "wandb-client-artifact://aku58rh9gb947frmd1yjkt4gjltu2yjqm3tywxux4e79oyqppzxfpzrey84ijdi5fklrv9caoakgkqkh55k4lta6ve62i9ui2pp8kwq3x7g1yt55y2nc8cw3oc7jwmc1:latest/roc_table.table.json", "path": "media/table/roc_table_1_66cb9574d67469171a95.table.json", "ncols": 3, "nrows": 228}, "_wandb": {"runtime": 331}}