{"Test set CV accuracies": [0.8421052631578947, 0.7368421052631579, 0.7368421052631579, 0.7894736842105263, 0.8421052631578947], "Average test set accuracy": 0.7894736842105263, "Average test set F1": 0.8785848180914595, "_timestamp": 1706626909.686327, "_runtime": 293.40297293663025, "_step": 1, "roc_table": {"_type": "table-file", "sha256": "14c7230d0263e45afe526d0844c4ec7d474cce0975f6ea0a60bd9076fafceb42", "size": 1026, "artifact_path": "wandb-client-artifact://l5plyyhha6o5buetn98pb697f4pcm0ffqzbnta2l048semspjgp1owdshxehe64unmfsak5jqm76ddnfos5nm1u74a43zwdo3quv1jzqjkgmlfg1r5txefbdkwrj6iss:latest/roc_table.table.json", "_latest_artifact_path": "wandb-client-artifact://l5plyyhha6o5buetn98pb697f4pcm0ffqzbnta2l048semspjgp1owdshxehe64unmfsak5jqm76ddnfos5nm1u74a43zwdo3quv1jzqjkgmlfg1r5txefbdkwrj6iss:latest/roc_table.table.json", "path": "media/table/roc_table_1_14c7230d0263e45afe52.table.json", "ncols": 3, "nrows": 48}, "_wandb": {"runtime": 293}}