{"Best Model Params": {"bootstrap": true, "max_depth": 80, "max_features": 4, "min_samples_leaf": 3, "min_samples_split": 4, "n_estimators": 200}, "accuracy": 0.5979381443298969, "f1": 0.1702127659574468, "recall": 0.10256410256410256, "precision": 0.5, "fbeta": 0.2816901408450704, "roc_table": {"_type": "table-file", "sha256": "0365627f7a95110bf618e1c075bccec4045802c2430850dada0d4c2ee442687b", "size": 1817, "artifact_path": "wandb-client-artifact://063uw3os1xgj60zqnbafucgh22e9gsd3auk9zugrg78zvefshci1yz36zbz3iydqqs5c43f9cn6uyhddv6atwq144dr2df9hlatx9uwtqdzrh7a0xt3uvor151fyjpy1:latest/roc_table.table.json", "_latest_artifact_path": "wandb-client-artifact://063uw3os1xgj60zqnbafucgh22e9gsd3auk9zugrg78zvefshci1yz36zbz3iydqqs5c43f9cn6uyhddv6atwq144dr2df9hlatx9uwtqdzrh7a0xt3uvor151fyjpy1:latest/roc_table.table.json", "path": "media/table/roc_table_0_0365627f7a95110bf618.table.json", "ncols": 3, "nrows": 95}, "_timestamp": 1716943189.8490298, "_runtime": 375.46681475639343, "_step": 0, "_wandb": {"runtime": 374}}