{"Test set CV accuracies": [0.5495049504950495, 0.6188118811881188, 0.6169154228855721, 0.5422885572139303, 0.5621890547263682], "Average test set accuracy": 0.5779419733018077, "Average test set F1": 0.5904508215124025, "_timestamp": 1708604587.118058, "_runtime": 12.247350931167603, "_step": 1, "roc_table": {"_type": "table-file", "sha256": "63879f3ded1b4fb521a3627692e67104d29286ffc6aac5caff8d85970afe6358", "size": 17010, "artifact_path": "wandb-client-artifact://k8k5qme7uzd3925sebms96ikpbq5uzn41vzd6osvsdt1tg0pbka2rbwfigj39we64kvl0tqu1l0hj33qc0hyp8vpu210wbrxarbcydhr0oz17a05x9j9fu14ms1x2nhe:latest/roc_table.table.json", "_latest_artifact_path": "wandb-client-artifact://k8k5qme7uzd3925sebms96ikpbq5uzn41vzd6osvsdt1tg0pbka2rbwfigj39we64kvl0tqu1l0hj33qc0hyp8vpu210wbrxarbcydhr0oz17a05x9j9fu14ms1x2nhe:latest/roc_table.table.json", "path": "media/table/roc_table_1_63879f3ded1b4fb521a3.table.json", "ncols": 3, "nrows": 904}, "_wandb": {"runtime": 11}}