{"roc_table": {"_type": "table-file", "sha256": "745c58e1128fe3fbc858c09df660cc1dc8b650a9ec7069689cc24d30e2cfc3fe", "size": 3225, "artifact_path": "wandb-client-artifact://r5f10hxipurhv4b87zqskmvo80qg11gwuyp4c2vne6x48qb2ufn7s2q74ifw39x85o0y104zdn5mt27bjoe4btrcjb259c964oxgxfml0vye9nryjuz2o86bups3761s:latest/roc_table.table.json", "_latest_artifact_path": "wandb-client-artifact://r5f10hxipurhv4b87zqskmvo80qg11gwuyp4c2vne6x48qb2ufn7s2q74ifw39x85o0y104zdn5mt27bjoe4btrcjb259c964oxgxfml0vye9nryjuz2o86bups3761s:latest/roc_table.table.json", "path": "media/table/roc_table_0_745c58e1128fe3fbc858.table.json", "ncols": 3, "nrows": 173}, "_timestamp": 1715982499.638109, "_runtime": 26.744679927825928, "_step": 1, "CV accuracies": [0.7092198581560284, 0.7446808510638298, 0.6926713947990544, 0.723404255319149, 0.6919431279620853], "Average CV accuracy": 0.7123838974600293, "Average CV F1": 0.5879341263748126, "Test set F1": 0.031746031746031744, "Test set accuracy": 0.8264580369843528, "_wandb": {"runtime": 26}}