{"CV accuracies": [0.5984251968503937, 0.5118110236220472, 0.6456692913385826, 0.5748031496062992, 0.6428571428571429], "Average CV accuracy": 0.5947131608548931, "Average CV F1": 0.6000166493870409, "Test set F1": 0.6382978723404257, "Test set accuracy": 0.6263736263736264, "_timestamp": 1709890487.999114, "_runtime": 438.8394601345062, "_step": 1, "roc_table": {"_type": "table-file", "sha256": "1f5f7e6b42f84bd4c6c66b403c1bb479bf7982712ec15bc897b7195a400d6c02", "size": 5798, "artifact_path": "wandb-client-artifact://8kd27u5xz3d9oi9kkx9eu2i97hfy18bocjmu4c8t22brrkq5cri84tttvz57uewihviz4c81cwnfsbuxemfck4ue7hqogh3lg0kokeo13isgfyixe3gcl53y3kothqvr:latest/roc_table.table.json", "_latest_artifact_path": "wandb-client-artifact://8kd27u5xz3d9oi9kkx9eu2i97hfy18bocjmu4c8t22brrkq5cri84tttvz57uewihviz4c81cwnfsbuxemfck4ue7hqogh3lg0kokeo13isgfyixe3gcl53y3kothqvr:latest/roc_table.table.json", "path": "media/table/roc_table_1_1f5f7e6b42f84bd4c6c6.table.json", "ncols": 3, "nrows": 278}, "_wandb": {"runtime": 438}}