{"roc_table": {"_type": "table-file", "sha256": "fb35a41db4e747621afd693f73cc67e4eea386a75b19009dbab6d9c390f426b1", "size": 14926, "artifact_path": "wandb-client-artifact://kef2tlf2rw973nd5mo4mfhwoss1mhn56crs7x4j73z5x6beenf3owyev8lh9pj1z7e4s3reggkiq5zodosqzrxu6q9pyio12dyr8jc1p3d6kszlnuvl0hnrxax7ra9nn:latest/roc_table.table.json", "_latest_artifact_path": "wandb-client-artifact://kef2tlf2rw973nd5mo4mfhwoss1mhn56crs7x4j73z5x6beenf3owyev8lh9pj1z7e4s3reggkiq5zodosqzrxu6q9pyio12dyr8jc1p3d6kszlnuvl0hnrxax7ra9nn:latest/roc_table.table.json", "path": "media/table/roc_table_0_fb35a41db4e747621afd.table.json", "ncols": 3, "nrows": 792}, "_timestamp": 1710152197.4896262, "_runtime": 20.133031129837036, "_step": 1, "CV accuracies": [0.6978723404255319, 0.7042553191489361, 0.7063829787234043, 0.6595744680851063, 0.6652452025586354], "Average CV accuracy": 0.6866660617883228, "Average CV F1": 0.7165352462022924, "Test set F1": 0.7016274864376131, "Test set accuracy": 0.6716417910447762, "_wandb": {"runtime": 19}}