{"Best Model Params": {"bootstrap": true, "max_depth": 80, "max_features": 4, "min_samples_leaf": 3, "min_samples_split": 8, "n_estimators": 100}, "accuracy": 0.5567010309278351, "f1": 0.29508196721311475, "recall": 0.23076923076923078, "precision": 0.4090909090909091, "fbeta": 0.3543307086614173, "roc_table": {"_type": "table-file", "sha256": "138c406835fbfad9bf5985715e018682ab096a7309eeef06408659f44be6622e", "size": 2012, "artifact_path": "wandb-client-artifact://cemg15dwe59pabggmytn99qfihkxkck6xyjrzehw5lxrxvsg3hcwyhd909snyuz1lp9cc2rnptcnorlhvjx5kzrcstpj7qurz1ekprz2v555a6ah9wg4bvgrgwcg96eo:latest/roc_table.table.json", "_latest_artifact_path": "wandb-client-artifact://cemg15dwe59pabggmytn99qfihkxkck6xyjrzehw5lxrxvsg3hcwyhd909snyuz1lp9cc2rnptcnorlhvjx5kzrcstpj7qurz1ekprz2v555a6ah9wg4bvgrgwcg96eo:latest/roc_table.table.json", "path": "media/table/roc_table_0_138c406835fbfad9bf59.table.json", "ncols": 3, "nrows": 106}, "_timestamp": 1716939823.9307892, "_runtime": 361.4139242172241, "_step": 0, "_wandb": {"runtime": 360}}