{"Test set CV accuracies": [0.5594059405940595, 0.5742574257425742, 0.5074626865671642, 0.582089552238806, 0.5323383084577115], "Average test set accuracy": 0.5511107827200632, "Average test set F1": 0.6126543840432428, "_timestamp": 1708604367.822033, "_runtime": 13.869527816772461, "_step": 1, "roc_table": {"_type": "table-file", "sha256": "e7f47a9472ebd9a0a30839f028e3a26616077388c5e05a2cf4e741de030f88bc", "size": 17005, "artifact_path": "wandb-client-artifact://gchykzesm66hq0fsxanro61ics97ehdkc35npi2jyh9zr6vowvod5e8ppbgdudz12jaavsp3tg0fgohq3aajckfrpkcoeflxl98ucgalorhypvwotqwhpcmbs20blaq3:latest/roc_table.table.json", "_latest_artifact_path": "wandb-client-artifact://gchykzesm66hq0fsxanro61ics97ehdkc35npi2jyh9zr6vowvod5e8ppbgdudz12jaavsp3tg0fgohq3aajckfrpkcoeflxl98ucgalorhypvwotqwhpcmbs20blaq3:latest/roc_table.table.json", "path": "media/table/roc_table_1_e7f47a9472ebd9a0a308.table.json", "ncols": 3, "nrows": 903}, "_wandb": {"runtime": 13}}