{"Test set CV accuracies": [0.4909090909090909, 0.4, 0.41818181818181815, 0.5, 0.4444444444444444], "Average test set accuracy": 0.45070707070707067, "Average test set F1": 0.4986503472387193, "_timestamp": 1708636435.88336, "_runtime": 47.13135600090027, "_step": 1, "roc_table": {"_type": "table-file", "sha256": "32b8bd779b4689c2c5f27aa29bb54c81b65737a033e8089dd6f8164c39750eb3", "size": 5078, "artifact_path": "wandb-client-artifact://9ijjf4qx2d529hryt0nwaid8q1tkw7d70us2bh98peet87jos20mv8r2u64ul9jxydadloqldxmoi8zgdrna23bil1r1ri8y12qrpmyaymx9fh2p49rezjqtuqci1489:latest/roc_table.table.json", "_latest_artifact_path": "wandb-client-artifact://9ijjf4qx2d529hryt0nwaid8q1tkw7d70us2bh98peet87jos20mv8r2u64ul9jxydadloqldxmoi8zgdrna23bil1r1ri8y12qrpmyaymx9fh2p49rezjqtuqci1489:latest/roc_table.table.json", "path": "media/table/roc_table_1_32b8bd779b4689c2c5f2.table.json", "ncols": 3, "nrows": 268}, "_wandb": {"runtime": 46}}