{"Best Model Params": {"bootstrap": true, "max_depth": 80, "max_features": 4, "min_samples_leaf": 3, "min_samples_split": 8, "n_estimators": 100}, "accuracy": 0.6048951048951049, "f1": 0.2312925170068027, "recall": 0.14912280701754385, "precision": 0.5151515151515151, "fbeta": 0.3455284552845528, "roc_table": {"_type": "table-file", "sha256": "aa77374c29c298f2cc8fc547ad465da907da05832187a4df794acc499d0e0ab5", "size": 5130, "artifact_path": "wandb-client-artifact://avy7424fyn3jus8lu5lpbvnd57jfekibp43h9lngjyum1ktg5xa9ut7yq5jzdguhq25qo8zo740usyjv95d7vfmcsfooxcdw6q8ndp546d8inqaefybs4yxjbtt9p61p:latest/roc_table.table.json", "_latest_artifact_path": "wandb-client-artifact://avy7424fyn3jus8lu5lpbvnd57jfekibp43h9lngjyum1ktg5xa9ut7yq5jzdguhq25qo8zo740usyjv95d7vfmcsfooxcdw6q8ndp546d8inqaefybs4yxjbtt9p61p:latest/roc_table.table.json", "path": "media/table/roc_table_0_aa77374c29c298f2cc8f.table.json", "ncols": 3, "nrows": 272}, "_timestamp": 1716942798.7880409, "_runtime": 357.4054319858551, "_step": 0, "_wandb": {"runtime": 356}}