{"Best Model Params": {"bootstrap": true, "max_depth": 80, "max_features": 4, "min_samples_leaf": 3, "min_samples_split": 8, "n_estimators": 300}, "roc_table": {"_type": "table-file", "sha256": "eba35cddebc6f8003c4b648a5f7875762759b20e16b09f49bdec39159e2798ce", "size": 9085, "artifact_path": "wandb-client-artifact://3ko67b6bg3kywnk3vz8h5cbxod2fbibhhtkxsw4egnpzb344r2winrmucg9ajk1n44nkfn5eee91y2fed4fxyp87h0s84ifgg9h92hplgwgisa94r7i4gq4vnvsvoz16:latest/roc_table.table.json", "_latest_artifact_path": "wandb-client-artifact://3ko67b6bg3kywnk3vz8h5cbxod2fbibhhtkxsw4egnpzb344r2winrmucg9ajk1n44nkfn5eee91y2fed4fxyp87h0s84ifgg9h92hplgwgisa94r7i4gq4vnvsvoz16:latest/roc_table.table.json", "path": "media/table/roc_table_0_eba35cddebc6f8003c4b.table.json", "ncols": 3, "nrows": 483}, "_timestamp": 1713295289.22645, "_runtime": 441.71683287620544, "_step": 1, "CV accuracies": [0.7890410958904109, 0.7342465753424657, 0.7506849315068493, 0.7534246575342466, 0.760989010989011], "Average CV accuracy": 0.7576772542525967, "Average CV F1": 0.6304985791112319, "Test set F1": 0.6422764227642276, "Test set accuracy": 0.7749360613810742, "_wandb": {"runtime": 441}}