{"Test set CV accuracies": [0.45454545454545453, 0.45454545454545453, 0.509090909090909, 0.5, 0.6111111111111112], "Average test set accuracy": 0.5058585858585858, "Average test set F1": 0.6038271063534684, "_timestamp": 1708636793.037597, "_runtime": 21.06432795524597, "_step": 1, "roc_table": {"_type": "table-file", "sha256": "3bd1989ae797d84eb96cf6358fa7e76b843efc8b3b820bfa2b64a499f272aee9", "size": 1256, "artifact_path": "wandb-client-artifact://1oo9is3akut4z6k9j74aj5fnzlg19n0pumuk3cnn2rqjnwrlgxllnj7y1rykgvoyp01sauht43ysvlx5cyu1av1tfz7sjs8s9bfsa0plsd814g4c6y69qzc0q8pzje5a:latest/roc_table.table.json", "_latest_artifact_path": "wandb-client-artifact://1oo9is3akut4z6k9j74aj5fnzlg19n0pumuk3cnn2rqjnwrlgxllnj7y1rykgvoyp01sauht43ysvlx5cyu1av1tfz7sjs8s9bfsa0plsd814g4c6y69qzc0q8pzje5a:latest/roc_table.table.json", "path": "media/table/roc_table_1_3bd1989ae797d84eb96c.table.json", "ncols": 3, "nrows": 66}, "_wandb": {"runtime": 20}}