{"Best Model Params": {"bootstrap": true, "max_depth": 80, "max_features": 4, "min_samples_leaf": 3, "min_samples_split": 4, "n_estimators": 300}, "roc_table": {"_type": "table-file", "sha256": "614a2e4c6d0b56dd04b8e3fc4f1988d57435c856185b0a906c36c9d2ed9fd06d", "size": 3902, "artifact_path": "wandb-client-artifact://m8cyv4qfzwx0xp9lr0yycep7f34bxjgf92sczn04ybhth70wilsh23gq4xlrjvnr5k3i1w5xv1p7y0s0vgnxeu93colk9c9ryugwi97qhuoclql73dzbg9r5ku0y9ijs:latest/roc_table.table.json", "_latest_artifact_path": "wandb-client-artifact://m8cyv4qfzwx0xp9lr0yycep7f34bxjgf92sczn04ybhth70wilsh23gq4xlrjvnr5k3i1w5xv1p7y0s0vgnxeu93colk9c9ryugwi97qhuoclql73dzbg9r5ku0y9ijs:latest/roc_table.table.json", "path": "media/table/roc_table_0_614a2e4c6d0b56dd04b8.table.json", "ncols": 3, "nrows": 208}, "_timestamp": 1713428226.5173728, "_runtime": 458.1339428424835, "_step": 1, "CV accuracies": [0.8821917808219178, 0.9013698630136986, 0.8931506849315068, 0.863013698630137, 0.9038461538461539], "Average CV accuracy": 0.888714436248683, "Average CV F1": 0.8251629594742698, "Test set F1": 0.8404669260700389, "Test set accuracy": 0.8951406649616368, "_wandb": {"runtime": 457}}