{"Best Model Params": {"bootstrap": true, "max_depth": 80, "max_features": 4, "min_samples_leaf": 3, "min_samples_split": 4, "n_estimators": 100}, "accuracy": 0.717391304347826, "f1": 0.13333333333333333, "recall": 0.09090909090909091, "precision": 0.25, "fbeta": 0.1851851851851852, "roc_table": {"_type": "table-file", "sha256": "35ea6499b78a01a1c723483f724430264f0b804ce804ddb222257cee03dd53ec", "size": 792, "artifact_path": "wandb-client-artifact://j9ku2s2f4eoivrho9ysk966lkcq0h3jkscsj6k3hwks3hzsy3fhc3ljnv1i71w2j9duvf5wgrztd0p5wyhue6b3udz4vlo9t9qmxcr0j6768xmnyrcdr77qka3pbuq8n:latest/roc_table.table.json", "_latest_artifact_path": "wandb-client-artifact://j9ku2s2f4eoivrho9ysk966lkcq0h3jkscsj6k3hwks3hzsy3fhc3ljnv1i71w2j9duvf5wgrztd0p5wyhue6b3udz4vlo9t9qmxcr0j6768xmnyrcdr77qka3pbuq8n:latest/roc_table.table.json", "path": "media/table/roc_table_0_35ea6499b78a01a1c723.table.json", "ncols": 3, "nrows": 42}, "_timestamp": 1716937731.719072, "_runtime": 326.9504861831665, "_step": 0, "_wandb": {"runtime": 324}}