{"Best Model Params": {"bootstrap": true, "max_depth": 80, "max_features": 4, "min_samples_leaf": 3, "min_samples_split": 4, "n_estimators": 300}, "accuracy": 0.6328671328671329, "f1": 0.25531914893617025, "recall": 0.15789473684210525, "precision": 0.6666666666666666, "fbeta": 0.4054054054054054, "roc_table": {"_type": "table-file", "sha256": "1d069d67c36f7423809f027d4d6aea13f252a11c7e67cd5fe4d719b53869694b", "size": 4986, "artifact_path": "wandb-client-artifact://znbtrgzoluwl3bk6hffauc0lm502ftv1g72a9iqwsljox88jz0zsbvmwdjia8nlhi05ogfu873k978f062udpz0ii5q5r1iu9lm8kcnz97wz0nes97a6foq36dyc9m8n:latest/roc_table.table.json", "_latest_artifact_path": "wandb-client-artifact://znbtrgzoluwl3bk6hffauc0lm502ftv1g72a9iqwsljox88jz0zsbvmwdjia8nlhi05ogfu873k978f062udpz0ii5q5r1iu9lm8kcnz97wz0nes97a6foq36dyc9m8n:latest/roc_table.table.json", "path": "media/table/roc_table_0_1d069d67c36f7423809f.table.json", "ncols": 3, "nrows": 264}, "_timestamp": 1716937040.628148, "_runtime": 321.0071210861206, "_step": 0, "_wandb": {"runtime": 316}}