{"Test set CV accuracies": [0.7530864197530864, 0.775, 0.8375, 0.7875, 0.775], "Average test set accuracy": 0.7856172839506173, "Average test set F1": 0.8602834221259578, "Best Model Params": {"bootstrap": true, "max_depth": 80, "max_features": 3, "min_samples_leaf": 3, "min_samples_split": 4, "n_estimators": 200}, "_timestamp": 1707080554.868453, "_runtime": 388.0802569389343, "_step": 1, "roc_table": {"_type": "table-file", "sha256": "9631d1a9f6dac003931b584bdc9cbcfef58425eca6cac87445757d793e5259e6", "size": 4433, "artifact_path": "wandb-client-artifact://qhykh4f06buac4ex1vns85vnhhuuptpq8ghnpbb1bnd8sql1f7bci3n9bq20gvrgadrv3xaw3jhkqf8akypg19x4721k99491iaw3y8yympzo7w0nkadmg33v4ebmn1x:latest/roc_table.table.json", "_latest_artifact_path": "wandb-client-artifact://qhykh4f06buac4ex1vns85vnhhuuptpq8ghnpbb1bnd8sql1f7bci3n9bq20gvrgadrv3xaw3jhkqf8akypg19x4721k99491iaw3y8yympzo7w0nkadmg33v4ebmn1x:latest/roc_table.table.json", "path": "media/table/roc_table_1_9631d1a9f6dac003931b.table.json", "ncols": 3, "nrows": 235}, "_wandb": {"runtime": 387}}