{"roc_table": {"_type": "table-file", "sha256": "428985e99d468a4b1ecab8d63d1244ca7f049f319b00cd393be1d27b61fe025f", "size": 7064, "artifact_path": "wandb-client-artifact://m0mc5ok0asl2xciotycznozu60rzcl3ypjwirsrwrufrd43734wxt067v1c4bghujz5qgwy52cz3vm6lhlj87t0vbwj9f76k1uvyhg41o2iqqpc760skke02d7r3ow2y:latest/roc_table.table.json", "_latest_artifact_path": "wandb-client-artifact://m0mc5ok0asl2xciotycznozu60rzcl3ypjwirsrwrufrd43734wxt067v1c4bghujz5qgwy52cz3vm6lhlj87t0vbwj9f76k1uvyhg41o2iqqpc760skke02d7r3ow2y:latest/roc_table.table.json", "path": "media/table/roc_table_0_428985e99d468a4b1eca.table.json", "ncols": 3, "nrows": 374}, "_timestamp": 1714049824.6105862, "_runtime": 12.129642248153687, "_step": 1, "CV accuracies": [0.8347578347578347, 0.8428571428571429, 0.8428571428571429, 0.84, 0.8314285714285714], "Average CV accuracy": 0.8383801383801384, "Average CV F1": 0.7404661766750766, "Test set F1": 0.7300884955752213, "Test set accuracy": 0.8364611260053619, "_wandb": {"runtime": 11}}