{"roc_table": {"_type": "table-file", "sha256": "37a669c4d586fa22187183da46c5745661859b77f27f5cf08371b6067652a376", "size": 5022, "artifact_path": "wandb-client-artifact://wc9ow014in0f5ph1ksilywwmvdbusedvhrnv57vxzt33bxwxwjzinxibessc9z933958l2pyhfn0cayblh3wtpyxhaljfdqm75jyn6tiqckb7zo7eaecvq019lc7u3vt:latest/roc_table.table.json", "_latest_artifact_path": "wandb-client-artifact://wc9ow014in0f5ph1ksilywwmvdbusedvhrnv57vxzt33bxwxwjzinxibessc9z933958l2pyhfn0cayblh3wtpyxhaljfdqm75jyn6tiqckb7zo7eaecvq019lc7u3vt:latest/roc_table.table.json", "path": "media/table/roc_table_0_37a669c4d586fa221871.table.json", "ncols": 3, "nrows": 240}, "_timestamp": 1710153999.9571571, "_runtime": 14.836036205291748, "_step": 1, "CV accuracies": [0.5511811023622047, 0.5511811023622047, 0.5590551181102362, 0.5905511811023622, 0.6349206349206349], "Average CV accuracy": 0.5773778277715286, "Average CV F1": 0.5300109191181802, "Test set F1": 0.609375, "Test set accuracy": 0.6336996336996337, "_wandb": {"runtime": 13}}