{"roc_table": {"_type": "table-file", "sha256": "9fc200f4dc5adc95aaab28a68e589b624ce7d40d147fdd05e35784a4505d4149", "size": 2418, "artifact_path": "wandb-client-artifact://8n0oa67ds55rck3bxmgml3s87fkum7rzrrzk733hb5lxzpsm8xd2gwbxxeivjpkcplpw4do25hko1fswdbhj6nz9tqfoq38z8s1dc9jo63saeww3vpfkmvqll36dkrlz:latest/roc_table.table.json", "_latest_artifact_path": "wandb-client-artifact://8n0oa67ds55rck3bxmgml3s87fkum7rzrrzk733hb5lxzpsm8xd2gwbxxeivjpkcplpw4do25hko1fswdbhj6nz9tqfoq38z8s1dc9jo63saeww3vpfkmvqll36dkrlz:latest/roc_table.table.json", "path": "media/table/roc_table_0_9fc200f4dc5adc95aaab.table.json", "ncols": 3, "nrows": 128}, "_timestamp": 1715983584.825595, "_runtime": 26.20733880996704, "_step": 1, "CV accuracies": [0.7601547388781431, 0.7156673114119922, 0.7504835589941973, 0.7485493230174082, 0.7441860465116279], "Average CV accuracy": 0.7438081957626738, "Average CV F1": 0.553495913589795, "Test set F1": 0.4864864864864865, "Test set accuracy": 0.7553648068669528, "_wandb": {"runtime": 25}}