{"Best Model Params": {"bootstrap": true, "max_depth": 80, "max_features": 4, "min_samples_leaf": 3, "min_samples_split": 8, "n_estimators": 300}, "accuracy": 0.7391304347826086, "f1": 0.14285714285714288, "recall": 0.09090909090909091, "precision": 0.3333333333333333, "fbeta": 0.21739130434782608, "roc_table": {"_type": "table-file", "sha256": "ce68e3aadd8445f2b9ef8ca8292065c9b35a96a296adfc162aa319f3291b0fa9", "size": 837, "artifact_path": "wandb-client-artifact://3o5i2rfq2rrr4m1clsv2gx9aahb15k5wxtpd8jo8cq7dki8vi0msv8yxpwdjm25kuwa9e6n6zilclitd3du8dvo9h7zilgdkoaugxj2dmzcbccwxa8ez1gqmg2uuoywr:latest/roc_table.table.json", "_latest_artifact_path": "wandb-client-artifact://3o5i2rfq2rrr4m1clsv2gx9aahb15k5wxtpd8jo8cq7dki8vi0msv8yxpwdjm25kuwa9e6n6zilclitd3du8dvo9h7zilgdkoaugxj2dmzcbccwxa8ez1gqmg2uuoywr:latest/roc_table.table.json", "path": "media/table/roc_table_0_ce68e3aadd8445f2b9ef.table.json", "ncols": 3, "nrows": 43}, "_timestamp": 1716940205.560354, "_runtime": 363.45729804039, "_step": 0, "_wandb": {"runtime": 362}}