{"roc_table": {"_type": "table-file", "sha256": "75a3a74aa87848ccc782b07c88cd37b94743cac55c820371614f33d7de93ebc5", "size": 6056, "artifact_path": "wandb-client-artifact://ai18gxtor5yrf79twsbwpouzomk8rc79qa0smcc9wwir4h95tbvqcojt5bcegmbt8jvju8kep4z0qb173vvd385bkbqld0i1wx19u7164tp6mxlk4vkwt6ticijlblhg:latest/roc_table.table.json", "_latest_artifact_path": "wandb-client-artifact://ai18gxtor5yrf79twsbwpouzomk8rc79qa0smcc9wwir4h95tbvqcojt5bcegmbt8jvju8kep4z0qb173vvd385bkbqld0i1wx19u7164tp6mxlk4vkwt6ticijlblhg:latest/roc_table.table.json", "path": "media/table/roc_table_0_75a3a74aa87848ccc782.table.json", "ncols": 3, "nrows": 322}, "_timestamp": 1714039305.07093, "_runtime": 24.503830909729004, "_step": 1, "CV accuracies": [0.723342939481268, 0.7838616714697406, 0.723342939481268, 0.7550432276657061, 0.7485549132947977], "Average CV accuracy": 0.746829138278556, "Average CV F1": 0.5976563000820544, "Test set F1": 0.6375545851528385, "Test set accuracy": 0.7756756756756756, "_wandb": {"runtime": 23}}