{"Best Model Params": {"C": 10.0, "degree": 1, "gamma": "scale", "kernel": "rbf"}, "roc_table": {"_type": "table-file", "sha256": "15eeaf5a56af0128cd84c94f824013ae9c7c5fca708c071995f17ba41c626394", "size": 5065, "artifact_path": "wandb-client-artifact://kz2anxz2zlubtfvdpgk45b18ti2rpx06ekmk3jacynex71pvfc3q6yako4nr6wbl2c2o2wetzz88tt0tjwp44kz5ngke4k2mtb2hprr7ehvx55gbk7x5qxqnafqtkqep:latest/roc_table.table.json", "_latest_artifact_path": "wandb-client-artifact://kz2anxz2zlubtfvdpgk45b18ti2rpx06ekmk3jacynex71pvfc3q6yako4nr6wbl2c2o2wetzz88tt0tjwp44kz5ngke4k2mtb2hprr7ehvx55gbk7x5qxqnafqtkqep:latest/roc_table.table.json", "path": "media/table/roc_table_0_15eeaf5a56af0128cd84.table.json", "ncols": 3, "nrows": 268}, "_timestamp": 1717715190.3044329, "_runtime": 203.54120779037476, "_step": 1, "CV accuracies": [0.6929637526652452, 0.6652452025586354, 0.6716417910447762, 0.652452025586354, 0.673773987206823], "Average CV accuracy": 0.6712153518123668, "Average CV F1": 0.21472980248443446, "Test set F1": 0.1724137931034483, "Test set accuracy": 0.6293436293436293, "_wandb": {"runtime": 203}}