{"Test set CV accuracies": [0.83, 0.8233333333333334, 0.8466666666666667, 0.8233333333333334, 0.8260869565217391], "Average test set accuracy": 0.8298840579710145, "Average test set F1": 0.25551067477812733, "_timestamp": 1706267824.8084538, "_runtime": 18.049230813980103, "_step": 1, "roc_table": {"_type": "table-file", "sha256": "8e1ed74461555b04c4bb2cd8fb6a8551da3914910925c5687ed4a66d34f58efa", "size": 3548, "artifact_path": "wandb-client-artifact://gpuwsrhrd3vw4sbt2l7b35rd7sifit33tzgd5c209npuz96vfrgdm43x6z8z6w3g8o10v3w2hjnr5vebyt8kwzwfith2dr7efjehgdoe2ilbqud7ev4qy3jvxmqzymnw:latest/roc_table.table.json", "_latest_artifact_path": "wandb-client-artifact://gpuwsrhrd3vw4sbt2l7b35rd7sifit33tzgd5c209npuz96vfrgdm43x6z8z6w3g8o10v3w2hjnr5vebyt8kwzwfith2dr7efjehgdoe2ilbqud7ev4qy3jvxmqzymnw:latest/roc_table.table.json", "path": "media/table/roc_table_1_8e1ed74461555b04c4bb.table.json", "ncols": 3, "nrows": 170}, "_wandb": {"runtime": 17}}