{"Test set CV accuracies": [0.6181818181818182, 0.5818181818181818, 0.5454545454545454, 0.48148148148148145, 0.6111111111111112], "Average test set accuracy": 0.5676094276094277, "Average test set F1": 0.6372318770238259, "Best Model Params": {"bootstrap": true, "max_depth": 80, "max_features": 2, "min_samples_leaf": 5, "min_samples_split": 4, "n_estimators": 500}, "_timestamp": 1708020961.450911, "_runtime": 355.10154700279236, "_step": 1, "roc_table": {"_type": "table-file", "sha256": "b3d7b252db46996e46ba93f7aa62aa63b3673fb6fe9f859ad2615625e14991cf", "size": 6177, "artifact_path": "wandb-client-artifact://dzyvm6xklpbm13wgmatrshpxvntahtdit5guu0mnkv9skt2rbv3pjdbtlxl6k5upmk1zmlgy65hphhl67sgrchyr1ag6zykhuf2j87390l56fxsrxeh7c6uuvbwrr040:latest/roc_table.table.json", "_latest_artifact_path": "wandb-client-artifact://dzyvm6xklpbm13wgmatrshpxvntahtdit5guu0mnkv9skt2rbv3pjdbtlxl6k5upmk1zmlgy65hphhl67sgrchyr1ag6zykhuf2j87390l56fxsrxeh7c6uuvbwrr040:latest/roc_table.table.json", "path": "media/table/roc_table_1_b3d7b252db46996e46ba.table.json", "ncols": 3, "nrows": 295}, "_wandb": {"runtime": 354}}