{"Test set CV accuracies": [0.6458333333333334, 0.6041666666666666, 0.6666666666666666, 0.6595744680851063, 0.6595744680851063], "Average test set accuracy": 0.6471631205673758, "Average test set F1": 0.5336974207562444, "Best Model Params": {"bootstrap": true, "max_depth": 80, "max_features": 3, "min_samples_leaf": 3, "min_samples_split": 4, "n_estimators": 200}, "_timestamp": 1707068463.043317, "_runtime": 280.16257214546204, "_step": 1, "roc_table": {"_type": "table-file", "sha256": "35c436408fd8d92aecd3f910d85046ba779922f764d78c80ff6aa751de8dc205", "size": 3757, "artifact_path": "wandb-client-artifact://tf4200djfggqq35fyhb6lfkmkdmisth6xwqc22tljbsxgvxjo964na8ou3oj6hiihoj0ycrf2hyoy5cr64lgmt9yjifq9ibcby1j7r4n0f4bi0wge45k6xpr63xke08o:latest/roc_table.table.json", "_latest_artifact_path": "wandb-client-artifact://tf4200djfggqq35fyhb6lfkmkdmisth6xwqc22tljbsxgvxjo964na8ou3oj6hiihoj0ycrf2hyoy5cr64lgmt9yjifq9ibcby1j7r4n0f4bi0wge45k6xpr63xke08o:latest/roc_table.table.json", "path": "media/table/roc_table_1_35c436408fd8d92aecd3.table.json", "ncols": 3, "nrows": 180}, "_wandb": {"runtime": 280}}