{"roc_table": {"_type": "table-file", "sha256": "522e72063fe8d47e3a09a2e452d645c7c7c1dd1404e22233c52a18052992d739", "size": 2142, "artifact_path": "wandb-client-artifact://shxa9c2c6y18nteik906y6e91oe29utmok0k94e49orw9pn0cg4931zm21ef86akcxco1eszwj3n9he4dpu6a3l5mmsi7e5s657tvy8f32h09pt7xgcakn261sazmggr:latest/roc_table.table.json", "_latest_artifact_path": "wandb-client-artifact://shxa9c2c6y18nteik906y6e91oe29utmok0k94e49orw9pn0cg4931zm21ef86akcxco1eszwj3n9he4dpu6a3l5mmsi7e5s657tvy8f32h09pt7xgcakn261sazmggr:latest/roc_table.table.json", "path": "media/table/roc_table_0_522e72063fe8d47e3a09.table.json", "ncols": 3, "nrows": 112}, "_timestamp": 1718311072.490508, "_runtime": 13.914688110351562, "_step": 1, "CV accuracies": [0.7311320754716981, 0.7311320754716981, 0.7311320754716981, 0.7345971563981043, 0.7298578199052133], "Average CV accuracy": 0.7315702405436824, "Average CV F1": 0.0, "Test set F1": 0.05263157894736842, "Test set accuracy": 0.6538461538461539, "_wandb": {"runtime": 13}}