{"roc_table": {"_type": "table-file", "sha256": "4fc7207ef75b8fc768338982a51e2c5086741dafef4f0beae6c569be4d88756e", "size": 15058, "artifact_path": "wandb-client-artifact://0mihkrugxng716umqnpbwaz9hzw30i7faoz3jadzy3w2gf20xzrt22pt8jcb5ny2vzk4ajzcgh3gkwmlz7jiaautkuj7iesp9nvssofyfkxlgdg3d830ztzzviht4ty2:latest/roc_table.table.json", "_latest_artifact_path": "wandb-client-artifact://0mihkrugxng716umqnpbwaz9hzw30i7faoz3jadzy3w2gf20xzrt22pt8jcb5ny2vzk4ajzcgh3gkwmlz7jiaautkuj7iesp9nvssofyfkxlgdg3d830ztzzviht4ty2:latest/roc_table.table.json", "path": "media/table/roc_table_0_4fc7207ef75b8fc76833.table.json", "ncols": 3, "nrows": 800}, "_timestamp": 1710152569.496662, "_runtime": 12.123101949691772, "_step": 1, "CV accuracies": [0.6659574468085107, 0.6893617021276596, 0.6702127659574468, 0.6886993603411514, 0.6353944562899787], "Average CV accuracy": 0.6699251463049494, "Average CV F1": 0.7082772090123696, "Test set F1": 0.713440405748098, "Test set accuracy": 0.6626865671641791, "_wandb": {"runtime": 10}}