{"CV accuracies": [0.7196969696969697, 0.803030303030303, 0.7121212121212122, 0.7954545454545454, 0.7175572519083969], "Average CV accuracy": 0.7495720564422854, "Average CV F1": 0.7051495492695625, "Test set F1": 0.658008658008658, "Best Model Params": {"C": 0.01, "penalty": null}, "_timestamp": 1709836742.1491141, "_runtime": 16.05825710296631, "_step": 1, "roc_table": {"_type": "table-file", "sha256": "a4ead287dfd6d21eb0d11497afdfe4c093ee154e5cea1feb63cb606e902609a3", "size": 4972, "artifact_path": "wandb-client-artifact://4908yy6cynu4onyx351tqre37iks3z8ya3bw812k8w3ejk249bdi15lx9b3slub7tnuc3j88tsaovjpbzkimdn7fezvz66ag04uhso3lbs587sikd1x2up3xojniwjh4:latest/roc_table.table.json", "_latest_artifact_path": "wandb-client-artifact://4908yy6cynu4onyx351tqre37iks3z8ya3bw812k8w3ejk249bdi15lx9b3slub7tnuc3j88tsaovjpbzkimdn7fezvz66ag04uhso3lbs587sikd1x2up3xojniwjh4:latest/roc_table.table.json", "path": "media/table/roc_table_1_a4ead287dfd6d21eb0d1.table.json", "ncols": 3, "nrows": 238}, "_wandb": {"runtime": 15}}