{"Best Model Params": {"bootstrap": true, "max_depth": 80, "max_features": 4, "min_samples_leaf": 3, "min_samples_split": 4, "n_estimators": 100}, "roc_table": {"_type": "table-file", "sha256": "d3d8a9ddbe82de853fa7395827a35b9770ddcad31c9c5ed13a7e920bacda37b2", "size": 9182, "artifact_path": "wandb-client-artifact://vg4ejl83wsgzgdmho1k2sdbnx633oh0o8yvrx2r4ok63dpwd0r0j0jv40i3knygv1hg0fqyzkomvvamoirvtro08n2e3lc6jttnd9092jwo8h7wa5aiy5jaj0gb93i7o:latest/roc_table.table.json", "_latest_artifact_path": "wandb-client-artifact://vg4ejl83wsgzgdmho1k2sdbnx633oh0o8yvrx2r4ok63dpwd0r0j0jv40i3knygv1hg0fqyzkomvvamoirvtro08n2e3lc6jttnd9092jwo8h7wa5aiy5jaj0gb93i7o:latest/roc_table.table.json", "path": "media/table/roc_table_0_d3d8a9ddbe82de853fa7.table.json", "ncols": 3, "nrows": 488}, "_timestamp": 1713382947.7343931, "_runtime": 376.12278509140015, "_step": 1, "CV accuracies": [0.7890410958904109, 0.7780821917808219, 0.7671232876712328, 0.7534246575342466, 0.7664835164835165], "Average CV accuracy": 0.7708309498720457, "Average CV F1": 0.6405267153212502, "Test set F1": 0.6572008113590264, "Test set accuracy": 0.7838874680306905, "_wandb": {"runtime": 375}}