{"Test set CV accuracies": [0.5636363636363636, 0.6, 0.5272727272727272, 0.5, 0.5740740740740741], "Average test set accuracy": 0.5529966329966329, "Average test set F1": 0.6128871196156137, "Best Model Params": {"bootstrap": true, "max_depth": 80, "max_features": 2, "min_samples_leaf": 3, "min_samples_split": 8, "n_estimators": 500}, "_timestamp": 1708254722.17251, "_runtime": 362.51923298835754, "_step": 1, "roc_table": {"_type": "table-file", "sha256": "f4c71c319a99cd02396c17367cb684925addd263ac407ecbe5a5aaf7565eaa75", "size": 5136, "artifact_path": "wandb-client-artifact://xr6574glhfg2psojwof2fm58vrr7lekni7ty5bfhdb46b6jzsqgucvnovshtwvhom06kv48jiek5kjq9rs6j3ys1dexn3cfzs0hvhhx56myq0aqw8vqe6l9iqbteft3a:latest/roc_table.table.json", "_latest_artifact_path": "wandb-client-artifact://xr6574glhfg2psojwof2fm58vrr7lekni7ty5bfhdb46b6jzsqgucvnovshtwvhom06kv48jiek5kjq9rs6j3ys1dexn3cfzs0hvhhx56myq0aqw8vqe6l9iqbteft3a:latest/roc_table.table.json", "path": "media/table/roc_table_1_f4c71c319a99cd02396c.table.json", "ncols": 3, "nrows": 246}, "_wandb": {"runtime": 362}}