{"roc_table": {"_type": "table-file", "sha256": "387370b6078cd3a269d7f416e5445624be2503481ee671e2d0d36118a47fdf58", "size": 1446, "artifact_path": "wandb-client-artifact://t2nfaijeei7dqde87eym897g9gx7fstkt9twyigtis0uz06vbtxaa4txvul2zzz8crjkxdo1zhl2xcccl4kb9qi20nicjdctkhld8qgv2hn0srfuu9u0sg7dsakwt3t7:latest/roc_table.table.json", "_latest_artifact_path": "wandb-client-artifact://t2nfaijeei7dqde87eym897g9gx7fstkt9twyigtis0uz06vbtxaa4txvul2zzz8crjkxdo1zhl2xcccl4kb9qi20nicjdctkhld8qgv2hn0srfuu9u0sg7dsakwt3t7:latest/roc_table.table.json", "path": "media/table/roc_table_0_387370b6078cd3a269d7.table.json", "ncols": 3, "nrows": 76}, "_timestamp": 1717146358.894971, "_runtime": 19.88303279876709, "_step": 1, "CV accuracies": [0.7075471698113207, 0.7264150943396226, 0.6886792452830188, 0.6729857819905213, 0.7440758293838863], "Average CV accuracy": 0.7079406241616739, "Average CV F1": 0.17605748099216345, "Test set F1": 0.2380952380952381, "Test set accuracy": 0.6923076923076923, "_wandb": {"runtime": 19}}