{"Test set CV accuracies": [0.5272727272727272, 0.4909090909090909, 0.6, 0.6481481481481481, 0.5370370370370371], "Average test set accuracy": 0.5606734006734007, "Average test set F1": 0.5958276552902413, "Best Model Params": {"bootstrap": true, "max_depth": 80, "max_features": 3, "min_samples_leaf": 5, "min_samples_split": 4, "n_estimators": 100}, "_timestamp": 1708472239.952041, "_runtime": 368.07009100914, "_step": 1, "roc_table": {"_type": "table-file", "sha256": "28abb2a5abf6c7d894be92fabad703d7b5d3b5bbbbb9e9c98be3fa4c282a8a3f", "size": 4828, "artifact_path": "wandb-client-artifact://7x6q5mkh8zl5509ycd6a37lx0tvj5bz4qnrgu5r4srrt3xg6yka7radukgs6y5qwo592f1l1q4j5p0wekwsyihvw7xf6t8pn232xzqpikyozk83yuq52ndeegtmkq3zd:latest/roc_table.table.json", "_latest_artifact_path": "wandb-client-artifact://7x6q5mkh8zl5509ycd6a37lx0tvj5bz4qnrgu5r4srrt3xg6yka7radukgs6y5qwo592f1l1q4j5p0wekwsyihvw7xf6t8pn232xzqpikyozk83yuq52ndeegtmkq3zd:latest/roc_table.table.json", "path": "media/table/roc_table_1_28abb2a5abf6c7d894be.table.json", "ncols": 3, "nrows": 232}, "_wandb": {"runtime": 367}}