{"Test set CV accuracies": [0.4909090909090909, 0.5272727272727272, 0.509090909090909, 0.6111111111111112, 0.5555555555555556], "Average test set accuracy": 0.5387878787878787, "Average test set F1": 0.5873708025559292, "_timestamp": 1708607769.9612532, "_runtime": 20.8108811378479, "_step": 1, "roc_table": {"_type": "table-file", "sha256": "fd83ddb2b6064113be857d17ca3dfe90b4311d65dcc1cdf06e33c38b8bb75b6b", "size": 5835, "artifact_path": "wandb-client-artifact://eq6qgqx0tgrz1727hodgka6n974z4twp8peanwi9kpi3s58fhdouqym56p6g0yho3v8geg5gst5nvs3cxubn6ca0angwzx1ywfoq9a3eoftl4qapdodnb4nuxintm0ox:latest/roc_table.table.json", "_latest_artifact_path": "wandb-client-artifact://eq6qgqx0tgrz1727hodgka6n974z4twp8peanwi9kpi3s58fhdouqym56p6g0yho3v8geg5gst5nvs3cxubn6ca0angwzx1ywfoq9a3eoftl4qapdodnb4nuxintm0ox:latest/roc_table.table.json", "path": "media/table/roc_table_1_fd83ddb2b6064113be85.table.json", "ncols": 3, "nrows": 281}, "_wandb": {"runtime": 19}}