{"Test set CV accuracies": [0.7291666666666666, 0.7708333333333334, 0.625, 0.6595744680851063, 0.6808510638297872], "Average test set accuracy": 0.6930851063829787, "Average test set F1": 0.5892137846947285, "_timestamp": 1706224922.7207859, "_runtime": 14.54978084564209, "_step": 1, "roc_table": {"_type": "table-file", "sha256": "be33645b87f80dac18ded58772e767a6bf6953812c6181420ecca3b95314d375", "size": 3299, "artifact_path": "wandb-client-artifact://7jt1yea5vrekc0yauov6e9cyifrbg6v3oz2y9qyh26ayn2r7fgnv4wjjlga56f48krqydpabayrnv83apob2yph2w1wbwuwra09jfj0sywapo54989do1wpmjninw1fn:latest/roc_table.table.json", "_latest_artifact_path": "wandb-client-artifact://7jt1yea5vrekc0yauov6e9cyifrbg6v3oz2y9qyh26ayn2r7fgnv4wjjlga56f48krqydpabayrnv83apob2yph2w1wbwuwra09jfj0sywapo54989do1wpmjninw1fn:latest/roc_table.table.json", "path": "media/table/roc_table_1_be33645b87f80dac18de.table.json", "ncols": 3, "nrows": 161}, "_wandb": {"runtime": 13}}