{"Test set CV accuracies": [0.45454545454545453, 0.4727272727272727, 0.41818181818181815, 0.5925925925925926, 0.5740740740740741], "Average test set accuracy": 0.5024242424242424, "Average test set F1": 0.577832512983227, "_timestamp": 1708674061.386818, "_runtime": 27.25341796875, "_step": 1, "roc_table": {"_type": "table-file", "sha256": "dc97945dc38b0d16396f9586db869e178ce1b5244f3ccd8515875406a7817bfb", "size": 1448, "artifact_path": "wandb-client-artifact://aqm127ekt1lvoq3107ncnls55dhsvd48gql61c6s17lv1p81tbkbumqc28muu6csajfpsh79dtd7pzud7bv2bjbq2wttcndz0xw1hshiljsx0pwzgmmmtaaagemgpsyp:latest/roc_table.table.json", "_latest_artifact_path": "wandb-client-artifact://aqm127ekt1lvoq3107ncnls55dhsvd48gql61c6s17lv1p81tbkbumqc28muu6csajfpsh79dtd7pzud7bv2bjbq2wttcndz0xw1hshiljsx0pwzgmmmtaaagemgpsyp:latest/roc_table.table.json", "path": "media/table/roc_table_1_dc97945dc38b0d16396f.table.json", "ncols": 3, "nrows": 76}, "_wandb": {"runtime": 26}}