{"Best Model Params": {"bootstrap": true, "max_depth": 80, "max_features": 3, "min_samples_leaf": 3, "min_samples_split": 8, "n_estimators": 200}, "roc_table": {"_type": "table-file", "sha256": "3d4c6b6a3e70e4bc1c4b1f1beb0a39cd8b2685fcbc778bcf93dd1c6124cbe4df", "size": 11902, "artifact_path": "wandb-client-artifact://lusy8nfra7hl2728zuzlyggrt7njf0th7t73itgrgg8n71xvm6px8n32fd8cpi2iwl3b6tg9oj94dxl0esfsf24jlp9as2k8bie1v78r6qqtsmvoyz8uit92lzvhgjzd:latest/roc_table.table.json", "_latest_artifact_path": "wandb-client-artifact://lusy8nfra7hl2728zuzlyggrt7njf0th7t73itgrgg8n71xvm6px8n32fd8cpi2iwl3b6tg9oj94dxl0esfsf24jlp9as2k8bie1v78r6qqtsmvoyz8uit92lzvhgjzd:latest/roc_table.table.json", "path": "media/table/roc_table_0_3d4c6b6a3e70e4bc1c4b.table.json", "ncols": 3, "nrows": 632}, "_timestamp": 1713340833.0750551, "_runtime": 390.16419219970703, "_step": 1, "CV accuracies": [0.7123655913978495, 0.7142857142857143, 0.692722371967655, 0.7115902964959568, 0.7115902964959568], "Average CV accuracy": 0.7085108541286266, "Average CV F1": 0.5289112023356742, "Test set F1": 0.5042372881355932, "Test set accuracy": 0.7060301507537688, "_wandb": {"runtime": 389}}