{"Test set CV accuracies": [0.5818181818181818, 0.5636363636363636, 0.6, 0.5925925925925926, 0.6296296296296297], "Average test set accuracy": 0.5935353535353536, "Average test set F1": 0.690417175853369, "Best Model Params": {"bootstrap": true, "max_depth": 80, "max_features": 2, "min_samples_leaf": 5, "min_samples_split": 4, "n_estimators": 200}, "_timestamp": 1708005301.68453, "_runtime": 313.36411809921265, "_step": 1, "roc_table": {"_type": "table-file", "sha256": "6b4940e5ce7ee20e26a1f42426304009115a36ab872d5b923b2102ed653bcf64", "size": 4953, "artifact_path": "wandb-client-artifact://iu8hn592zpludj3e5ctxr6983rzgs6wa27j93gv6c4bugm39dazlxwcca6chjbwkaf95i0zk4uta6gekgnu4ldrihsii8nkth4cfyoubqcwd781097clksimn4fdf8ft:latest/roc_table.table.json", "_latest_artifact_path": "wandb-client-artifact://iu8hn592zpludj3e5ctxr6983rzgs6wa27j93gv6c4bugm39dazlxwcca6chjbwkaf95i0zk4uta6gekgnu4ldrihsii8nkth4cfyoubqcwd781097clksimn4fdf8ft:latest/roc_table.table.json", "path": "media/table/roc_table_1_6b4940e5ce7ee20e26a1.table.json", "ncols": 3, "nrows": 237}, "_wandb": {"runtime": 312}}