{"Best Model Params": {"bootstrap": true, "max_depth": 80, "max_features": 4, "min_samples_leaf": 3, "min_samples_split": 4, "n_estimators": 100}, "accuracy": 0.6682027649769585, "f1": 0.1627906976744186, "recall": 0.09859154929577464, "precision": 0.4666666666666667, "fbeta": 0.26717557251908397, "roc_table": {"_type": "table-file", "sha256": "04cc573cbc5ede1d6d96475120f384f8cc39906eacfabfaeb6fa75188190c8aa", "size": 3554, "artifact_path": "wandb-client-artifact://7kqltd7npnrfiahgsgulloyrj8qpi7x62ycl3hw1m637iwe39ium18yjoxzs0bub0v058guwx0n55o7fvdp7wiy4uceaalg7tdd757y0uumyyf36d4sjivdxiizkbvr9:latest/roc_table.table.json", "_latest_artifact_path": "wandb-client-artifact://7kqltd7npnrfiahgsgulloyrj8qpi7x62ycl3hw1m637iwe39ium18yjoxzs0bub0v058guwx0n55o7fvdp7wiy4uceaalg7tdd757y0uumyyf36d4sjivdxiizkbvr9:latest/roc_table.table.json", "path": "media/table/roc_table_0_04cc573cbc5ede1d6d96.table.json", "ncols": 3, "nrows": 188}, "_timestamp": 1716934148.231372, "_runtime": 531.8266730308533, "_step": 0, "_wandb": {"runtime": 529}}