{"roc_table": {"_type": "table-file", "sha256": "e793d4e878b0f372532e7cf12b8b523e64f8884702f07e9999c132223ee1324c", "size": 14972, "artifact_path": "wandb-client-artifact://ktzrrr3eyo8vhza0tdcr9d9es8wkrzhb768ydnu3yu0q1o36i49bjvo35nfbpwwd5yk583ycxampxr74min6mbeln8iz7my4gltvfy224jsbe122p7at21td377zcmbc:latest/roc_table.table.json", "_latest_artifact_path": "wandb-client-artifact://ktzrrr3eyo8vhza0tdcr9d9es8wkrzhb768ydnu3yu0q1o36i49bjvo35nfbpwwd5yk583ycxampxr74min6mbeln8iz7my4gltvfy224jsbe122p7at21td377zcmbc:latest/roc_table.table.json", "path": "media/table/roc_table_0_e793d4e878b0f372532e.table.json", "ncols": 3, "nrows": 796}, "_timestamp": 1710152520.591743, "_runtime": 22.065612077713013, "_step": 1, "CV accuracies": [0.6617021276595745, 0.6595744680851063, 0.676595744680851, 0.6936170212765957, 0.6609808102345416], "Average CV accuracy": 0.6704940343873338, "Average CV F1": 0.7211286943445969, "Test set F1": 0.7069846678023851, "Test set accuracy": 0.6577114427860696, "_wandb": {"runtime": 20}}