{"Test set CV accuracies": [0.6467661691542289, 0.6268656716417911, 0.6915422885572139, 0.6616915422885572, 0.6417910447761194], "Average test set accuracy": 0.653731343283582, "Average test set F1": 0.7163725120578328, "Best Model Params": {"bootstrap": true, "max_depth": 80, "max_features": 3, "min_samples_leaf": 4, "min_samples_split": 4, "n_estimators": 500}, "_timestamp": 1708536262.9910169, "_runtime": 530.4316899776459, "_step": 1, "roc_table": {"_type": "table-file", "sha256": "1fe7b6a00b9e72f5f89fb1d20819b64458ee8deec4d337236c757dc77da56da4", "size": 15814, "artifact_path": "wandb-client-artifact://0o3ryhn20mqmr2e9xozrruivwykx7u06voh5b74qa558jab2393u3vgmlmsagqo3trgqlfn5c6udquz0ofs8tdjphslof7kd2rulfz9j8k8dcu6aec7rj9ov8svrarlq:latest/roc_table.table.json", "_latest_artifact_path": "wandb-client-artifact://0o3ryhn20mqmr2e9xozrruivwykx7u06voh5b74qa558jab2393u3vgmlmsagqo3trgqlfn5c6udquz0ofs8tdjphslof7kd2rulfz9j8k8dcu6aec7rj9ov8svrarlq:latest/roc_table.table.json", "path": "media/table/roc_table_1_1fe7b6a00b9e72f5f89f.table.json", "ncols": 3, "nrows": 840}, "_wandb": {"runtime": 529}}