{"accuracy": 0.95, "f1": 0.0, "recall": 0.0, "precision": 0.0, "fbeta": 0.0, "roc_table": {"_type": "table-file", "sha256": "10b3b3b21486763bc13118548ac2ea9d796223ce364008c625bbc946780324c4", "size": 191, "artifact_path": "wandb-client-artifact://fktf09e95hzw6nlndg86nbrt36iu6nkawgn9z3x8os0qif6zv0t68jal76aheahp9ydsf5l7gcgl2ffmp9t6h7q59r944tn6zlt2lj3ut2in38pv5z5iym7m8dilupdi:latest/roc_table.table.json", "_latest_artifact_path": "wandb-client-artifact://fktf09e95hzw6nlndg86nbrt36iu6nkawgn9z3x8os0qif6zv0t68jal76aheahp9ydsf5l7gcgl2ffmp9t6h7q59r944tn6zlt2lj3ut2in38pv5z5iym7m8dilupdi:latest/roc_table.table.json", "path": "media/table/roc_table_0_10b3b3b21486763bc131.table.json", "ncols": 3, "nrows": 9}, "_timestamp": 1717738165.780701, "_runtime": 13.67279601097107, "_step": 0, "_wandb": {"runtime": 12}}