{"Test set CV accuracies": [0.6, 0.5818181818181818, 0.5636363636363636, 0.5555555555555556, 0.6111111111111112], "Average test set accuracy": 0.5824242424242423, "Average test set F1": 0.6971975168311197, "Best Model Params": {"bootstrap": true, "max_depth": 80, "max_features": 2, "min_samples_leaf": 3, "min_samples_split": 4, "n_estimators": 300}, "_timestamp": 1708106656.57349, "_runtime": 304.12939286231995, "_step": 1, "roc_table": {"_type": "table-file", "sha256": "8f1f839d6d08d58e7cbba113609380cd44603167acbf53c141f11f09d69bf59c", "size": 5361, "artifact_path": "wandb-client-artifact://gzg1m2tjzivl628gyelzp7o8lc9zh0lcv6whp92o8vu6a2yb619a8a6zhityurt98i9r5cofanycgvf3q8c4nugot71o3pbcjuawb5lu00fahxvgfpqbkk1ihkemcm19:latest/roc_table.table.json", "_latest_artifact_path": "wandb-client-artifact://gzg1m2tjzivl628gyelzp7o8lc9zh0lcv6whp92o8vu6a2yb619a8a6zhityurt98i9r5cofanycgvf3q8c4nugot71o3pbcjuawb5lu00fahxvgfpqbkk1ihkemcm19:latest/roc_table.table.json", "path": "media/table/roc_table_1_8f1f839d6d08d58e7cbb.table.json", "ncols": 3, "nrows": 257}, "_wandb": {"runtime": 303}}