{"Test set CV accuracies": [0.7818181818181819, 0.6181818181818182, 0.6363636363636364, 0.7037037037037037, 0.4444444444444444], "Average test set accuracy": 0.6369023569023569, "Average test set F1": 0.6789355353192366, "Best Model Params": {"criterion": "friedman_mse", "learning_rate": 0.05, "loss": "log_loss", "max_features": "log2", "min_samples_leaf": 5, "min_samples_split": 2, "n_estimators": 100}, "_timestamp": 1706827885.2995572, "_runtime": 764.1883442401886, "_step": 1, "roc_table": {"_type": "table-file", "sha256": "cef700570f59bae61ff6ec44001efbcccbe0159106b928e1fde8a46f16791357", "size": 4457, "path": "media/table/roc_table_1_cef700570f59bae61ff6.table.json", "ncols": 3, "nrows": 213}, "_wandb": {"runtime": 764}}