{"Test set CV accuracies": [0.5636363636363636, 0.6, 0.5636363636363636, 0.6851851851851852, 0.5925925925925926], "Average test set accuracy": 0.601010101010101, "Average test set F1": 0.7013225554321444, "Best Model Params": {"bootstrap": true, "max_depth": 80, "max_features": 2, "min_samples_leaf": 4, "min_samples_split": 4, "n_estimators": 300}, "_timestamp": 1708019515.9867032, "_runtime": 403.853844165802, "_step": 1, "roc_table": {"_type": "table-file", "sha256": "24e6a53e43dd40c43c644d26b55bd37afa13a11b9478469364c21ca51e1de6a8", "size": 5323, "artifact_path": "wandb-client-artifact://6p7gv3zhhgc3fvttvb4kwx2zi3k79wt3erl9mspozw38q6gsk0upxa70mf8z0lyr6yyaz4mfs5kz3mp173dhpo77wtnzjxaoxq4lo7jof5aywniwa2sq704fyjqtq00n:latest/roc_table.table.json", "_latest_artifact_path": "wandb-client-artifact://6p7gv3zhhgc3fvttvb4kwx2zi3k79wt3erl9mspozw38q6gsk0upxa70mf8z0lyr6yyaz4mfs5kz3mp173dhpo77wtnzjxaoxq4lo7jof5aywniwa2sq704fyjqtq00n:latest/roc_table.table.json", "path": "media/table/roc_table_1_24e6a53e43dd40c43c64.table.json", "ncols": 3, "nrows": 255}, "_wandb": {"runtime": 403}}