{"Test set CV accuracies": [0.6181818181818182, 0.6363636363636364, 0.7090909090909091, 0.7407407407407407, 0.6296296296296297], "Average test set accuracy": 0.6668013468013468, "Average test set F1": 0.7024249108120075, "_timestamp": 1706222395.4908679, "_runtime": 17.600024938583374, "_step": 1, "roc_table": {"_type": "table-file", "sha256": "c6155d13d586b24c0820efc94d55679d8286a19dace5bd0de7462a610fb779e5", "size": 3409, "artifact_path": "wandb-client-artifact://mxb94xfrvuy6kv4j50r7y38h8fdu18aiq9h507swlgnim78x6cydd2tue57vmrpzcqfqn23cphqnqav55tz9ylvybc1f9qxnvrwndpl65qafvaolw52e5db322cozief:latest/roc_table.table.json", "_latest_artifact_path": "wandb-client-artifact://mxb94xfrvuy6kv4j50r7y38h8fdu18aiq9h507swlgnim78x6cydd2tue57vmrpzcqfqn23cphqnqav55tz9ylvybc1f9qxnvrwndpl65qafvaolw52e5db322cozief:latest/roc_table.table.json", "path": "media/table/roc_table_1_c6155d13d586b24c0820.table.json", "ncols": 3, "nrows": 163}, "_wandb": {"runtime": 17}}