{"Test set CV accuracies": [0.5636363636363636, 0.5636363636363636, 0.5818181818181818, 0.5740740740740741, 0.6296296296296297], "Average test set accuracy": 0.5825589225589225, "Average test set F1": 0.7075658962401136, "Best Model Params": {"bootstrap": true, "max_depth": 80, "max_features": 3, "min_samples_leaf": 3, "min_samples_split": 4, "n_estimators": 300}, "_timestamp": 1708289805.986583, "_runtime": 308.0194180011749, "_step": 1, "roc_table": {"_type": "table-file", "sha256": "9d02253cd5e83a09941ec6e16e0f46afc8d9cbd21ec2b914b805b17bd4ab1ca1", "size": 5796, "artifact_path": "wandb-client-artifact://ryetqioshrtgjq8juobr4kz923qt8sw8k1f71xakscsnloodkjqu0nihifcdjueocni070hs68m68wvhzm1iki1hvdmk2pl337vclg2whpvd5yfz3y3uxcbbv7gqew3h:latest/roc_table.table.json", "_latest_artifact_path": "wandb-client-artifact://ryetqioshrtgjq8juobr4kz923qt8sw8k1f71xakscsnloodkjqu0nihifcdjueocni070hs68m68wvhzm1iki1hvdmk2pl337vclg2whpvd5yfz3y3uxcbbv7gqew3h:latest/roc_table.table.json", "path": "media/table/roc_table_1_9d02253cd5e83a09941e.table.json", "ncols": 3, "nrows": 278}, "_wandb": {"runtime": 307}}