{"Test set CV accuracies": [0.5636363636363636, 0.7272727272727273, 0.6363636363636364, 0.7037037037037037, 0.6851851851851852], "Average test set accuracy": 0.6632323232323232, "Average test set F1": 0.6815165259079252, "_timestamp": 1706087823.4169679, "_runtime": 11.304465770721436, "_step": 1, "roc_table": {"_type": "table-file", "sha256": "b14a83eb907e1014a48041573d858a13a1fd7d2c1e7b3191b9c3d9ff796a3976", "size": 3275, "artifact_path": "wandb-client-artifact://nqct4nc5omig0j9etca2s20ivpcx5qjq1pbleq2skiecmleahvx0hyhfil3o56ycgq0fnxhgmalmchnpe6wqe1lxuoq3nuuslvzg7bjfje5104zfwpd1e6mic28z2y48:latest/roc_table.table.json", "_latest_artifact_path": "wandb-client-artifact://nqct4nc5omig0j9etca2s20ivpcx5qjq1pbleq2skiecmleahvx0hyhfil3o56ycgq0fnxhgmalmchnpe6wqe1lxuoq3nuuslvzg7bjfje5104zfwpd1e6mic28z2y48:latest/roc_table.table.json", "path": "media/table/roc_table_1_b14a83eb907e1014a480.table.json", "ncols": 3, "nrows": 157}, "_wandb": {"runtime": 10}}