{"Best Model Params": {"bootstrap": true, "max_depth": 80, "max_features": 4, "min_samples_leaf": 3, "min_samples_split": 8, "n_estimators": 100}, "accuracy": 0.6476683937823834, "f1": 0.08108108108108107, "recall": 0.04285714285714286, "precision": 0.75, "fbeta": 0.1744186046511628, "roc_table": {"_type": "table-file", "sha256": "9bd5951c76c7928234674c5c36582d85dc3b2dc625eba0c3711d1e42e2096cbe", "size": 3301, "artifact_path": "wandb-client-artifact://yq9nhlj9puidxc10aux6plo1t7wjlkdi7sx8e3jncnqh398qhvjh0busqeu6iihdq6rgpp2ety3dy5o4hwj3logsgm3aq5b4t7s1956bi0etku3wu4frcx4q4ipbtbzl:latest/roc_table.table.json", "_latest_artifact_path": "wandb-client-artifact://yq9nhlj9puidxc10aux6plo1t7wjlkdi7sx8e3jncnqh398qhvjh0busqeu6iihdq6rgpp2ety3dy5o4hwj3logsgm3aq5b4t7s1956bi0etku3wu4frcx4q4ipbtbzl:latest/roc_table.table.json", "path": "media/table/roc_table_0_9bd5951c76c792823467.table.json", "ncols": 3, "nrows": 175}, "_timestamp": 1716935979.443952, "_runtime": 312.9872109889984, "_step": 0, "_wandb": {"runtime": 311}}