{"Test set CV accuracies": [0.5272727272727272, 0.6181818181818182, 0.6545454545454545, 0.5, 0.5], "Average test set accuracy": 0.5599999999999999, "Average test set F1": 0.6233356056461508, "Best Model Params": {"bootstrap": true, "max_depth": 80, "max_features": 2, "min_samples_leaf": 5, "min_samples_split": 4, "n_estimators": 100}, "_timestamp": 1708006388.5141098, "_runtime": 332.76884484291077, "_step": 1, "roc_table": {"_type": "table-file", "sha256": "ae136f0bb0557367bf8fcd656ff195709cd3acf9c8f0fcd13e96777e8298fccb", "size": 6549, "artifact_path": "wandb-client-artifact://twol0pbvme2r4ittyuzy2evbn34f74igjek6fs9pygp16e95y3u7z5q3qnrfkjejj51nzhzl61jzvee7gyhuayonwueovscc3wdwc0hi5jkiu4vpojbqb1l1z7keavbj:latest/roc_table.table.json", "_latest_artifact_path": "wandb-client-artifact://twol0pbvme2r4ittyuzy2evbn34f74igjek6fs9pygp16e95y3u7z5q3qnrfkjejj51nzhzl61jzvee7gyhuayonwueovscc3wdwc0hi5jkiu4vpojbqb1l1z7keavbj:latest/roc_table.table.json", "path": "media/table/roc_table_1_ae136f0bb0557367bf8f.table.json", "ncols": 3, "nrows": 313}, "_wandb": {"runtime": 331}}