{"Best Model Params": {"bootstrap": true, "max_depth": 80, "max_features": 4, "min_samples_leaf": 4, "min_samples_split": 4, "n_estimators": 100}, "roc_table": {"_type": "table-file", "sha256": "7876012335a1783bcdb270e0f37a9f0bb35793ae883b791d883a6ed6396bec8a", "size": 3989, "artifact_path": "wandb-client-artifact://n3vv2t169fkp7zjzadpfdy1r32250u72uz125g0cyves273o26l98d9wwgqjnmqc69ueop7gdg23kyxebzm34w8i8rv1mk0n46ebf1slktj1mug4a2r2q6tnnx9q872h:latest/roc_table.table.json", "_latest_artifact_path": "wandb-client-artifact://n3vv2t169fkp7zjzadpfdy1r32250u72uz125g0cyves273o26l98d9wwgqjnmqc69ueop7gdg23kyxebzm34w8i8rv1mk0n46ebf1slktj1mug4a2r2q6tnnx9q872h:latest/roc_table.table.json", "path": "media/table/roc_table_0_7876012335a1783bcdb2.table.json", "ncols": 3, "nrows": 211}, "_timestamp": 1713298169.019653, "_runtime": 366.5699200630188, "_step": 1, "CV accuracies": [0.8120805369127517, 0.7986577181208053, 0.785234899328859, 0.7986577181208053, 0.7837837837837838], "Average CV accuracy": 0.7956829312534011, "Average CV F1": 0.16491228070175437, "Test set F1": 0.2247191011235955, "Test set accuracy": 0.7836990595611285, "_wandb": {"runtime": 365}}