{"Best Model Params": {"bootstrap": true, "max_depth": 80, "max_features": 4, "min_samples_leaf": 3, "min_samples_split": 4, "n_estimators": 100}, "accuracy": 0.6934306569343066, "f1": 0.08695652173913045, "recall": 0.045454545454545456, "precision": 1.0, "fbeta": 0.19230769230769232, "roc_table": {"_type": "table-file", "sha256": "3cf673384dbab2a147a7a4199eb4269ea00cfc1c8a250f5fdd0b5b3ab383bee6", "size": 2498, "artifact_path": "wandb-client-artifact://340k3537dhi8yw404su0gqi352798jhnr738km9lgraepxhuzvdv1be4dmdw4d38vlf28k1zj3mvnkje1szpnsp57yg3znqiy9jqcvbx71bnr51e9ua2slumazkd05fk:latest/roc_table.table.json", "_latest_artifact_path": "wandb-client-artifact://340k3537dhi8yw404su0gqi352798jhnr738km9lgraepxhuzvdv1be4dmdw4d38vlf28k1zj3mvnkje1szpnsp57yg3znqiy9jqcvbx71bnr51e9ua2slumazkd05fk:latest/roc_table.table.json", "path": "media/table/roc_table_0_3cf673384dbab2a147a7.table.json", "ncols": 3, "nrows": 132}, "_timestamp": 1716938071.9675908, "_runtime": 320.6232478618622, "_step": 0, "_wandb": {"runtime": 319}}