{"Test set CV accuracies": [0.6545454545454545, 0.5454545454545454, 0.5636363636363636, 0.5370370370370371, 0.5], "Average test set accuracy": 0.5601346801346802, "Average test set F1": 0.5074791364343604, "_timestamp": 1708602814.4278002, "_runtime": 13.256176233291626, "_step": 1, "roc_table": {"_type": "table-file", "sha256": "9a321f21d1012d7b6f7dd89bc6f48eb05459a0e8dbde18f42604b9af43cd024d", "size": 5254, "artifact_path": "wandb-client-artifact://4qc9rrb2x64jhrdaws13cp87685p1e4gcvjw5mzzkzorxtjne6bjme4cbnenx1cdzbwyacbk2hukjn1j9bgse5p97jp0jvrdbyjyszvvjf0i32yqaj3q1hma0s4z5mox:latest/roc_table.table.json", "_latest_artifact_path": "wandb-client-artifact://4qc9rrb2x64jhrdaws13cp87685p1e4gcvjw5mzzkzorxtjne6bjme4cbnenx1cdzbwyacbk2hukjn1j9bgse5p97jp0jvrdbyjyszvvjf0i32yqaj3q1hma0s4z5mox:latest/roc_table.table.json", "path": "media/table/roc_table_1_9a321f21d1012d7b6f7d.table.json", "ncols": 3, "nrows": 252}, "_wandb": {"runtime": 12}}