{"roc_table": {"_type": "table-file", "sha256": "3eb6ae02b7c16b23054e11ea24aa6950ae4854d5c1e22f260740d6215a6ca871", "size": 5972, "artifact_path": "wandb-client-artifact://8zm55h75yfpbjt1k2p0v3wi927a8tkqmzyt6gz6gbwtcxanz2emukcvbztmafg720axv2jz348nkasqnx20okk6vw4s32yv2haoqh8lwuey89yb6f2bkyh6tvju9tlro:latest/roc_table.table.json", "_latest_artifact_path": "wandb-client-artifact://8zm55h75yfpbjt1k2p0v3wi927a8tkqmzyt6gz6gbwtcxanz2emukcvbztmafg720axv2jz348nkasqnx20okk6vw4s32yv2haoqh8lwuey89yb6f2bkyh6tvju9tlro:latest/roc_table.table.json", "path": "media/table/roc_table_0_3eb6ae02b7c16b23054e.table.json", "ncols": 3, "nrows": 318}, "_timestamp": 1714462783.607318, "_runtime": 20.564234972000122, "_step": 1, "CV accuracies": [0.7643312101910829, 0.7738853503184714, 0.7738853503184714, 0.7484076433121019, 0.7827476038338658], "Average CV accuracy": 0.7686514315947985, "Average CV F1": 0.5546528973034996, "Test set F1": 0.6093750000000001, "Test set accuracy": 0.7764530551415797, "_wandb": {"runtime": 19}}