{"roc_table": {"_type": "table-file", "sha256": "01988d02ef3e3e0002612984ac77e565c9e20479475d29c71576bb4a525cee0f", "size": 6061, "artifact_path": "wandb-client-artifact://mnpplnmaohavmgrsqur65l8wmkgbiberx3l93icpmh3j4rmnshk1m5otm1sbft5rncgiwm5b2prt1ety261h8rgjhbwze7g8s7usz56wk3w7kc92zocxcflu0no9ymrv:latest/roc_table.table.json", "_latest_artifact_path": "wandb-client-artifact://mnpplnmaohavmgrsqur65l8wmkgbiberx3l93icpmh3j4rmnshk1m5otm1sbft5rncgiwm5b2prt1ety261h8rgjhbwze7g8s7usz56wk3w7kc92zocxcflu0no9ymrv:latest/roc_table.table.json", "path": "media/table/roc_table_0_01988d02ef3e3e000261.table.json", "ncols": 3, "nrows": 323}, "_timestamp": 1714421054.66662, "_runtime": 24.047274112701416, "_step": 1, "CV accuracies": [0.697452229299363, 0.7452229299363057, 0.767515923566879, 0.7643312101910829, 0.7827476038338658], "Average CV accuracy": 0.7514539793654993, "Average CV F1": 0.5223446148880064, "Test set F1": 0.6063829787234042, "Test set accuracy": 0.7794336810730254, "_wandb": {"runtime": 22}}