{"Best Model Params": {"bootstrap": true, "max_depth": 80, "max_features": 4, "min_samples_leaf": 3, "min_samples_split": 4, "n_estimators": 100}, "accuracy": 0.6607142857142857, "f1": 0.5957446808510638, "recall": 0.5, "precision": 0.7368421052631579, "fbeta": 0.673076923076923, "roc_table": {"_type": "table-file", "sha256": "92e685a027340046e51ff6202a3d97daf6631508a5660a0e0640be75c7eca05d", "size": 1138, "artifact_path": "wandb-client-artifact://4skhvzcxrejam5iyak6x7kfa3ez5f2yjl0nhxtezr86go09pt7531s7azfmfzy0hlu31ece3ysn6sfh6yvwj6n481dx1gao9pn1l9ign9ocj1cofokrtzup0dajfgb8x:latest/roc_table.table.json", "_latest_artifact_path": "wandb-client-artifact://4skhvzcxrejam5iyak6x7kfa3ez5f2yjl0nhxtezr86go09pt7531s7azfmfzy0hlu31ece3ysn6sfh6yvwj6n481dx1gao9pn1l9ign9ocj1cofokrtzup0dajfgb8x:latest/roc_table.table.json", "path": "media/table/roc_table_0_92e685a027340046e51f.table.json", "ncols": 3, "nrows": 60}, "_timestamp": 1716938741.1767979, "_runtime": 324.4150719642639, "_step": 0, "_wandb": {"runtime": 323}}