{"Test set CV accuracies": [0.6782178217821783, 0.6633663366336634, 0.6567164179104478, 0.6218905472636815, 0.6069651741293532], "Average test set accuracy": 0.6454312595438648, "Average test set F1": 0.685679803374677, "Best Model Params": {"bootstrap": true, "max_depth": 80, "max_features": 2, "min_samples_leaf": 3, "min_samples_split": 4, "n_estimators": 300}, "_timestamp": 1708454841.3327549, "_runtime": 561.3212957382202, "_step": 1, "roc_table": {"_type": "table-file", "sha256": "03c8d23a7b5baa067904bf43b9b6f874d07587f80e011f48b8bd7a8941fdb77a", "size": 16915, "artifact_path": "wandb-client-artifact://q57vocpmiqwq690tmqdxmkxs8tikfhz4kkwcfei5imbdkv4b8lplnhj59fjvnwl9s3gi9w7iew7geshi9uo6zycjcjlotwlbk71u4maqh5kq0mrz6n7ls7qsp8hrctqf:latest/roc_table.table.json", "_latest_artifact_path": "wandb-client-artifact://q57vocpmiqwq690tmqdxmkxs8tikfhz4kkwcfei5imbdkv4b8lplnhj59fjvnwl9s3gi9w7iew7geshi9uo6zycjcjlotwlbk71u4maqh5kq0mrz6n7ls7qsp8hrctqf:latest/roc_table.table.json", "path": "media/table/roc_table_1_03c8d23a7b5baa067904.table.json", "ncols": 3, "nrows": 901}, "_wandb": {"runtime": 559}}