{"Test set CV accuracies": [0.8421052631578947, 0.9473684210526315, 0.8421052631578947, 0.7368421052631579, 0.7894736842105263], "Average test set accuracy": 0.8315789473684211, "Average test set F1": 0.8993738834395119, "Best Model Params": {"bootstrap": true, "max_depth": 80, "max_features": 4, "min_samples_leaf": 3, "min_samples_split": 4, "n_estimators": 500}, "_timestamp": 1708382610.5703099, "_runtime": 253.2405698299408, "_step": 1, "roc_table": {"_type": "table-file", "sha256": "75e16af842f1a66b961cc7f77b25af7df55fd255883987a270335089e504b513", "size": 869, "artifact_path": "wandb-client-artifact://krkxbkwhclnfn26iob1pndo5cyrqc4dcv0vnxi61ievjmk7a1mexda3wtqq9iry7oywdn00sg60ygkrdnjlcjp2mt6hdnefqzr8t4mk90w06hyoykvdpym6ekm6rpo59:latest/roc_table.table.json", "_latest_artifact_path": "wandb-client-artifact://krkxbkwhclnfn26iob1pndo5cyrqc4dcv0vnxi61ievjmk7a1mexda3wtqq9iry7oywdn00sg60ygkrdnjlcjp2mt6hdnefqzr8t4mk90w06hyoykvdpym6ekm6rpo59:latest/roc_table.table.json", "path": "media/table/roc_table_1_75e16af842f1a66b961c.table.json", "ncols": 3, "nrows": 44}, "_wandb": {"runtime": 252}}