{"Test set CV accuracies": [0.5636363636363636, 0.6727272727272727, 0.5818181818181818, 0.6111111111111112, 0.6296296296296297], "Average test set accuracy": 0.6117845117845118, "Average test set F1": 0.6983858557143747, "Best Model Params": {"bootstrap": true, "max_depth": 80, "max_features": 3, "min_samples_leaf": 5, "min_samples_split": 4, "n_estimators": 300}, "_timestamp": 1708088619.272025, "_runtime": 324.28968715667725, "_step": 1, "roc_table": {"_type": "table-file", "sha256": "2b1b20ded8d9355d901dd07bb50471e7d8a1c67d28bcfe13d93b17d88f0c03d6", "size": 5346, "artifact_path": "wandb-client-artifact://d6nydgq1jnnupstc2fz6dtz8fly3e39v7xnjz357przephwlc1438ghzh6yu0ses35y5llyjj8spuvdqpmn5p0e57pkfybp8194k1iejcwjr0xmk5ek34mz0r9thq9kh:latest/roc_table.table.json", "_latest_artifact_path": "wandb-client-artifact://d6nydgq1jnnupstc2fz6dtz8fly3e39v7xnjz357przephwlc1438ghzh6yu0ses35y5llyjj8spuvdqpmn5p0e57pkfybp8194k1iejcwjr0xmk5ek34mz0r9thq9kh:latest/roc_table.table.json", "path": "media/table/roc_table_1_2b1b20ded8d9355d901d.table.json", "ncols": 3, "nrows": 256}, "_wandb": {"runtime": 323}}