{"Test set CV accuracies": [0.5, 0.56, 0.5, 0.5306122448979592, 0.4489795918367347], "Average test set accuracy": 0.5079183673469388, "Average test set F1": 0.5520854457902887, "Best Model Params": {"bootstrap": true, "max_depth": 80, "max_features": 4, "min_samples_leaf": 5, "min_samples_split": 4, "n_estimators": 300}, "_timestamp": 1708422074.973611, "_runtime": 316.7844350337982, "_step": 1, "roc_table": {"_type": "table-file", "sha256": "33122bd4494f08805bf68119c2f45ea6c8f31fb2732794a49e826c48248ebc43", "size": 4956, "artifact_path": "wandb-client-artifact://0bv37iu36ypmd36s721l41vxiwy0b9r53pa9axb15fx8l1rmh8p10bj68w5ogqwo2du6fphaf8l4xh29gjnwm2p89uc2revymatmwtznr8bmu6mswlkk4lxnx1hqqho3:latest/roc_table.table.json", "_latest_artifact_path": "wandb-client-artifact://0bv37iu36ypmd36s721l41vxiwy0b9r53pa9axb15fx8l1rmh8p10bj68w5ogqwo2du6fphaf8l4xh29gjnwm2p89uc2revymatmwtznr8bmu6mswlkk4lxnx1hqqho3:latest/roc_table.table.json", "path": "media/table/roc_table_1_33122bd4494f08805bf6.table.json", "ncols": 3, "nrows": 238}, "_wandb": {"runtime": 316}}