{"Test set CV accuracies": [0.6237623762376238, 0.5445544554455446, 0.6218905472636815, 0.6368159203980099, 0.6069651741293532], "Average test set accuracy": 0.6067976946948427, "Average test set F1": 0.6453389937525847, "_timestamp": 1708605942.644114, "_runtime": 38.02050709724426, "_step": 1, "roc_table": {"_type": "table-file", "sha256": "a129b3cdb3805acc6aabb6cc6945ed28bb6f2e7a4ad79e95ae08970cc3a72596", "size": 17734, "artifact_path": "wandb-client-artifact://qrmfdb4uusjkfbjxd8elxlgxwirdhaaymba5hgoatxo5lgn83i2mk4x1573eh50ia0pb09cd1n80x0ll9x86dyyskav2mbb0ewgz2qz4bxke4yirmjz06xxpgc3zc0qf:latest/roc_table.table.json", "_latest_artifact_path": "wandb-client-artifact://qrmfdb4uusjkfbjxd8elxlgxwirdhaaymba5hgoatxo5lgn83i2mk4x1573eh50ia0pb09cd1n80x0ll9x86dyyskav2mbb0ewgz2qz4bxke4yirmjz06xxpgc3zc0qf:latest/roc_table.table.json", "path": "media/table/roc_table_1_a129b3cdb3805acc6aab.table.json", "ncols": 3, "nrows": 942}, "_wandb": {"runtime": 37}}