{"Best Model Params": {"bootstrap": true, "max_depth": 80, "max_features": 3, "min_samples_leaf": 3, "min_samples_split": 4, "n_estimators": 100}, "accuracy": 0.6634615384615384, "f1": 0.10256410256410256, "recall": 0.05555555555555555, "precision": 0.6666666666666666, "fbeta": 0.20833333333333331, "roc_table": {"_type": "table-file", "sha256": "d1a94435ece392ca387cb0bebada36f4a9bf1692f48275efd0afbd6ce4a92725", "size": 1674, "artifact_path": "wandb-client-artifact://gh44qzuqys8j3y0rh90r5uuw5xzusy7gh7g1udd53rh4zm3xjsu92qokpjqrl7fxyfoamon54fc67xbvmv323guzbexbq2map3r7zadg7rfe24152hjv84psqtnpba3j:latest/roc_table.table.json", "_latest_artifact_path": "wandb-client-artifact://gh44qzuqys8j3y0rh90r5uuw5xzusy7gh7g1udd53rh4zm3xjsu92qokpjqrl7fxyfoamon54fc67xbvmv323guzbexbq2map3r7zadg7rfe24152hjv84psqtnpba3j:latest/roc_table.table.json", "path": "media/table/roc_table_0_d1a94435ece392ca387c.table.json", "ncols": 3, "nrows": 88}, "_timestamp": 1717109394.6725628, "_runtime": 299.0902497768402, "_step": 0, "_wandb": {"runtime": 298}}