{"Best Model Params": {"C": 0.001, "degree": 1, "gamma": "scale", "kernel": "linear"}, "roc_table": {"_type": "table-file", "sha256": "bf033000669a67c8b1993bb2cf90c22f89e1cf65bf8e0adc981b3b6f0ac900f7", "size": 208, "artifact_path": "wandb-client-artifact://dciu4pce6myfzxr6s0j6tm20hqwv21pc3awr3e8u1sczfhdfaw3gywjtiruzl2atbmudwl0bppnglord6feetkpo3ws1y8dw5cs8gegh0bg101oxzrwsq0oe92s2deny:latest/roc_table.table.json", "_latest_artifact_path": "wandb-client-artifact://dciu4pce6myfzxr6s0j6tm20hqwv21pc3awr3e8u1sczfhdfaw3gywjtiruzl2atbmudwl0bppnglord6feetkpo3ws1y8dw5cs8gegh0bg101oxzrwsq0oe92s2deny:latest/roc_table.table.json", "path": "media/table/roc_table_0_bf033000669a67c8b199.table.json", "ncols": 3, "nrows": 10}, "_timestamp": 1717738811.2901819, "_runtime": 22.030163764953613, "_step": 1, "CV accuracies": [0.8, 0.8, 0.8205128205128205, 0.8205128205128205, 0.8205128205128205], "Average CV accuracy": 0.8123076923076923, "Average CV F1": 0.0, "Test set F1": 0.0, "Test set accuracy": 0.95, "_wandb": {"runtime": 21}}