{"Test set CV accuracies": [0.8983026258523139, 0.8955462062962426, 0.9004787465544756, 0.8993181488466561, 0.9061230412071968], "Average test set accuracy": 0.8999537537513771, "Average test set F1": 0.9449059860914687, "_timestamp": 1706226316.778788, "_runtime": 42.22892713546753, "_step": 1, "roc_table": {"_type": "table-file", "sha256": "1086a2e759220d5f25d4b13af481cfc49ab5befb185b73f02b73bcd7a79de2d9", "size": 3798, "artifact_path": "wandb-client-artifact://0rjpkpnlydu87ao58qavmmd4q2y6chpah6g1c2wm5qfbcno5ldjgq2494lz731fdjufz6e3mzdlrl6arwsdx2lx1dqquqmrtwrk2dt2injg3ctewwgm5hiyfajmi2wz3:latest/roc_table.table.json", "_latest_artifact_path": "wandb-client-artifact://0rjpkpnlydu87ao58qavmmd4q2y6chpah6g1c2wm5qfbcno5ldjgq2494lz731fdjufz6e3mzdlrl6arwsdx2lx1dqquqmrtwrk2dt2injg3ctewwgm5hiyfajmi2wz3:latest/roc_table.table.json", "path": "media/table/roc_table_1_1086a2e759220d5f25d4.table.json", "ncols": 3, "nrows": 202}, "_wandb": {"runtime": 41}}