{"CV accuracies": [0.5905511811023622, 0.5354330708661418, 0.5511811023622047, 0.6692913385826772, 0.7063492063492064], "Average CV accuracy": 0.6105611798525186, "Average CV F1": 0.6163476184486875, "Test set F1": 0.6575342465753425, "_timestamp": 1709888459.225297, "_runtime": 442.6698350906372, "_step": 1, "roc_table": {"_type": "table-file", "sha256": "517f8478e6a3649e2ef50f295610b78eb09e9e4a90e6dbc881ea3c4c77fd95bf", "size": 5493, "artifact_path": "wandb-client-artifact://45ld4x9fwxbqwicq3obkb621zc5pwo5cgy7h59tomztjj1b93nngwhanv58i8e7h9l0yrnijfscp9ul4u5iwgzvinx1ugoxn2a792owposqsmrcq5bzjk91ntzoe15xo:latest/roc_table.table.json", "_latest_artifact_path": "wandb-client-artifact://45ld4x9fwxbqwicq3obkb621zc5pwo5cgy7h59tomztjj1b93nngwhanv58i8e7h9l0yrnijfscp9ul4u5iwgzvinx1ugoxn2a792owposqsmrcq5bzjk91ntzoe15xo:latest/roc_table.table.json", "path": "media/table/roc_table_1_517f8478e6a3649e2ef5.table.json", "ncols": 3, "nrows": 263}, "_wandb": {"runtime": 442}}