{"roc_table": {"_type": "table-file", "sha256": "5aaa4f95fea3fb8203c5275b46cd59e4dcfae9086da6bd85ea9b0c71a2ef8fff", "size": 3288, "artifact_path": "wandb-client-artifact://j3u468qcnkdproh9l7ut9vnjnayc5nea9avn62bsu5lp04rc0s75m5sf9twrw7hwcyutlu5o2czvbcsxxpbmoqz0kk36h3vgzz9kz3oslg11t5zb73rzbl3uv4wnuupi:latest/roc_table.table.json", "_latest_artifact_path": "wandb-client-artifact://j3u468qcnkdproh9l7ut9vnjnayc5nea9avn62bsu5lp04rc0s75m5sf9twrw7hwcyutlu5o2czvbcsxxpbmoqz0kk36h3vgzz9kz3oslg11t5zb73rzbl3uv4wnuupi:latest/roc_table.table.json", "path": "media/table/roc_table_0_5aaa4f95fea3fb8203c5.table.json", "ncols": 3, "nrows": 192}, "_timestamp": 1714047056.517503, "_runtime": 18.18435311317444, "_step": 1, "CV accuracies": [0.9914529914529915, 0.9942857142857143, 0.9885714285714285, 0.9857142857142858, 0.9942857142857143], "Average CV accuracy": 0.9908620268620268, "Average CV F1": 0.9868311642115252, "Test set F1": 0.9961089494163424, "Test set accuracy": 0.9973190348525469, "_wandb": {"runtime": 17}}