{"roc_table": {"_type": "table-file", "sha256": "caf5342ce7137256e5d5f5f8270a25bf7f662e7932fa140fc19c0d675c8e0846", "size": 3492, "artifact_path": "wandb-client-artifact://7sgzc7i32h42lupwwcjdrv0wonde8pgmhi9p7gqlol2mgpycbze71x846k0ajxg87lgp1tqyqxoqaj8mzzeaoasud9kk1w26cn1vahpax6aqjk54e3m4qz1ixe5dftvl:latest/roc_table.table.json", "_latest_artifact_path": "wandb-client-artifact://7sgzc7i32h42lupwwcjdrv0wonde8pgmhi9p7gqlol2mgpycbze71x846k0ajxg87lgp1tqyqxoqaj8mzzeaoasud9kk1w26cn1vahpax6aqjk54e3m4qz1ixe5dftvl:latest/roc_table.table.json", "path": "media/table/roc_table_0_caf5342ce7137256e5d5.table.json", "ncols": 3, "nrows": 204}, "_timestamp": 1714046750.457953, "_runtime": 16.166491985321045, "_step": 1, "CV accuracies": [0.9971509971509972, 0.9914285714285714, 0.9885714285714285, 0.9885714285714285, 0.9914285714285714], "Average CV accuracy": 0.9914301994301994, "Average CV F1": 0.9876933195353221, "Test set F1": 0.9980582524271845, "Test set accuracy": 0.9986595174262735, "_wandb": {"runtime": 15}}