{"roc_table": {"_type": "table-file", "sha256": "aaf1de3b9a02f0fce43c6d537614ccf27d69e075063f303cc26f7f1693579b54", "size": 6360, "artifact_path": "wandb-client-artifact://7daxhlgphqla040hf91xzow8gub35yqnod4wyrydqtcawg3be7n678sm24kwjtff3jlkd83wi157gw25wono15evi1woeqnv0bi6wc10b93exir06k74py7xew9mh1z7:latest/roc_table.table.json", "_latest_artifact_path": "wandb-client-artifact://7daxhlgphqla040hf91xzow8gub35yqnod4wyrydqtcawg3be7n678sm24kwjtff3jlkd83wi157gw25wono15evi1woeqnv0bi6wc10b93exir06k74py7xew9mh1z7:latest/roc_table.table.json", "path": "media/table/roc_table_0_aaf1de3b9a02f0fce43c.table.json", "ncols": 3, "nrows": 338}, "_timestamp": 1714039403.579252, "_runtime": 31.51193904876709, "_step": 1, "CV accuracies": [0.7808219178082192, 0.7589041095890411, 0.7095890410958904, 0.7561643835616438, 0.7417582417582418], "Average CV accuracy": 0.7494475387626073, "Average CV F1": 0.6106383925580683, "Test set F1": 0.6666666666666667, "Test set accuracy": 0.782608695652174, "_wandb": {"runtime": 31}}