{"Test set CV accuracies": [0.6237623762376238, 0.6237623762376238, 0.6915422885572139, 0.6865671641791045, 0.6467661691542289], "Average test set accuracy": 0.654480074873159, "Average test set F1": 0.6982039261088875, "Best Model Params": {"bootstrap": true, "max_depth": 80, "max_features": 2, "min_samples_leaf": 5, "min_samples_split": 4, "n_estimators": 500}, "_timestamp": 1708283060.453907, "_runtime": 636.9458649158478, "_step": 1, "roc_table": {"_type": "table-file", "sha256": "6f203f596ca2bef983c621a15bcc82dbfe5835050b16d766fb994602a24e9097", "size": 17092, "artifact_path": "wandb-client-artifact://bqckos2pkrkb4vr04evtym3lfgym45tc7t5gb5cu3g7duwlkmepoiw0rk7j8y9fwwgzsithyz66mwe8yh7shdhs0bfbrjapqknhny6aesu40a5dgih6okx4mdjmuwgsq:latest/roc_table.table.json", "_latest_artifact_path": "wandb-client-artifact://bqckos2pkrkb4vr04evtym3lfgym45tc7t5gb5cu3g7duwlkmepoiw0rk7j8y9fwwgzsithyz66mwe8yh7shdhs0bfbrjapqknhny6aesu40a5dgih6okx4mdjmuwgsq:latest/roc_table.table.json", "path": "media/table/roc_table_1_6f203f596ca2bef983c6.table.json", "ncols": 3, "nrows": 910}, "_wandb": {"runtime": 636}}