{"roc_table": {"_type": "table-file", "sha256": "94b9b1dfdf28eaf4dd705f7d79ba9a6efabf5b16ae056213d2e36a4390223965", "size": 6620, "artifact_path": "wandb-client-artifact://oou4sg9hykuii0fpqs8q4j4vo070khi6wcted8ctcv2ip4zzmgf5g1l5md4tp9oyi7n9noop8qlkbn6d6j3a92pre2ysc1ba78swje6hpcqggw3fk3tlcqwhfvkx9idi:latest/roc_table.table.json", "_latest_artifact_path": "wandb-client-artifact://oou4sg9hykuii0fpqs8q4j4vo070khi6wcted8ctcv2ip4zzmgf5g1l5md4tp9oyi7n9noop8qlkbn6d6j3a92pre2ysc1ba78swje6hpcqggw3fk3tlcqwhfvkx9idi:latest/roc_table.table.json", "path": "media/table/roc_table_0_94b9b1dfdf28eaf4dd70.table.json", "ncols": 3, "nrows": 350}, "_timestamp": 1714463484.2316391, "_runtime": 16.84561824798584, "_step": 1, "CV accuracies": [0.6910828025477707, 0.6751592356687898, 0.6656050955414012, 0.6719745222929936, 0.6932907348242812], "Average CV accuracy": 0.6794224781750473, "Average CV F1": 0.39136961626706557, "Test set F1": 0.4619718309859155, "Test set accuracy": 0.7153502235469449, "_wandb": {"runtime": 15}}