{"Test set CV accuracies": [0.7037037037037037, 0.7875, 0.7875, 0.7125, 0.6625], "Average test set accuracy": 0.7307407407407408, "Average test set F1": 0.8188181895381124, "_timestamp": 1706267409.1011891, "_runtime": 14.258806228637695, "_step": 1, "roc_table": {"_type": "table-file", "sha256": "ad24470d68dff02bc899070470fcc0d6d796c37b3d4d9e59ea1bc412326da076", "size": 2834, "artifact_path": "wandb-client-artifact://1og0qb21sc406lb8h5p4iuhnrlpeb9486w5wd2rtm9octjh8prwmiu4qrigzu1txzftqr7px9kzyu2cz5aqlihui8zb1x3iz5be6t43xv78i6o7yvjgnkvcjc9z4hcz3:latest/roc_table.table.json", "_latest_artifact_path": "wandb-client-artifact://1og0qb21sc406lb8h5p4iuhnrlpeb9486w5wd2rtm9octjh8prwmiu4qrigzu1txzftqr7px9kzyu2cz5aqlihui8zb1x3iz5be6t43xv78i6o7yvjgnkvcjc9z4hcz3:latest/roc_table.table.json", "path": "media/table/roc_table_1_ad24470d68dff02bc899.table.json", "ncols": 3, "nrows": 150}, "_wandb": {"runtime": 13}}