{"Best Model Params": {"bootstrap": true, "max_depth": 80, "max_features": 4, "min_samples_leaf": 3, "min_samples_split": 8, "n_estimators": 100}, "accuracy": 0.708029197080292, "f1": 0.23076923076923075, "recall": 0.13636363636363635, "precision": 0.75, "fbeta": 0.39473684210526316, "roc_table": {"_type": "table-file", "sha256": "d8029898c8c2ec68cf19a8c983a99b7f6f8a9683150f416ab33ffaf2d5386b1f", "size": 1813, "artifact_path": "wandb-client-artifact://k44xf9opb57kjompcri2ip6m1b74vt4mihp5v833ltjybexkoeo3xc0x4lm37kb8aglz2e41gnse9dcxgb87co96w3iu3ojqx90gsodxzvtq62d4izegtnx1u1t2maoq:latest/roc_table.table.json", "_latest_artifact_path": "wandb-client-artifact://k44xf9opb57kjompcri2ip6m1b74vt4mihp5v833ltjybexkoeo3xc0x4lm37kb8aglz2e41gnse9dcxgb87co96w3iu3ojqx90gsodxzvtq62d4izegtnx1u1t2maoq:latest/roc_table.table.json", "path": "media/table/roc_table_0_d8029898c8c2ec68cf19.table.json", "ncols": 3, "nrows": 95}, "_timestamp": 1716941288.96098, "_runtime": 368.1130440235138, "_step": 0, "_wandb": {"runtime": 367}}