{"Best Model Params": {"bootstrap": true, "max_depth": 80, "max_features": 4, "min_samples_leaf": 5, "min_samples_split": 4, "n_estimators": 100}, "roc_table": {"_type": "table-file", "sha256": "0b2e1d32649e108769d2e7f98cedefe71ebbd200dca93c4b018b4cc2115a1dba", "size": 3147, "artifact_path": "wandb-client-artifact://clw5p26ie7selyd52isqi4oi5x9ixri2aul716y3q02x0nycf6l98le9s2m12e82yol2jr02mlcjgke0myfgwpm4kru0n0erirfd5pm56xiqgfun4z3oag1rfwfh3y9y:latest/roc_table.table.json", "_latest_artifact_path": "wandb-client-artifact://clw5p26ie7selyd52isqi4oi5x9ixri2aul716y3q02x0nycf6l98le9s2m12e82yol2jr02mlcjgke0myfgwpm4kru0n0erirfd5pm56xiqgfun4z3oag1rfwfh3y9y:latest/roc_table.table.json", "path": "media/table/roc_table_0_0b2e1d32649e108769d2.table.json", "ncols": 3, "nrows": 165}, "_timestamp": 1713298759.527075, "_runtime": 326.4455659389496, "_step": 1, "CV accuracies": [0.7718120805369127, 0.785234899328859, 0.7785234899328859, 0.7516778523489933, 0.7972972972972973], "Average CV accuracy": 0.7769091238889896, "Average CV F1": 0.17631267297506065, "Test set F1": 0.14925373134328357, "Test set accuracy": 0.8213166144200627, "_wandb": {"runtime": 326}}