{"accuracy": 0.6634615384615384, "f1": 0.05405405405405406, "recall": 0.027777777777777776, "precision": 1.0, "fbeta": 0.125, "roc_table": {"_type": "table-file", "sha256": "6dbf8099e13b1273a5706166f5af1dfde0c731d3378a1255b7e2991d530e0e4f", "size": 1919, "artifact_path": "wandb-client-artifact://vafs1be759az76v99octnoev0fddsfm11s6614edzm2kon8ukdv3s2eiey4g3d0q0ixwucf62qfjp5r795ne9e1p081vt270oybo48gvc0vc4jro9wcz1m3owq8xe2yl:latest/roc_table.table.json", "_latest_artifact_path": "wandb-client-artifact://vafs1be759az76v99octnoev0fddsfm11s6614edzm2kon8ukdv3s2eiey4g3d0q0ixwucf62qfjp5r795ne9e1p081vt270oybo48gvc0vc4jro9wcz1m3owq8xe2yl:latest/roc_table.table.json", "path": "media/table/roc_table_0_6dbf8099e13b1273a570.table.json", "ncols": 3, "nrows": 101}, "_timestamp": 1718311745.213614, "_runtime": 14.620382070541382, "_step": 0, "_wandb": {"runtime": 14}}