{"Test set CV accuracies": [0.43636363636363634, 0.6181818181818182, 0.38181818181818183, 0.5925925925925926, 0.5925925925925926], "Average test set accuracy": 0.5243097643097643, "Average test set F1": 0.554743109145283, "_timestamp": 1708607663.6282291, "_runtime": 19.671881198883057, "_step": 1, "roc_table": {"_type": "table-file", "sha256": "a110e9c395c971bbc66e0554865a0cab21b5395e0e3c51dee6abdd8f2ea90bc0", "size": 5343, "artifact_path": "wandb-client-artifact://99pz9mcvgtcouejuwt7ik8u2crry70dvq2ghnpxpuibsaqqa68r5dplf61ow6lje41584j87qxifoj1kpfcm74j0275w4m3re2wr39ms83xw5c7n61t9f40c1hl9kkdq:latest/roc_table.table.json", "_latest_artifact_path": "wandb-client-artifact://99pz9mcvgtcouejuwt7ik8u2crry70dvq2ghnpxpuibsaqqa68r5dplf61ow6lje41584j87qxifoj1kpfcm74j0275w4m3re2wr39ms83xw5c7n61t9f40c1hl9kkdq:latest/roc_table.table.json", "path": "media/table/roc_table_1_a110e9c395c971bbc66e.table.json", "ncols": 3, "nrows": 257}, "_wandb": {"runtime": 18}}