{"Test set CV accuracies": [0.5495049504950495, 0.5198019801980198, 0.5522388059701493, 0.5522388059701493, 0.5373134328358209], "Average test set accuracy": 0.5422195950938378, "Average test set F1": 0.6288285487758983, "_timestamp": 1708638935.239408, "_runtime": 25.147835969924927, "_step": 1, "roc_table": {"_type": "table-file", "sha256": "08c7217abe04a2e24ae7ebc5dec67e1764e63df5a6e59126b6f7d91d86e237dc", "size": 2992, "artifact_path": "wandb-client-artifact://2k4qi6dmujsi9hx4vbiv03psfecs5demhgwbkrzmtckb4voc7euxv65i2s5dc8cnnikrf6tgswcg4vgbbsr5zucu9lbycmiskjji7l8zacsp82c2firyaqoflfjtbfmm:latest/roc_table.table.json", "_latest_artifact_path": "wandb-client-artifact://2k4qi6dmujsi9hx4vbiv03psfecs5demhgwbkrzmtckb4voc7euxv65i2s5dc8cnnikrf6tgswcg4vgbbsr5zucu9lbycmiskjji7l8zacsp82c2firyaqoflfjtbfmm:latest/roc_table.table.json", "path": "media/table/roc_table_1_08c7217abe04a2e24ae7.table.json", "ncols": 3, "nrows": 158}, "_wandb": {"runtime": 24}}