{"roc_table": {"_type": "table-file", "sha256": "5a7a365841278c81f844b2a1f122ed3137ccc3058e450240653f6240ab450506", "size": 5536, "artifact_path": "wandb-client-artifact://a6g9wsimi070b7ylo50wvji0tpgopw8sk1f6ibzx4zhpenhnhjim6tiwub6o00p8j3u0edacwmj3t7ox8m9amiaci1w1x65l5frkac43u1w9axuothtsziivo66culeq:latest/roc_table.table.json", "_latest_artifact_path": "wandb-client-artifact://a6g9wsimi070b7ylo50wvji0tpgopw8sk1f6ibzx4zhpenhnhjim6tiwub6o00p8j3u0edacwmj3t7ox8m9amiaci1w1x65l5frkac43u1w9axuothtsziivo66culeq:latest/roc_table.table.json", "path": "media/table/roc_table_0_5a7a365841278c81f844.table.json", "ncols": 3, "nrows": 294}, "_timestamp": 1710152286.181674, "_runtime": 20.396203994750977, "_step": 1, "CV accuracies": [0.6617021276595745, 0.6829787234042554, 0.6361702127659574, 0.648936170212766, 0.652452025586354], "Average CV accuracy": 0.6564478519257815, "Average CV F1": 0.7185094893653866, "Test set F1": 0.7321867321867321, "Test set accuracy": 0.6746268656716418, "_wandb": {"runtime": 19}}