{"Test set CV accuracies": [0.7818181818181819, 0.7454545454545455, 0.7636363636363637, 0.7777777777777778, 0.7592592592592593], "Average test set accuracy": 0.7655892255892256, "Average test set F1": 0.775505354253304, "_timestamp": 1708678553.6441689, "_runtime": 48.4713568687439, "_step": 1, "roc_table": {"_type": "table-file", "sha256": "31f15652f119b63a2b4d40b68b7600b7d83ad99516c85282a5856001211d5d14", "size": 3178, "artifact_path": "wandb-client-artifact://7irnhmorpslx8od9lsz7troobhdgzbg9b72myq1sx464tpldej903voam8f34edw55f04glxkli5amu2rhglj5rvxbgnzmhsxwxailqhs9eud0y6j1c0qhto34r9vk84:latest/roc_table.table.json", "_latest_artifact_path": "wandb-client-artifact://7irnhmorpslx8od9lsz7troobhdgzbg9b72myq1sx464tpldej903voam8f34edw55f04glxkli5amu2rhglj5rvxbgnzmhsxwxailqhs9eud0y6j1c0qhto34r9vk84:latest/roc_table.table.json", "path": "media/table/roc_table_1_31f15652f119b63a2b4d.table.json", "ncols": 3, "nrows": 152}, "_wandb": {"runtime": 47}}