{"Best Model Params": {"bootstrap": true, "max_depth": 80, "max_features": 4, "min_samples_leaf": 3, "min_samples_split": 4, "n_estimators": 100}, "accuracy": 0.7331460674157303, "f1": 0.17391304347826086, "recall": 0.09900990099009901, "precision": 0.7142857142857143, "fbeta": 0.3184713375796179, "roc_table": {"_type": "table-file", "sha256": "e0d0f08ca44b39dd254dd64f435fe9b580f4856a203d0bc43c2bee7d3747a989", "size": 4336, "artifact_path": "wandb-client-artifact://76x1rgtndbcsxwwt06nc21f4df7mcktzj5xz1buzesg14fztsderqzanwkx7346c51xyi4wtpseql6mrddcmhopkggl7g0h99wv5aoovsu0ir18yb2te7uwm1nrs9swo:latest/roc_table.table.json", "_latest_artifact_path": "wandb-client-artifact://76x1rgtndbcsxwwt06nc21f4df7mcktzj5xz1buzesg14fztsderqzanwkx7346c51xyi4wtpseql6mrddcmhopkggl7g0h99wv5aoovsu0ir18yb2te7uwm1nrs9swo:latest/roc_table.table.json", "path": "media/table/roc_table_0_e0d0f08ca44b39dd254d.table.json", "ncols": 3, "nrows": 230}, "_timestamp": 1716939082.3983848, "_runtime": 324.80414390563965, "_step": 0, "_wandb": {"runtime": 323}}