{"Test set CV accuracies": [0.7277227722772277, 0.6485148514851485, 0.6119402985074627, 0.6417910447761194, 0.6567164179104478], "Average test set accuracy": 0.6573370769912812, "Average test set F1": 0.6915850721225407, "Best Model Params": {"bootstrap": true, "max_depth": 80, "max_features": 3, "min_samples_leaf": 5, "min_samples_split": 4, "n_estimators": 100}, "_timestamp": 1708506840.878159, "_runtime": 590.7879569530487, "_step": 1, "roc_table": {"_type": "table-file", "sha256": "e548e3c64534fd7c3632fa30cf7c01c8219b6866fddefe6b43e58f22ea997224", "size": 17564, "artifact_path": "wandb-client-artifact://ah2bfou5kzdwnj0clz7h6x0z6jp6uxu2fl772k0wqd1lsn2po62ied2t12gt8kb2l9for6a4l57yz5qm4h22tysj26qccizrinpgf2gf64pwsukupuvrmmqseuhb68i0:latest/roc_table.table.json", "_latest_artifact_path": "wandb-client-artifact://ah2bfou5kzdwnj0clz7h6x0z6jp6uxu2fl772k0wqd1lsn2po62ied2t12gt8kb2l9for6a4l57yz5qm4h22tysj26qccizrinpgf2gf64pwsukupuvrmmqseuhb68i0:latest/roc_table.table.json", "path": "media/table/roc_table_1_e548e3c64534fd7c3632.table.json", "ncols": 3, "nrows": 934}, "_wandb": {"runtime": 589}}