{"roc_table": {"_type": "table-file", "sha256": "a66b09cf489074b30aa1da702d04f6c8c129255af0442f603bfb6dc6dd7c7f36", "size": 153, "artifact_path": "wandb-client-artifact://r8t7e9itgq4s8b5ebe46u6gtwdsjnrc6nofcm4oywz8tuwkpfx8o6aq8wmyjfyq9g684rkgojz1yo4qz4tkthhwwxxjsmhaomzuz9emmrwdv91lf0h9iza2occ1aamks:latest/roc_table.table.json", "_latest_artifact_path": "wandb-client-artifact://r8t7e9itgq4s8b5ebe46u6gtwdsjnrc6nofcm4oywz8tuwkpfx8o6aq8wmyjfyq9g684rkgojz1yo4qz4tkthhwwxxjsmhaomzuz9emmrwdv91lf0h9iza2occ1aamks:latest/roc_table.table.json", "path": "media/table/roc_table_0_a66b09cf489074b30aa1.table.json", "ncols": 3, "nrows": 7}, "_timestamp": 1717146534.224333, "_runtime": 15.025045156478882, "_step": 1, "CV accuracies": [0.775, 0.75, 0.7435897435897436, 0.8205128205128205, 0.7948717948717948], "Average CV accuracy": 0.7767948717948718, "Average CV F1": 0.22503052503052504, "Test set F1": 0.6666666666666666, "Test set accuracy": 0.95, "_wandb": {"runtime": 14}}