{"roc_table": {"_type": "table-file", "sha256": "7545f9b40d1f8c9a698ec06b1e3ffc5f8fa0cb386f9f9992648a72f272940cb1", "size": 3430, "artifact_path": "wandb-client-artifact://oupyyylwnvevgpckp6dmnnnqsi7vnl3tj86rzxgnhro2kt1wl1ho7eos0o5bojyzzf9sjycouehmv9mx62gohxsc7ia8owolssm7jwij39w4ymbw6lvq51ilmate07nc:latest/roc_table.table.json", "_latest_artifact_path": "wandb-client-artifact://oupyyylwnvevgpckp6dmnnnqsi7vnl3tj86rzxgnhro2kt1wl1ho7eos0o5bojyzzf9sjycouehmv9mx62gohxsc7ia8owolssm7jwij39w4ymbw6lvq51ilmate07nc:latest/roc_table.table.json", "path": "media/table/roc_table_0_7545f9b40d1f8c9a698e.table.json", "ncols": 3, "nrows": 164}, "_timestamp": 1710150987.337522, "_runtime": 11.100027084350586, "_step": 1, "CV accuracies": [0.8188976377952756, 0.7637795275590551, 0.7637795275590551, 0.8110236220472441, 0.7619047619047619], "Average CV accuracy": 0.7838770153730783, "Average CV F1": 0.7730382976306138, "Test set F1": 0.7801418439716313, "Test set accuracy": 0.7728937728937729, "_wandb": {"runtime": 9}}