{"Best Model Params": {"bootstrap": true, "max_depth": 80, "max_features": 4, "min_samples_leaf": 3, "min_samples_split": 8, "n_estimators": 100}, "accuracy": 0.5567010309278351, "f1": 0.3582089552238806, "recall": 0.3076923076923077, "precision": 0.42857142857142855, "fbeta": 0.3973509933774834, "roc_table": {"_type": "table-file", "sha256": "29134c26ac01d53523d158929cd21b6f534cb82a0f4020b67bdf4f0558dcbfb0", "size": 1805, "artifact_path": "wandb-client-artifact://g3wa09g5xfm6mzhn09uf6jhtgbsd7v6lvp5gov41nrav79nneyq3cvtmp6qbvw0001lwi0qwzv4ylefdmugc7257tdo4arn9goa0696kf8qgj1xyorllbdq53fu19oqe:latest/roc_table.table.json", "_latest_artifact_path": "wandb-client-artifact://g3wa09g5xfm6mzhn09uf6jhtgbsd7v6lvp5gov41nrav79nneyq3cvtmp6qbvw0001lwi0qwzv4ylefdmugc7257tdo4arn9goa0696kf8qgj1xyorllbdq53fu19oqe:latest/roc_table.table.json", "path": "media/table/roc_table_0_29134c26ac01d53523d1.table.json", "ncols": 3, "nrows": 95}, "_timestamp": 1716937388.847775, "_runtime": 326.12470602989197, "_step": 0, "_wandb": {"runtime": 322}}