{"CV accuracies": [0.8110236220472441, 0.8110236220472441, 0.7480314960629921, 0.7559055118110236, 0.8095238095238095], "Average CV accuracy": 0.7871016122984628, "Average CV F1": 0.7817100212815028, "Test set F1": 0.7676767676767677, "Best Model Params": {"C": 0.01, "penalty": null}, "Test set accuracy": 0.7472527472527473, "_timestamp": 1710146329.860736, "_runtime": 21.171971797943115, "_step": 1, "roc_table": {"_type": "table-file", "sha256": "19a994dc8ccb334fba0874650946c2f9a6a2ca2890f16246ab33227d11846b6e", "size": 3147, "artifact_path": "wandb-client-artifact://24lztk5tectgn2fuvgzq8g7uadtirficj8qdh1xlcu3xjwbr81rmcmshpb3bpo3m6rf3iost88gkd18j45nwhgc7t07hm9bf3hsd7kocqbh8v008kkmg2t49k4rwakv0:latest/roc_table.table.json", "_latest_artifact_path": "wandb-client-artifact://24lztk5tectgn2fuvgzq8g7uadtirficj8qdh1xlcu3xjwbr81rmcmshpb3bpo3m6rf3iost88gkd18j45nwhgc7t07hm9bf3hsd7kocqbh8v008kkmg2t49k4rwakv0:latest/roc_table.table.json", "path": "media/table/roc_table_1_19a994dc8ccb334fba08.table.json", "ncols": 3, "nrows": 151}, "_wandb": {"runtime": 20}}