{"roc_table": {"_type": "table-file", "sha256": "b4127585da75ea5b18f5fe58afec8b53b3d23eede2516b50a3fd0289330c4d23", "size": 3522, "artifact_path": "wandb-client-artifact://jh48ywe80ey2vs3ca56sigre1gwss3z19fl8qucak1zsu6rmtoagazbo65ljqlbat1gmvgh7txbazxhi9sdl5bgogn3oz2cgk6aj49dset7wd1hjgmol3o3mvkppz1m6:latest/roc_table.table.json", "_latest_artifact_path": "wandb-client-artifact://jh48ywe80ey2vs3ca56sigre1gwss3z19fl8qucak1zsu6rmtoagazbo65ljqlbat1gmvgh7txbazxhi9sdl5bgogn3oz2cgk6aj49dset7wd1hjgmol3o3mvkppz1m6:latest/roc_table.table.json", "path": "media/table/roc_table_0_b4127585da75ea5b18f5.table.json", "ncols": 3, "nrows": 206}, "_timestamp": 1714047821.36499, "_runtime": 37.55248689651489, "_step": 1, "CV accuracies": [0.9971509971509972, 0.9885714285714285, 0.9942857142857143, 0.9971428571428571, 0.9942857142857143], "Average CV accuracy": 0.9942873422873424, "Average CV F1": 0.9917557766908416, "Test set F1": 0.9980582524271845, "Test set accuracy": 0.9986595174262735, "_wandb": {"runtime": 36}}